"week_end","geography","county","percent_visits_combined","percent_visits_covid","percent_visits_influenza","percent_visits_rsv"
"2022-10-01","Arizona","All","2","1.63","0.17","0.21"
"2022-10-01","Arkansas","All","2.36","0.98","0.3","1.12"
"2022-10-01","Connecticut","All","3.68","3.37","0.11","0.2"
"2022-10-01","Delaware","All","3.63","2.68","0.08","0.88"
"2022-10-01","District of Columbia","All","3.12","1.75","0.1","1.28"
"2022-10-01","Maine","All","4.28","4.04","0.03","0.21"
"2022-10-01","Missouri","All",,"0.05","0","0.02"
"2022-10-01","New Mexico","All","2.44","2.13","0.13","0.18"
"2022-10-01","Pennsylvania","All","2.6","2.18","0.12","0.33"
"2022-10-01","Rhode Island","All","2.79","2.48","0.08","0.24"
"2022-10-01","Wisconsin","All","2.25","2.06","0.03","0.16"
"2022-10-08","Colorado","All","1.82","1.54","0.09","0.2"
"2022-10-08","Connecticut","All","3.86","3.33","0.21","0.33"
"2022-10-08","District of Columbia","All","3.28","1.44","0.22","1.64"
"2022-10-08","Florida","All","2.24","1.14","0.65","0.47"
"2022-10-08","Hawaii","All","4.94","2.48","1.44","1.07"
"2022-10-08","Illinois","All","3.19","1.8","0.23","1.18"
"2022-10-08","Iowa","All","3.25","2.61","0.24","0.47"
"2022-10-08","Montana","All","2.74","2.58","0.03","0.13"
"2022-10-08","Nevada","All","1.79","1.31","0.21","0.28"
"2022-10-08","New Jersey","All","3.21","2.58","0.3","0.35"
"2022-10-08","New York","All","2.47","2.18","0.09","0.21"
"2022-10-08","Oregon","All","2.24","2.1","0.08","0.06"
"2022-10-08","Pennsylvania","All","2.58","2.01","0.1","0.49"
"2022-10-08","Vermont","All","4.8","4.15","0.04","0.61"
"2022-10-08","Wyoming","All","2.53","2.19","0.28","0.06"
"2022-10-15","Alaska","All","2.19","1.48","0.32","0.38"
"2022-10-15","Connecticut","All","3.78","3.09","0.28","0.42"
"2022-10-15","Delaware","All","4.5","2.26","0.28","2.02"
"2022-10-15","District of Columbia","All","3.27","1.23","0.29","1.78"
"2022-10-15","Georgia","All","3","0.48","2.16","0.4"
"2022-10-15","Illinois","All","3.84","1.91","0.38","1.59"
"2022-10-15","Missouri","All",,"0.03","0","0.03"
"2022-10-15","Montana","All","2.61","2.47","0.03","0.12"
"2022-10-15","Nevada","All","1.96","1.41","0.19","0.39"
"2022-10-15","Ohio","All","2.57","1.81","0.26","0.52"
"2022-10-15","Pennsylvania","All","2.8","1.88","0.21","0.73"
"2022-10-15","United States","All","3.24","1.63","0.9","0.73"
"2022-10-15","Utah","All","2.14","1.77","0.12","0.26"
"2022-10-22","Arkansas","All","3.67","1.01","1.73","0.96"
"2022-10-22","California","All","2.31","1.06","0.66","0.61"
"2022-10-22","Delaware","All","4.61","1.74","0.54","2.37"
"2022-10-22","Indiana","All","4.18","1.9","0.66","1.65"
"2022-10-22","Kansas","All","2.72","1.51","0.48","0.76"
"2022-10-22","Kentucky","All","3.76","1.63","0.77","1.39"
"2022-10-22","Massachusetts","All","4.09","2.6","0.17","1.37"
"2022-10-22","Michigan","All","3.98","2.96","0.13","0.91"
"2022-10-22","New Hampshire","All",,"2.8","0.16","0.64"
"2022-10-22","New Mexico","All","4.3","3.31","0.19","0.83"
"2022-10-22","North Carolina","All","6.04","1.72","3.05","1.37"
"2022-10-22","Rhode Island","All","2.68","1.86","0.14","0.7"
"2022-10-29","Arkansas","All","5.34","0.81","3.38","1.24"
"2022-10-29","California","All","2.95","1.11","1.02","0.83"
"2022-10-29","Georgia","All","5.33","0.55","4.57","0.25"
"2022-10-29","Hawaii","All","5.91","2.27","2.74","0.94"
"2022-10-29","Iowa","All","3.98","2.53","0.36","1.17"
"2022-10-29","Kentucky","All","5.84","2","2.25","1.66"
"2022-10-29","Louisiana","All","7.74","0.79","6.42","0.59"
"2022-10-29","Massachusetts","All","4.71","2.45","0.28","2.03"
"2022-10-29","Michigan","All","4.34","2.81","0.19","1.37"
"2022-10-29","New Hampshire","All",,"2.69","0.38","1.11"
"2022-10-29","North Carolina","All","9.8","1.71","6.83","1.43"
"2022-10-29","Oklahoma","All","2.98","1.17","0.75","1.05"
"2022-10-29","Texas","All","5.97","0.7","4.28","1.08"
"2022-10-29","Virginia","All","8.36","1.95","5.4","1.11"
"2022-10-29","West Virginia","All","6.65","1.8","2.18","2.79"
"2022-10-29","Wyoming","All","3.8","2.56","0.73","0.54"
"2022-11-05","Alaska","All","5.33","1.7","1.94","1.75"
"2022-11-05","District of Columbia","All","7.43","1.93","3.68","2"
"2022-11-05","Idaho","All","3.33","2.03","0.41","0.96"
"2022-11-05","Iowa","All","4.75","2.66","0.54","1.63"
"2022-11-05","Kansas","All","5.2","1.85","1.81","1.59"
"2022-11-05","Kentucky","All","8.14","1.87","4.7","1.7"
"2022-11-05","Michigan","All","4.93","2.68","0.34","1.95"
"2022-11-05","Minnesota","All","7.38","2.47","3.13","1.87"
"2022-11-05","Missouri","All",,"0.05","0.02","0.05"
"2022-11-05","Nebraska","All","4.82","1.89","1.31","1.71"
"2022-11-05","North Carolina","All","12.77","1.69","9.99","1.3"
"2022-11-05","Ohio","All","5.8","2.05","2.49","1.23"
"2022-11-05","Pennsylvania","All","5.07","1.99","1.63","1.51"
"2022-11-05","South Dakota","All",,"2.04","0.46","0.83"
"2022-11-05","Vermont","All","4.62","2.56","0.29","1.86"
"2022-11-05","Wisconsin","All","4.08","2.15","0.64","1.32"
"2022-11-12","Arizona","All","7.23","3.92","2.12","1.31"
"2022-11-12","Connecticut","All","5.84","2.31","2.75","0.84"
"2022-11-12","Florida","All","5.04","1.23","3.36","0.49"
"2022-11-12","Georgia","All","4.71","0.67","3.89","0.19"
"2022-11-12","Minnesota","All","9.31","2.38","5.14","1.98"
"2022-11-12","Mississippi","All","10.62","0.73","9.72","0.26"
"2022-11-12","Montana","All","3.76","2.14","1.01","0.66"
"2022-11-12","Nevada","All","5.37","2.14","1.82","1.53"
"2022-11-12","North Carolina","All","11.79","1.55","9.28","1.2"
"2022-11-12","South Dakota","All",,"2.02","0.77","1.32"
"2022-11-12","Utah","All","6.41","3.32","1.21","1.99"
"2022-11-19","Alabama","All","7.38","0.98","6.15","0.31"
"2022-11-19","Arkansas","All","7.53","0.79","6.26","0.58"
"2022-11-19","Delaware","All","7.49","1.33","5.01","1.2"
"2022-11-19","Hawaii","All","4.14","2.19","1.49","0.51"
"2022-11-19","Illinois","All","9.58","2.41","5.96","1.36"
"2022-11-19","Louisiana","All","6.85","0.94","5.46","0.49"
"2022-11-19","Maryland","All","8.78","1.96","5.51","1.46"
"2022-11-19","Michigan","All","5.3","2.31","0.95","2.11"
"2022-11-19","Nebraska","All","6.63","2.34","2.84","1.54"
"2022-11-19","New Mexico","All","11.74","5.09","3.35","3.51"
"2022-11-19","New York","All","5.13","2.01","2.18","1.01"
"2022-11-19","Pennsylvania","All","5.51","1.57","2.86","1.15"
"2022-11-19","Rhode Island","All","3.92","1.64","1.34","0.98"
"2022-11-19","South Carolina","All","7.39","1.17","5.83","0.46"
"2022-11-19","Tennessee","All","8.32","1.27","6.6","0.54"
"2022-11-19","Utah","All","8.2","3.66","2.23","2.46"
"2022-11-26","Alaska","All","13.05","1.78","8.67","2.8"
"2022-11-26","Hawaii","All","4.61","2.2","2.35","0.13"
"2022-11-26","Idaho","All","10.52","3.24","4.72","2.74"
"2022-11-26","Indiana","All","14.2","2.8","10.54","0.98"
"2022-11-26","Kansas","All","11.61","2.4","7.94","1.42"
"2022-11-26","North Carolina","All","11.66","1.87","9.24","0.74"
"2022-11-26","Oregon","All","14.04","2.79","9.57","1.96"
"2022-11-26","Tennessee","All","12.25","1.75","10.16","0.47"
"2022-11-26","Virginia","All","11.53","2.1","9.04","0.52"
"2022-11-26","Washington","All","15.98","2.65","11.35","2.37"
"2022-11-26","Wisconsin","All","8.06","2.29","4.39","1.53"
"2022-12-03","Arkansas","All","8.82","1.76","6.8","0.47"
"2022-12-03","California","All","9.78","3.16","5.87","0.95"
"2022-12-03","Hawaii","All","4.51","2.27","2.06","0.22"
"2022-12-03","Kentucky","All","13.39","2.33","10.59","0.73"
"2022-12-03","Montana","All","8.58","2.61","4.88","1.23"
"2022-12-03","Nevada","All","10.02","2.87","5.91","1.47"
"2022-12-03","New York","All","8.02","2.68","4.93","0.55"
"2022-12-03","Oklahoma","All","10.86","2.66","7.64","0.72"
"2022-12-03","South Dakota","All",,"1.66","3.88","1.38"
"2022-12-03","West Virginia","All","10.93","1.86","8.06","1.18"
"2022-12-10","Alabama","All","5.52","2.35","3.03","0.21"
"2022-12-10","Alaska","All","13.5","1.67","10.16","1.99"
"2022-12-10","Arizona","All","12.19","5.14","6.3","1.03"
"2022-12-10","District of Columbia","All","7.56","3.34","3.77","0.61"
"2022-12-10","Florida","All","5.57","2.08","3.28","0.27"
"2022-12-10","Georgia","All","3.64","1.67","1.86","0.15"
"2022-12-10","Illinois","All","11.97","3.75","7.81","0.61"
"2022-12-10","Iowa","All","10.82","3.33","6.11","1.62"
"2022-12-10","Nebraska","All","10.88","3.13","7.14","0.91"
"2022-12-10","Nevada","All","9.56","2.62","5.97","1.13"
"2022-12-10","New Jersey","All","9.74","3.01","6.46","0.45"
"2022-12-10","New Mexico","All","17.75","4.07","12.34","1.77"
"2022-12-10","New York","All","8.29","2.77","5.24","0.42"
"2022-12-10","Ohio","All","10.8","2.93","7.35","0.55"
"2022-12-10","Oklahoma","All","11.83","2.91","8.49","0.55"
"2022-12-10","Oregon","All","14.13","2.86","9.99","1.58"
"2022-12-10","Utah","All","12.4","3.82","5.66","3.3"
"2022-12-10","Vermont","All","10.9","2.48","7.02","1.58"
"2022-12-17","Idaho","All","12.58","2.3","8.34","2.2"
"2022-12-17","Missouri","All",,"0.09","0.19","0.03"
"2022-12-17","New Jersey","All","8.11","3.16","4.71","0.36"
"2022-12-17","New York","All","8.11","2.84","5.09","0.3"
"2022-12-17","Pennsylvania","All","7.95","2.49","5.23","0.35"
"2022-12-17","South Dakota","All",,"1.58","5.48","1.38"
"2022-12-17","Tennessee","All","6.66","2.7","3.79","0.28"
"2022-12-17","Texas","All","7.37","2.52","4.49","0.5"
"2022-12-17","Virginia","All","7.66","3.75","3.63","0.37"
"2022-12-24","Alaska","All","8.72","1.76","5.6","1.53"
"2022-12-24","California","All","7.72","3.21","3.9","0.64"
"2022-12-24","Colorado","All","8.76","2.25","5.73","0.93"
"2022-12-24","Delaware","All","8.97","3.34","5.38","0.36"
"2022-12-24","Kansas","All","9.97","3.15","6.22","0.8"
"2022-12-24","Massachusetts","All","12.12","4.55","7.41","0.41"
"2022-12-24","Minnesota","All","8.32","2.96","4.22","1.34"
"2022-12-24","Mississippi","All","5.64","3.34","2.27","0.14"
"2022-12-24","Missouri","All",,"0.1","0.25","0.01"
"2022-12-24","Montana","All","10.96","2.68","6.46","2.11"
"2022-12-24","Nebraska","All","9.12","2.57","6.2","0.54"
"2022-12-24","Oklahoma","All","9.16","3.04","5.78","0.45"
"2022-12-24","Oregon","All","10.02","2.58","6.42","1.23"
"2022-12-24","Pennsylvania","All","7.57","2.67","4.74","0.28"
"2022-12-24","South Carolina","All","6.95","4.67","2.14","0.22"
"2022-12-24","Vermont","All","13.28","3.04","9.1","1.34"
"2022-12-24","Wisconsin","All","8.79","2.62","5.79","0.55"
"2022-12-31","Connecticut","All","8.96","5.46","3.46","0.13"
"2022-12-31","District of Columbia","All","7.19","5.27","1.55","0.5"
"2022-12-31","Iowa","All","9.53","3.3","5.84","0.7"
"2022-12-31","Kansas","All","8.02","3.08","4.44","0.64"
"2022-12-31","Louisiana","All","6.7","3.99","2.64","0.18"
"2022-12-31","Mississippi","All","7.43","5.15","2.3","0.13"
"2022-12-31","New York","All","6.89","3.46","3.34","0.2"
"2022-12-31","Ohio","All","7.46","3.25","4","0.25"
"2022-12-31","Tennessee","All","6.33","3.83","2.31","0.31"
"2022-12-31","Vermont","All","10.92","2.85","7.18","1.06"
"2022-12-31","Washington","All","7.59","2.97","3.74","1.01"
"2023-01-07","Connecticut","All","6.67","4.73","1.87","0.12"
"2023-01-07","Florida","All","6.28","3.44","2.71","0.22"
"2023-01-07","Kansas","All","5.16","2.49","2.27","0.49"
"2023-01-07","Kentucky","All","4.33","2.93","1.08","0.36"
"2023-01-07","Massachusetts","All","8.11","4.87","3.09","0.27"
"2023-01-07","North Dakota","All","7.75","2.11","4.41","1.32"
"2023-01-07","Oregon","All","4.85","2.3","1.63","0.99"
"2023-01-07","Pennsylvania","All","4.82","2.74","1.95","0.21"
"2023-01-07","Vermont","All","6.83","2.78","3.16","1.02"
"2023-01-07","West Virginia","All","6.67","4.29","2.12","0.36"
"2023-01-07","Wisconsin","All","5.1","2.34","2.43","0.37"
"2023-01-14","Alaska","All","4.58","2.1","1.54","1.02"
"2023-01-14","Arkansas","All","3","2.12","0.81","0.15"
"2023-01-14","California","All","2.8","1.95","0.56","0.33"
"2023-01-14","Idaho","All","3.56","1.62","1.26","0.73"
"2023-01-14","Kentucky","All","3.31","2.56","0.54","0.26"
"2023-01-14","Massachusetts","All","5.73","4.2","1.36","0.22"
"2023-01-14","New York","All","3.39","2.54","0.76","0.12"
"2023-01-14","South Carolina","All","4.6","3.54","0.99","0.1"
"2023-01-14","South Dakota","All",,"1.02","0.96","0.6"
"2023-01-14","Texas","All","3.95","2.64","1.16","0.22"
"2023-01-14","Wyoming","All","4.07","1.62","1.82","0.63"
"2023-01-21","Alaska","All","4.24","2.38","0.85","1.11"
"2023-01-21","California","All","2.04","1.51","0.3","0.25"
"2023-01-21","Colorado","All","2.34","1.37","0.64","0.35"
"2023-01-21","District of Columbia","All","3.65","3.02","0.39","0.27"
"2023-01-21","Florida","All","4.26","2.61","1.56","0.14"
"2023-01-21","Idaho","All","2.6","1.48","0.65","0.49"
"2023-01-21","Indiana","All","2.64","1.89","0.62","0.16"
"2023-01-21","Kansas","All","2.75","1.75","0.76","0.27"
"2023-01-21","Louisiana","All","3.68","2.83","0.78","0.12"
"2023-01-21","Maine","All","3.74","2.6","0.94","0.23"
"2023-01-21","Minnesota","All","3.38","2.26","0.6","0.55"
"2023-01-21","Missouri","All",,"0.05","0.01","0.01"
"2023-01-21","Nevada","All","1.92","1.19","0.45","0.31"
"2023-01-21","New Hampshire","All",,"2.41","1.07","0.14"
"2023-01-21","New Jersey","All","3.64","3","0.54","0.13"
"2023-01-21","North Carolina","All","4.45","3.44","0.97","0.13"
"2023-01-21","Vermont","All","4.6","3.09","0.97","0.62"
"2023-01-21","West Virginia","All","3.5","2.81","0.51","0.21"
"2023-01-21","Wisconsin","All","2.57","1.72","0.68","0.19"
"2023-01-28","Arizona","All","2.21","1.52","0.5","0.24"
"2023-01-28","California","All","1.89","1.48","0.24","0.18"
"2023-01-28","Connecticut","All","3.14","2.78","0.33","0.04"
"2023-01-28","Idaho","All","2.48","1.67","0.31","0.52"
"2023-01-28","Iowa","All","3.42","2.37","0.77","0.38"
"2023-01-28","Kentucky","All","2.63","2.18","0.29","0.17"
"2023-01-28","Missouri","All",,"0.08","0.01","0.01"
"2023-01-28","Nevada","All","1.72","1.21","0.31","0.23"
"2023-01-28","New Mexico","All","2.45","1.63","0.56","0.33"
"2023-01-28","Texas","All","2.95","2.12","0.73","0.14"
"2023-01-28","Washington","All","3.16","2.6","0.3","0.28"
"2023-01-28","Wyoming","All","2.33","1.62","0.32","0.39"
"2023-02-04","Alabama","All","3.31","2.82","0.43","0.09"
"2023-02-04","Colorado","All","2.22","1.51","0.48","0.26"
"2023-02-04","District of Columbia","All","2.3","2.02","0.22","0.07"
"2023-02-04","Illinois","All","2.26","1.92","0.23","0.12"
"2023-02-04","Iowa","All","3.12","2.44","0.47","0.26"
"2023-02-04","Kansas","All","1.99","1.51","0.34","0.15"
"2023-02-04","Minnesota","All","3.18","2.57","0.29","0.38"
"2023-02-04","Nebraska","All","1.42","1.09","0.2","0.14"
"2023-02-04","New Hampshire","All",,"2.29","0.26","0.18"
"2023-02-04","New Jersey","All","2.92","2.48","0.36","0.11"
"2023-02-04","Ohio","All","1.89","1.55","0.28","0.06"
"2023-02-04","South Carolina","All","3.17","2.5","0.65","0.05"
"2023-02-04","Vermont","All","4.21","3.67","0.2","0.38"
"2023-02-11","Alaska","All","3.82","2.54","0.58","0.72"
"2023-02-11","Arkansas","All","1.63","1.09","0.5","0.07"
"2023-02-11","Kentucky","All","2.61","2.19","0.3","0.15"
"2023-02-11","New Hampshire","All",,"1.72","0.24","0.09"
"2023-02-11","Oklahoma","All","1.97","1.61","0.2","0.16"
"2023-02-11","Utah","All","2.47","1.97","0.33","0.18"
"2023-02-11","West Virginia","All","2.83","2.36","0.3","0.18"
"2023-02-11","Wisconsin","All","2.05","1.73","0.24","0.09"
"2023-02-18","Arkansas","All","1.62","1.1","0.46","0.1"
"2023-02-18","Idaho","All","2.76","2.3","0.21","0.26"
"2023-02-18","Kentucky","All","2.49","2.12","0.25","0.13"
"2023-02-18","Maine","All","3.56","3.36","0.14","0.07"
"2023-02-18","Missouri","All",,"0.05","0","0.01"
"2023-02-18","North Dakota","All","4.33","3.44","0.63","0.31"
"2023-02-18","Pennsylvania","All","2.09","1.83","0.21","0.06"
"2023-02-18","South Carolina","All","2.19","1.64","0.55","0.03"
"2023-02-18","Tennessee","All","2.49","2.04","0.38","0.1"
"2023-02-18","Utah","All","2.62","2.13","0.31","0.2"
"2023-02-25","California","All","2.01","1.76","0.15","0.09"
"2023-02-25","Colorado","All","2.26","1.9","0.22","0.15"
"2023-02-25","Connecticut","All","1.85","1.6","0.21","0.04"
"2023-02-25","Delaware","All","1.94","1.77","0.11","0.07"
"2023-02-25","Indiana","All","2.22","1.98","0.22","0.04"
"2023-02-25","Iowa","All","2.79","2.43","0.24","0.17"
"2023-02-25","Kentucky","All","2.15","1.85","0.21","0.09"
"2023-02-25","Michigan","All","2.53","2.24","0.25","0.05"
"2023-02-25","New Hampshire","All",,"1.94","0.17","0.09"
"2023-02-25","New Jersey","All","1.71","1.32","0.33","0.07"
"2023-02-25","New Mexico","All","2.22","1.9","0.25","0.1"
"2023-02-25","New York","All","1.59","1.35","0.2","0.05"
"2023-02-25","North Carolina","All","2.81","2.09","0.7","0.06"
"2023-02-25","North Dakota","All","3.27","2.53","0.58","0.18"
"2023-02-25","Oregon","All","2.32","2.04","0.09","0.2"
"2023-02-25","Vermont","All","3.19","2.56","0.34","0.3"
"2023-02-25","West Virginia","All","2.5","2.18","0.24","0.08"
"2023-03-04","Alaska","All","3.28","2.55","0.45","0.3"
"2023-03-04","Georgia","All","1.29","0.88","0.39","0.05"
"2023-03-04","Maryland","All","1.44","1.22","0.19","0.05"
"2023-03-04","Minnesota","All","2.48","2.18","0.21","0.11"
"2023-03-04","Mississippi","All","1.98","1.4","0.52","0.07"
"2023-03-04","Missouri","All",,"0.05","0.01","0"
"2023-03-04","North Carolina","All","2.27","1.65","0.6","0.06"
"2023-03-04","Oregon","All","1.99","1.73","0.13","0.13"
"2023-03-04","Pennsylvania","All","1.5","1.32","0.14","0.04"
"2023-03-04","Vermont","All","2.99","2.41","0.37","0.22"
"2023-03-04","Washington","All","2.62","2.35","0.18","0.11"
"2023-03-04","Wisconsin","All","1.89","1.73","0.1","0.07"
"2023-03-04","Wyoming","All","1.9","1.51","0.23","0.16"
"2023-03-11","Alabama","All","1.29","0.97","0.28","0.05"
"2023-03-11","Alaska","All","3.26","2.37","0.43","0.46"
"2023-03-11","Arkansas","All","1.23","0.81","0.37","0.07"
"2023-03-11","California","All","1.62","1.39","0.14","0.07"
"2023-03-11","Connecticut","All","1.31","1.07","0.23","0.01"
"2023-03-11","Florida","All","1.95","1.27","0.61","0.09"
"2023-03-11","Illinois","All","2.1","1.87","0.17","0.06"
"2023-03-11","Louisiana","All","1.61","1.34","0.24","0.04"
"2023-03-11","Massachusetts","All","1.64","1.39","0.21","0.06"
"2023-03-11","Nevada","All","1.56","1.3","0.24","0.04"
"2023-03-11","New Mexico","All","2.21","1.81","0.31","0.1"
"2023-03-11","Oregon","All","1.73","1.49","0.15","0.1"
"2023-03-11","South Dakota","All",,"0.9","0.38","0.04"
"2023-03-11","Tennessee","All","1.54","1.12","0.32","0.13"
"2023-03-11","Utah","All","2.4","1.98","0.34","0.11"
"2023-03-11","Washington","All","2.38","2.16","0.14","0.1"
"2023-03-18","Alaska","All","2.5","1.96","0.26","0.31"
"2023-03-18","California","All","1.34","1.14","0.13","0.06"
"2023-03-18","District of Columbia","All","1.05","0.7","0.24","0.12"
"2023-03-18","Hawaii","All","2.37","1.8","0.57","0.02"
"2023-03-18","Maryland","All","1.06","0.85","0.18","0.04"
"2023-03-18","Missouri","All",,"0.04","0","0"
"2023-03-18","Nevada","All","1.33","1.15","0.12","0.07"
"2023-03-18","North Carolina","All","1.81","1.19","0.6","0.05"
"2023-03-18","Rhode Island","All","0.94","0.8","0.11","0.02"
"2023-03-18","Tennessee","All","1.37","1.03","0.26","0.1"
"2023-03-18","Texas","All","1.47","1.04","0.36","0.09"
"2023-03-18","Utah","All","2.09","1.77","0.21","0.11"
"2023-03-18","Vermont","All","1.65","1.4","0.19","0.08"
"2023-03-18","Virginia","All","1.34","0.98","0.33","0.05"
"2023-03-18","Washington","All","2.22","2.05","0.13","0.07"
"2023-03-18","Wisconsin","All","1.82","1.66","0.12","0.04"
"2023-03-25","Colorado","All","1.67","1.48","0.14","0.05"
"2023-03-25","Kansas","All","1.38","1.23","0.11","0.05"
"2023-03-25","Louisiana","All","1.47","1.18","0.24","0.05"
"2023-03-25","Massachusetts","All","1.34","1.11","0.19","0.05"
"2023-03-25","Michigan","All","2.18","2.01","0.15","0.03"
"2023-03-25","New Hampshire","All",,"0.84","0.14","0.04"
"2023-03-25","North Carolina","All","1.63","1.07","0.54","0.04"
"2023-03-25","South Dakota","All",,"0.98","0.33","0.06"
"2023-03-25","Vermont","All","1.52","1.41","0.08","0.04"
"2023-03-25","Wyoming","All","2.08","1.62","0.17","0.3"
"2023-04-01","Connecticut","All","1.11","0.87","0.22","0.01"
"2023-04-01","Georgia","All","0.81","0.45","0.34","0.03"
"2023-04-01","Iowa","All","2.72","2.4","0.28","0.09"
"2023-04-01","Kansas","All","1.25","1.06","0.16","0.04"
"2023-04-01","Nebraska","All","1.82","1.62","0.17","0.03"
"2023-04-01","Nevada","All","1.18","0.99","0.16","0.04"
"2023-04-01","New Hampshire","All",,"0.84","0.04","0.09"
"2023-04-01","New Mexico","All","2.43","2.15","0.26","0.04"
"2023-04-01","North Carolina","All","1.58","1.04","0.54","0.03"
"2023-04-01","Ohio","All","1.38","1.22","0.15","0.02"
"2023-04-01","South Carolina","All","1.21","0.84","0.35","0.02"
"2023-04-01","Texas","All","1.38","1","0.32","0.07"
"2023-04-01","United States","All","1.4","1.09","0.27","0.04"
"2023-04-01","Utah","All","1.6","1.41","0.19","0.04"
"2023-04-01","Washington","All","1.8","1.67","0.07","0.06"
"2023-04-08","Colorado","All","1.32","1.13","0.14","0.05"
"2023-04-08","Florida","All","1.72","1.14","0.54","0.05"
"2023-04-08","Hawaii","All","4.26","3.53","0.71","0.04"
"2023-04-08","Idaho","All","1.39","1.22","0.15","0.02"
"2023-04-08","Iowa","All","2.31","1.97","0.24","0.17"
"2023-04-08","Massachusetts","All","1.25","1.01","0.2","0.05"
"2023-04-08","Michigan","All","1.8","1.62","0.16","0.03"
"2023-04-08","Missouri","All",,"0.03","0.01","0"
"2023-04-08","New Jersey","All","1","0.45","0.53","0.03"
"2023-04-08","New Mexico","All","2.36","2.12","0.25","0.03"
"2023-04-08","South Dakota","All",,"0.86","0.22","0.04"
"2023-04-08","Texas","All","1.36","0.99","0.33","0.06"
"2023-04-08","United States","All","1.3","1","0.27","0.04"
"2023-04-08","Vermont","All","0.9","0.88","0.02","0"
"2023-04-08","Washington","All","1.71","1.58","0.1","0.04"
"2023-04-08","Wyoming","All","1.7","1.36","0.31","0.07"
"2023-04-15","Alaska","All","1.88","1.46","0.18","0.24"
"2023-04-15","Arizona","All","2.12","1.72","0.39","0.03"
"2023-04-15","Colorado","All","1.29","1.08","0.18","0.03"
"2023-04-15","Connecticut","All","0.75","0.61","0.13","0.01"
"2023-04-15","Delaware","All","0.61","0.51","0.07","0.03"
"2023-04-15","Maine","All","1.28","1.19","0.1","0"
"2023-04-15","Maryland","All","0.65","0.51","0.13","0.02"
"2023-04-15","Nevada","All","1.23","1.04","0.17","0.04"
"2023-04-15","North Dakota","All","1.68","1.64","0.06","0.02"
"2023-04-15","Rhode Island","All","0.74","0.6","0.14","0"
"2023-04-15","Tennessee","All","1.08","0.73","0.29","0.07"
"2023-04-15","Virginia","All","0.94","0.65","0.27","0.02"
"2023-04-15","Wyoming","All","1.5","1.34","0.19","0"
"2023-04-22","Alabama","All","0.9","0.63","0.25","0.03"
"2023-04-22","Arkansas","All","0.69","0.5","0.17","0.03"
"2023-04-22","California","All","0.96","0.83","0.09","0.02"
"2023-04-22","Delaware","All","0.45","0.37","0.04","0.04"
"2023-04-22","District of Columbia","All","0.54","0.4","0.08","0.06"
"2023-04-22","Georgia","All","0.66","0.38","0.27","0.01"
"2023-04-22","Hawaii","All","2.64","2.14","0.49","0.03"
"2023-04-22","Idaho","All","1.02","0.9","0.1","0.03"
"2023-04-22","Illinois","All","1.17","1.02","0.13","0.03"
"2023-04-22","Louisiana","All","1","0.82","0.17","0.01"
"2023-04-22","Maryland","All","0.56","0.4","0.16","0.01"
"2023-04-22","Minnesota","All","1.25","1.02","0.2","0.02"
"2023-04-22","Missouri","All",,"0.03","0.01","0"
"2023-04-22","Montana","All","1.13","0.99","0.07","0.07"
"2023-04-22","Nevada","All","1.06","0.87","0.18","0.02"
"2023-04-22","New Hampshire","All",,"0.81","0.11","0.04"
"2023-04-22","New Mexico","All","2.03","1.82","0.18","0.05"
"2023-04-22","South Dakota","All",,"0.55","0.13","0.02"
"2023-04-22","Tennessee","All","1.01","0.67","0.3","0.06"
"2023-04-22","Virginia","All","0.78","0.55","0.2","0.02"
"2023-04-22","Washington","All","1.4","1.32","0.07","0.02"
"2023-04-22","West Virginia","All","0.75","0.62","0.09","0.04"
"2023-04-29","Arizona","All","1.98","1.47","0.49","0.03"
"2023-04-29","Arkansas","All","0.98","0.8","0.17","0.02"
"2023-04-29","Colorado","All","0.86","0.7","0.13","0.02"
"2023-04-29","Connecticut","All","0.65","0.51","0.14","0.01"
"2023-04-29","Illinois","All","1.05","0.88","0.16","0.02"
"2023-04-29","Massachusetts","All","0.74","0.6","0.12","0.03"
"2023-04-29","Michigan","All","1.09","0.93","0.15","0.02"
"2023-04-29","Missouri","All",,"0.02","0","0"
"2023-04-29","Nebraska","All","0.71","0.6","0.12","0"
"2023-04-29","New Mexico","All","2.19","1.98","0.19","0.02"
"2023-04-29","North Dakota","All","1.37","1.25","0.12","0"
"2023-04-29","Oregon","All","1.11","1.03","0.06","0.02"
"2023-04-29","South Dakota","All",,"0.8","0.32","0"
"2023-04-29","Tennessee","All","1.02","0.62","0.33","0.08"
"2023-04-29","Texas","All","1.11","0.7","0.36","0.07"
"2023-04-29","Vermont","All","0.48","0.42","0.06","0"
"2023-04-29","Wisconsin","All","0.95","0.86","0.09","0.01"
"2023-04-29","Wyoming","All","1.83","1.49","0.35","0.03"
"2023-05-06","Kansas","All","0.53","0.44","0.06","0.02"
"2023-05-06","Maine","All","0.65","0.61","0.04","0.01"
"2023-05-06","Michigan","All","1.08","0.84","0.23","0.02"
"2023-05-06","Minnesota","All","1.13","0.85","0.28","0"
"2023-05-06","Nevada","All","1.01","0.78","0.23","0.01"
"2023-05-06","North Carolina","All","1.01","0.63","0.39","0.01"
"2023-05-06","Oklahoma","All","0.65","0.5","0.11","0.04"
"2023-05-06","Oregon","All","1.03","0.96","0.05","0.02"
"2023-05-06","United States","All","0.95","0.67","0.26","0.03"
"2023-05-06","Vermont","All","0.61","0.51","0.08","0.02"
"2023-05-06","Virginia","All","0.79","0.57","0.2","0.02"
"2023-05-06","West Virginia","All","0.66","0.57","0.08","0.02"
"2023-05-06","Wisconsin","All","0.9","0.83","0.06","0.01"
"2023-05-06","Wyoming","All","1.41","1.19","0.19","0.03"
"2023-05-13","Alaska","All","1.21","0.97","0.19","0.05"
"2023-05-13","California","All","0.93","0.8","0.12","0.01"
"2023-05-13","Idaho","All","0.57","0.45","0.11","0.02"
"2023-05-13","Louisiana","All","0.93","0.71","0.2","0.02"
"2023-05-13","Maine","All","0.62","0.57","0.04","0.01"
"2023-05-13","Massachusetts","All","0.7","0.56","0.13","0.01"
"2023-05-13","Montana","All","0.61","0.56","0.05","0"
"2023-05-13","New Jersey","All","0.57","0.28","0.27","0.02"
"2023-05-13","Texas","All","1","0.6","0.35","0.06"
"2023-05-13","Utah","All","1.09","0.82","0.26","0.03"
"2023-05-13","Washington","All","1.04","0.96","0.07","0.01"
"2023-05-13","Wyoming","All","1.48","1.06","0.42","0.03"
"2023-05-20","Alaska","All","0.94","0.82","0.08","0.05"
"2023-05-20","District of Columbia","All","0.63","0.45","0.14","0.04"
"2023-05-20","Florida","All","1.74","0.87","0.82","0.06"
"2023-05-20","Hawaii","All","2.11","1.68","0.39","0.05"
"2023-05-20","Idaho","All","0.69","0.62","0.06","0.03"
"2023-05-20","Indiana","All","0.54","0.4","0.11","0.03"
"2023-05-20","New Hampshire","All",,"0.44","0.08","0.03"
"2023-05-20","New Jersey","All","0.5","0.3","0.2","0.01"
"2023-05-20","New York","All","0.57","0.38","0.18","0.01"
"2023-05-20","Pennsylvania","All","0.39","0.28","0.1","0.01"
"2023-05-20","Rhode Island","All","0.5","0.41","0.07","0.02"
"2023-05-20","Utah","All","1.07","0.74","0.31","0.02"
"2023-05-27","Alabama","All","0.79","0.54","0.24","0.03"
"2023-05-27","Connecticut","All","0.71","0.58","0.12","0"
"2023-05-27","Hawaii","All","2.51","1.92","0.6","0.03"
"2023-05-27","Illinois","All","0.69","0.53","0.15","0.01"
"2023-05-27","Iowa","All","1.08","0.81","0.25","0.06"
"2023-05-27","Kansas","All","0.34","0.27","0.06","0.01"
"2023-05-27","Kentucky","All","0.69","0.51","0.17","0.02"
"2023-05-27","Missouri","All",,"0.01","0","0"
"2023-05-27","New Hampshire","All",,"0.47","0.12","0.02"
"2023-05-27","New Jersey","All","0.6","0.38","0.21","0.02"
"2023-05-27","North Dakota","All","0.66","0.55","0.11","0"
"2023-05-27","Oklahoma","All","0.29","0.27","0.02","0"
"2023-05-27","Tennessee","All","0.85","0.45","0.36","0.05"
"2023-05-27","Texas","All","0.91","0.51","0.34","0.07"
"2023-05-27","West Virginia","All","0.58","0.45","0.1","0.02"
"2023-06-03","Alaska","All","2.04","1.26","0.7","0.09"
"2023-06-03","Illinois","All","0.7","0.56","0.13","0.02"
"2023-06-03","Iowa","All","1.04","0.85","0.17","0.05"
"2023-06-03","Maryland","All","0.59","0.44","0.15","0.01"
"2023-06-03","Massachusetts","All","0.85","0.69","0.16","0.01"
"2023-06-03","Michigan","All","0.76","0.54","0.22","0.01"
"2023-06-03","Minnesota","All","0.49","0.33","0.14","0.03"
"2023-06-03","New Jersey","All","0.55","0.36","0.2","0"
"2023-06-03","Texas","All","0.88","0.49","0.35","0.05"
"2023-06-03","Wyoming","All","0.88","0.82","0.06","0.03"
"2023-06-10","Alaska","All","2.01","1.21","0.78","0.04"
"2023-06-10","District of Columbia","All","0.64","0.49","0.1","0.05"
"2023-06-10","Illinois","All","0.53","0.44","0.09","0.01"
"2023-06-10","Louisiana","All","0.8","0.59","0.19","0.02"
"2023-06-10","Maine","All","0.52","0.5","0.01","0"
"2023-06-10","Missouri","All",,"0.01","0","0"
"2023-06-10","New Hampshire","All",,"0.47","0.13","0"
"2023-06-10","New Mexico","All","0.89","0.74","0.15","0.01"
"2023-06-10","Pennsylvania","All","0.35","0.25","0.09","0"
"2023-06-10","South Carolina","All","0.99","0.63","0.34","0.03"
"2023-06-10","Virginia","All","0.65","0.48","0.15","0.02"
"2023-06-10","Washington","All","1.05","0.86","0.19","0.01"
"2023-06-10","Wisconsin","All","0.38","0.33","0.04","0.01"
"2023-06-10","Wyoming","All","0.57","0.45","0.15","0"
"2023-06-17","Alabama","All","0.69","0.45","0.23","0.02"
"2023-06-17","Arizona","All","1.35","0.8","0.56","0.01"
"2023-06-17","California","All","0.78","0.66","0.11","0.01"
"2023-06-17","Delaware","All","0.39","0.36","0.03","0"
"2023-06-17","Florida","All","2.03","1.08","0.89","0.08"
"2023-06-17","Idaho","All","0.42","0.3","0.11","0.01"
"2023-06-17","Louisiana","All","0.75","0.59","0.13","0.04"
"2023-06-17","Maine","All","0.49","0.47","0.02","0.01"
"2023-06-17","Massachusetts","All","0.69","0.59","0.09","0.01"
"2023-06-17","Michigan","All","0.62","0.45","0.17","0.01"
"2023-06-17","New Jersey","All","0.46","0.31","0.15","0.01"
"2023-06-17","New Mexico","All","0.9","0.74","0.15","0.02"
"2023-06-17","Pennsylvania","All","0.34","0.27","0.06","0"
"2023-06-17","South Dakota","All",,"0.18","0.07","0"
"2023-06-17","Tennessee","All","0.54","0.33","0.19","0.03"
"2023-06-17","Utah","All","0.63","0.47","0.15","0.02"
"2023-06-17","Washington","All","0.97","0.79","0.17","0.01"
"2023-06-17","West Virginia","All","0.45","0.36","0.06","0.03"
"2023-06-17","Wisconsin","All","0.36","0.32","0.05","0"
"2023-06-17","Wyoming","All","0.54","0.36","0.18","0"
"2023-06-24","Arizona","All","1.4","0.89","0.51","0.01"
"2023-06-24","District of Columbia","All","0.65","0.5","0.13","0.01"
"2023-06-24","Maine","All","0.32","0.3","0.02","0"
"2023-06-24","Mississippi","All","0.83","0.56","0.26","0.02"
"2023-06-24","Nebraska","All","0.24","0.23","0.01","0"
"2023-06-24","New Mexico","All","0.85","0.69","0.16","0.01"
"2023-06-24","North Carolina","All","0.85","0.52","0.33","0.01"
"2023-06-24","North Dakota","All","0.34","0.23","0.08","0.04"
"2023-06-24","Ohio","All","0.3","0.26","0.04","0"
"2023-06-24","South Carolina","All","0.87","0.6","0.25","0.03"
"2023-06-24","Texas","All","0.71","0.44","0.23","0.06"
"2023-06-24","Wyoming","All","0.67","0.5","0.18","0"
"2023-07-01","Arizona","All","1.32","0.83","0.49","0.01"
"2023-07-01","Arkansas","All","0.44","0.29","0.13","0.02"
"2023-07-01","Connecticut","All","0.46","0.39","0.06","0.01"
"2023-07-01","Delaware","All","0.45","0.41","0.05","0"
"2023-07-01","District of Columbia","All","0.56","0.49","0.04","0.03"
"2023-07-01","Florida","All","2.19","1.34","0.78","0.09"
"2023-07-01","Kansas","All","0.24","0.22","0.02","0"
"2023-07-01","Maine","All","0.38","0.34","0.04","0"
"2023-07-01","Montana","All","0.46","0.4","0.06","0"
"2023-07-01","Ohio","All","0.29","0.25","0.03","0.01"
"2023-07-01","Pennsylvania","All","0.38","0.32","0.06","0.01"
"2023-07-01","Utah","All","0.57","0.43","0.12","0.01"
"2023-07-01","Vermont","All","0.5","0.48","0.02","0"
"2023-07-01","Virginia","All","0.63","0.49","0.12","0.02"
"2023-07-08","Alabama","All","1.03","0.81","0.21","0.02"
"2023-07-08","Delaware","All","0.45","0.38","0.04","0.03"
"2023-07-08","Georgia","All","0.62","0.44","0.16","0.03"
"2023-07-08","Hawaii","All","2.92","2.02","0.88","0.01"
"2023-07-08","Kansas","All","0.31","0.25","0.03","0.03"
"2023-07-08","Minnesota","All","0.36","0.32","0.03","0.01"
"2023-07-08","New Jersey","All","0.43","0.35","0.07","0"
"2023-07-08","New York","All","0.44","0.36","0.08","0.01"
"2023-07-08","North Carolina","All","0.92","0.67","0.26","0.02"
"2023-07-08","North Dakota","All","0.42","0.29","0.11","0.02"
"2023-07-08","Pennsylvania","All","0.34","0.3","0.04","0"
"2023-07-08","Texas","All","0.89","0.65","0.2","0.05"
"2023-07-08","United States","All","0.8","0.61","0.17","0.02"
"2023-07-08","Utah","All","0.72","0.52","0.18","0.01"
"2023-07-08","Wisconsin","All","0.33","0.28","0.04","0.01"
"2023-07-08","Wyoming","All","0.66","0.55","0.14","0"
"2023-07-15","Arizona","All","1.19","0.89","0.31","0.01"
"2023-07-15","Colorado","All","0.55","0.48","0.06","0"
"2023-07-15","Connecticut","All","0.52","0.46","0.06","0"
"2023-07-15","Louisiana","All","1.43","1.27","0.14","0.02"
"2023-07-15","Massachusetts","All","0.58","0.53","0.04","0.01"
"2023-07-15","New York","All","0.48","0.4","0.07","0.01"
"2023-07-15","Oregon","All","0.94","0.89","0.06","0.01"
"2023-07-15","Washington","All","1.15","1.06","0.09","0.01"
"2023-07-15","Wisconsin","All","0.3","0.27","0.03","0.01"
"2023-07-22","Georgia","All","0.89","0.72","0.14","0.03"
"2023-07-22","Illinois","All","0.65","0.58","0.06","0.01"
"2023-07-22","Michigan","All","0.44","0.4","0.04","0"
"2023-07-22","Minnesota","All","0.64","0.54","0.08","0.02"
"2023-07-22","Nebraska","All","0.22","0.18","0.03","0.01"
"2023-07-22","New York","All","0.58","0.51","0.06","0.01"
"2023-07-22","North Dakota","All","0.54","0.5","0.04","0.02"
"2023-07-22","South Carolina","All","1.12","0.97","0.15","0.02"
"2023-07-22","Tennessee","All","0.92","0.77","0.14","0.02"
"2023-07-22","Utah","All","0.77","0.65","0.11","0.02"
"2023-07-22","Wisconsin","All","0.41","0.38","0.02","0"
"2023-07-29","Arizona","All","1.11","0.96","0.14","0.02"
"2023-07-29","Colorado","All","0.7","0.63","0.05","0.02"
"2023-07-29","Connecticut","All","0.81","0.75","0.05","0"
"2023-07-29","Idaho","All","0.54","0.49","0.05","0.01"
"2023-07-29","Maryland","All","1.02","0.93","0.07","0.02"
"2023-07-29","Massachusetts","All","0.9","0.85","0.05","0.01"
"2023-07-29","Minnesota","All","0.7","0.64","0.06","0.01"
"2023-07-29","Ohio","All","0.58","0.52","0.04","0.01"
"2023-07-29","Oklahoma","All","0.7","0.63","0.05","0.01"
"2023-07-29","South Dakota","All",,"0.2","0","0"
"2023-07-29","Tennessee","All","1.23","1.03","0.17","0.05"
"2023-07-29","United States","All","1.21","1.04","0.15","0.03"
"2023-07-29","Wyoming","All","0.86","0.63","0.22","0"
"2023-08-05","Arkansas","All","1.17","0.99","0.17","0.03"
"2023-08-05","Delaware","All","1.12","1.04","0.05","0.03"
"2023-08-05","District of Columbia","All","1.08","1","0.05","0.03"
"2023-08-05","Hawaii","All","4.69","3.46","1.22","0.05"
"2023-08-05","Iowa","All","1.31","1.12","0.18","0.02"
"2023-08-05","Maine","All","0.76","0.71","0.04","0.01"
"2023-08-05","Minnesota","All","0.89","0.8","0.09","0.01"
"2023-08-05","New Jersey","All","0.9","0.78","0.1","0.03"
"2023-08-05","Ohio","All","0.71","0.66","0.04","0.01"
"2023-08-05","Rhode Island","All","0.6","0.56","0.03","0"
"2023-08-05","South Dakota","All",,"0.41","0","0"
"2023-08-05","Vermont","All","1.27","1.25","0.02","0"
"2023-08-12","Illinois","All","1.21","1.13","0.06","0.02"
"2023-08-12","Indiana","All","1.13","1.05","0.07","0.02"
"2023-08-12","Louisiana","All","2.95","2.78","0.14","0.04"
"2023-08-12","Massachusetts","All","1.38","1.31","0.06","0.02"
"2023-08-12","Michigan","All","0.9","0.85","0.04","0.01"
"2023-08-12","Nebraska","All","0.69","0.67","0.01","0.01"
"2023-08-12","Oklahoma","All","1.11","1.09","0.03","0"
"2023-08-19","Arizona","All","1.88","1.76","0.11","0.02"
"2023-08-19","District of Columbia","All","1.71","1.52","0.12","0.07"
"2023-08-19","Idaho","All","1.3","1.26","0.03","0"
"2023-08-19","Iowa","All","2.02","1.82","0.2","0.03"
"2023-08-19","Louisiana","All","3.7","3.44","0.22","0.06"
"2023-08-19","Mississippi","All","4.32","3.72","0.53","0.12"
"2023-08-19","Nevada","All","1.94","1.76","0.18","0.01"
"2023-08-19","Rhode Island","All","0.93","0.86","0.09","0"
"2023-08-19","South Dakota","All",,"0.98","0.06","0"
"2023-08-26","Arkansas","All","2.85","2.6","0.24","0.04"
"2023-08-26","Colorado","All","1.49","1.42","0.07","0"
"2023-08-26","Delaware","All","1.2","1.16","0.02","0.03"
"2023-08-26","Kentucky","All","2.61","2.4","0.17","0.06"
"2023-08-26","North Carolina","All","3.39","2.99","0.45","0.03"
"2023-08-26","United States","All","2.66","2.41","0.22","0.05"
"2023-08-26","Utah","All","1.39","1.31","0.07","0.02"
"2023-08-26","Wisconsin","All","1.08","1.04","0.03","0.01"
"2023-09-02","Colorado","All","1.66","1.59","0.07","0"
"2023-09-02","Indiana","All","1.98","1.87","0.06","0.04"
"2023-09-02","Kentucky","All","2.88","2.65","0.17","0.08"
"2023-09-02","Mississippi","All","3.65","3.17","0.4","0.12"
"2023-09-02","Nebraska","All","1.06","0.99","0.06","0.01"
"2023-09-02","Oklahoma","All","1.77","1.69","0.07","0.03"
"2023-09-02","Tennessee","All","3.19","2.84","0.28","0.1"
"2023-09-02","Washington","All","2.83","2.74","0.1","0.01"
"2023-09-02","West Virginia","All","2.56","2.45","0.08","0.04"
"2023-09-02","Wisconsin","All","1.26","1.22","0.03","0.01"
"2023-09-09","Alabama","All","4","3.5","0.42","0.1"
"2023-09-09","California","All","2.64","2.55","0.1","0.03"
"2023-09-09","Colorado","All","1.88","1.77","0.1","0.02"
"2023-09-09","District of Columbia","All","2.99","2.74","0.09","0.19"
"2023-09-09","Florida","All","4.43","3.33","0.88","0.28"
"2023-09-09","Illinois","All","2.12","1.99","0.09","0.05"
"2023-09-09","Kansas","All","2.52","2.43","0.07","0.02"
"2023-09-09","Kentucky","All","2.87","2.65","0.14","0.09"
"2023-09-09","Massachusetts","All","2.34","2.16","0.13","0.07"
"2023-09-09","Michigan","All","2.03","1.96","0.05","0.02"
"2023-09-09","Nebraska","All","1.16","1.07","0.06","0.03"
"2023-09-09","New Hampshire","All",,"1.64","0.08","0.03"
"2023-09-09","North Dakota","All","1.5","1.43","0.02","0.07"
"2023-09-09","Oregon","All","2.82","2.72","0.07","0.04"
"2023-09-09","Pennsylvania","All","1.8","1.71","0.08","0.02"
"2023-09-09","Utah","All","2.27","2.04","0.21","0.03"
"2023-09-09","Vermont","All","2.12","2.11","0.02","0"
"2023-09-09","Washington","All","3.19","3.02","0.16","0.01"
"2023-09-16","Alaska","All","3.24","2.5","0.71","0.05"
"2023-09-16","Connecticut","All","2.42","2.27","0.14","0.01"
"2023-09-16","Indiana","All","1.69","1.55","0.09","0.06"
"2023-09-16","Michigan","All","2.11","2.01","0.09","0.02"
"2023-09-16","Mississippi","All","2.55","1.98","0.42","0.18"
"2023-09-16","Nevada","All","1.86","1.7","0.17","0.03"
"2023-09-16","Ohio","All","1.96","1.84","0.08","0.02"
"2023-09-16","Oklahoma","All","1.93","1.82","0.11","0.01"
"2023-09-16","Texas","All","2.88","2.35","0.4","0.16"
"2023-09-16","Utah","All","2.06","1.93","0.08","0.04"
"2023-09-16","West Virginia","All","2.71","2.59","0.08","0.04"
"2023-09-16","Wisconsin","All","1.46","1.41","0.04","0.01"
"2023-09-23","Alabama","All","2.36","1.83","0.35","0.2"
"2023-09-23","Arizona","All","2.13","1.91","0.19","0.05"
"2023-09-23","Idaho","All","2.34","2.24","0.1","0.01"
"2023-09-23","Iowa","All","2.66","2.44","0.2","0.07"
"2023-09-23","Missouri","All",,"0.11","0","0"
"2023-09-23","Montana","All","2.95","2.82","0.12","0.01"
"2023-09-23","New Mexico","All","2.58","2.39","0.12","0.08"
"2023-09-23","Oregon","All","3.23","3.1","0.1","0.04"
"2023-09-23","South Dakota","All",,"1.5","0.04","0"
"2023-09-23","Virginia","All","2.66","2.33","0.23","0.12"
"2023-09-23","Wisconsin","All","1.99","1.94","0.04","0.02"
"2023-09-30","Arizona","All","2.46","2.24","0.18","0.04"
"2023-09-30","California","All","1.6","1.42","0.12","0.06"
"2023-09-30","Georgia","All","1.62","0.85","0.39","0.4"
"2023-09-30","Idaho","All","2.53","2.34","0.15","0.04"
"2023-09-30","Kentucky","All","2.27","1.9","0.26","0.15"
"2023-09-30","Maryland","All","2.18","1.89","0.12","0.19"
"2023-09-30","Michigan","All","1.98","1.86","0.09","0.04"
"2023-09-30","Minnesota","All","2.39","2.22","0.18","0.01"
"2023-09-30","Mississippi","All","2.56","1.53","0.54","0.52"
"2023-09-30","Missouri","All",,"0.1","0","0.01"
"2023-09-30","Nebraska","All","1","0.96","0.02","0.02"
"2023-09-30","New York","All","2.06","1.91","0.09","0.06"
"2023-09-30","Ohio","All","1.62","1.5","0.09","0.03"
"2023-09-30","Oregon","All","3.45","3.34","0.09","0.02"
"2023-09-30","Pennsylvania","All","1.66","1.55","0.07","0.04"
"2023-09-30","Texas","All","2.17","1.44","0.47","0.29"
"2023-09-30","Vermont","All","2.8","2.69","0.09","0.02"
"2023-09-30","Washington","All","3.02","2.78","0.23","0.03"
"2023-10-07","California","All","1.48","1.25","0.15","0.07"
"2023-10-07","Colorado","All","2.24","2.05","0.15","0.05"
"2023-10-07","Delaware","All","1.99","1.47","0.13","0.4"
"2023-10-07","Georgia","All","1.65","0.7","0.44","0.54"
"2023-10-07","Hawaii","All","5.1","2.29","2.64","0.23"
"2023-10-07","Kansas","All","1.22","1.1","0.1","0.02"
"2023-10-07","Michigan","All","1.64","1.51","0.09","0.05"
"2023-10-07","New Mexico","All","3.04","2.83","0.18","0.08"
"2023-10-07","North Carolina","All","2.9","2.12","0.63","0.2"
"2023-10-07","Oklahoma","All","1.11","0.95","0.07","0.1"
"2023-10-07","South Dakota","All",,"1.4","0.04","0.07"
"2023-10-07","Virginia","All","2.1","1.59","0.29","0.24"
"2023-10-07","Wisconsin","All","1.55","1.45","0.06","0.04"
"2023-10-14","Alaska","All","5.82","1.2","4.52","0.15"
"2023-10-14","Arkansas","All","1.82","1.1","0.56","0.19"
"2023-10-14","California","All","1.43","1.13","0.15","0.12"
"2023-10-14","Connecticut","All","1.82","1.6","0.09","0.13"
"2023-10-14","Illinois","All","1.75","1.31","0.2","0.25"
"2023-10-14","Indiana","All","1.56","1.18","0.18","0.2"
"2023-10-14","Iowa","All","2.35","2.02","0.21","0.15"
"2023-10-14","Louisiana","All","2.25","1.05","0.76","0.47"
"2023-10-14","Maine","All","1.84","1.75","0.06","0.03"
"2023-10-14","Mississippi","All","2.83","1.18","0.84","0.87"
"2023-10-14","Missouri","All",,"0.06","0.01","0.01"
"2023-10-14","North Carolina","All","2.78","1.82","0.74","0.29"
"2023-10-14","Ohio","All","1.37","1.18","0.1","0.06"
"2023-10-14","Pennsylvania","All","1.34","1.15","0.1","0.09"
"2023-10-14","South Dakota","All",,"1.27","0.04","0.04"
"2023-10-14","Wisconsin","All","1.52","1.35","0.09","0.08"
"2023-10-21","Florida","All","4.18","1","2.47","0.77"
"2023-10-21","Kansas","All","1.7","1.53","0.12","0.06"
"2023-10-21","Maryland","All","2.12","1.48","0.14","0.5"
"2023-10-21","Michigan","All","1.67","1.43","0.13","0.12"
"2023-10-21","Nevada","All","2.05","1.66","0.32","0.09"
"2023-10-21","North Carolina","All","2.65","1.56","0.73","0.42"
"2023-10-21","Tennessee","All","2.27","1.11","0.39","0.8"
"2023-10-28","Arkansas","All","2.08","0.94","0.62","0.55"
"2023-10-28","Colorado","All","2.81","2.36","0.39","0.07"
"2023-10-28","Delaware","All","2.66","1.31","0.13","1.23"
"2023-10-28","Hawaii","All","5.96","2.03","3.38","0.59"
"2023-10-28","Indiana","All","1.85","1.37","0.21","0.29"
"2023-10-28","Iowa","All","2.37","2","0.2","0.21"
"2023-10-28","Maryland","All","2.41","1.43","0.2","0.77"
"2023-10-28","Mississippi","All","3.53","1.41","1.2","0.97"
"2023-10-28","Missouri","All",,"0.09","0.01","0.02"
"2023-10-28","New Mexico","All","4.67","4.23","0.27","0.23"
"2023-10-28","North Carolina","All","3.05","1.6","0.91","0.6"
"2023-10-28","North Dakota","All","1.39","1.27","0.02","0.1"
"2023-10-28","Ohio","All","1.76","1.49","0.13","0.14"
"2023-10-28","Pennsylvania","All","1.6","1.25","0.13","0.23"
"2023-10-28","United States","All","2.48","1.36","0.66","0.48"
"2023-11-04","Connecticut","All","2.02","1.49","0.22","0.33"
"2023-11-04","Idaho","All","1.96","1.59","0.28","0.1"
"2023-11-04","Maine","All","1.79","1.59","0.1","0.11"
"2023-11-04","Michigan","All","2.01","1.59","0.18","0.25"
"2023-11-04","Mississippi","All","3.88","1.16","1.64","1.16"
"2023-11-04","Missouri","All",,"0.12","0.01","0.01"
"2023-11-04","New Hampshire","All",,"1.28","0.14","0.3"
"2023-11-04","Ohio","All","1.93","1.59","0.15","0.19"
"2023-11-04","South Dakota","All",,"2.35","0.08","0.06"
"2023-11-11","Alaska","All","7.74","1.03","5.93","0.84"
"2023-11-11","Arkansas","All","3.09","1.29","0.9","0.94"
"2023-11-11","Colorado","All","3.79","2.56","1.06","0.22"
"2023-11-11","Florida","All","5.46","0.82","3.9","0.81"
"2023-11-11","Hawaii","All","5.38","1.9","3","0.54"
"2023-11-11","Massachusetts","All","2.54","1.28","0.32","0.96"
"2023-11-11","Michigan","All","2.38","1.83","0.22","0.34"
"2023-11-11","Minnesota","All","3.33","2.5","0.39","0.47"
"2023-11-11","Nevada","All","2.74","1.66","0.84","0.27"
"2023-11-11","New Jersey","All","2.27","1.06","0.46","0.77"
"2023-11-11","Oregon","All","2.13","1.65","0.24","0.24"
"2023-11-11","South Dakota","All",,"2.56","0.13","0.13"
"2023-11-11","Virginia","All","3.43","1.83","0.79","0.85"
"2023-11-11","Washington","All","2.29","1.42","0.43","0.46"
"2023-11-11","Wyoming","All","3.21","2.63","0.42","0.17"
"2023-11-18","Alaska","All","5.3","0.92","3.38","1.09"
"2023-11-18","Idaho","All","2.85","2.3","0.42","0.15"
"2023-11-18","Indiana","All","3.5","2.32","0.56","0.64"
"2023-11-18","Kentucky","All","4.46","2.47","0.63","1.44"
"2023-11-18","Louisiana","All","6.41","1.03","3.99","1.46"
"2023-11-18","Massachusetts","All","3.11","1.53","0.41","1.21"
"2023-11-18","Missouri","All",,"0.16","0.04","0.06"
"2023-11-18","Nebraska","All","2.46","1.99","0.09","0.38"
"2023-11-18","Nevada","All","3.42","1.79","1.32","0.37"
"2023-11-18","New Mexico","All","5.79","4.58","0.63","0.65"
"2023-11-18","New York","All","2.3","1.15","0.47","0.7"
"2023-11-18","Ohio","All","2.74","2.03","0.31","0.39"
"2023-11-18","Rhode Island","All","2.58","1.3","0.44","0.84"
"2023-11-25","Connecticut","All","3.79","2.18","0.71","0.93"
"2023-11-25","Delaware","All","4.63","1.71","0.67","2.3"
"2023-11-25","District of Columbia","All","3.28","1.1","0.67","1.62"
"2023-11-25","Kansas","All","3.52","2.52","0.61","0.44"
"2023-11-25","Michigan","All","3.94","2.83","0.48","0.68"
"2023-11-25","Nebraska","All","2.85","2.09","0.25","0.54"
"2023-11-25","Nevada","All","3.42","1.47","1.5","0.51"
"2023-11-25","North Carolina","All","6.56","1.86","3.38","1.5"
"2023-11-25","Tennessee","All","4.85","1.89","1.37","1.69"
"2023-11-25","Utah","All","4.49","2.78","1.51","0.28"
"2023-11-25","Vermont","All","4.46","3.13","0.79","0.56"
"2023-12-02","Alabama","All","6.71","1.46","3.94","1.4"
"2023-12-02","California","All","3.52","1.61","1.55","0.67"
"2023-12-02","Delaware","All","4.95","2.22","0.77","2.02"
"2023-12-02","Georgia","All","3.31","0.81","1.99","0.55"
"2023-12-02","Illinois","All","6.06","3.44","1.38","1.32"
"2023-12-02","Indiana","All","5.77","3.5","1.33","1.01"
"2023-12-02","Maine","All","3.83","2.85","0.54","0.46"
"2023-12-02","New Hampshire","All",,"2.05","0.63","0.84"
"2023-12-02","New Jersey","All","3.66","1.64","1.15","0.91"
"2023-12-02","North Carolina","All","7.64","1.98","4.35","1.49"
"2023-12-02","Pennsylvania","All","4.19","2.23","0.98","1.04"
"2023-12-02","Wisconsin","All","4.92","3.51","0.91","0.55"
"2023-12-09","Alabama","All","8.17","1.68","5.46","1.14"
"2023-12-09","Arizona","All","5.31","2.17","2.79","0.45"
"2023-12-09","Arkansas","All","5.34","1.86","1.39","2.14"
"2023-12-09","Kentucky","All","6.33","2.96","1.44","2.04"
"2023-12-09","Mississippi","All","6.67","1.69","4.33","0.75"
"2023-12-09","Nebraska","All","3.93","2.85","0.45","0.63"
"2023-12-09","New Mexico","All","7.69","3.05","3.16","1.67"
"2023-12-09","Rhode Island","All","4.24","1.87","1.1","1.31"
"2023-12-09","Texas","All","6.11","1.54","3.6","1.07"
"2023-12-09","Virginia","All","6.06","2.64","2.57","0.92"
"2023-12-09","Wisconsin","All","5.61","3.34","1.52","0.8"
"2023-12-16","Alaska","All","4.06","1.52","0.76","1.8"
"2023-12-16","Delaware","All","6.04","2.44","2.53","1.15"
"2023-12-16","Idaho","All","4.96","2.6","1.8","0.64"
"2023-12-16","Indiana","All","7.09","3.56","2.53","1.08"
"2023-12-16","Iowa","All","8.42","4.98","2.26","1.34"
"2023-12-16","Louisiana","All","10.27","1.56","7.91","0.93"
"2023-12-16","Massachusetts","All","6.37","2.96","2.18","1.36"
"2023-12-16","New Hampshire","All",,"2.95","1.71","1.65"
"2023-12-16","New Mexico","All","10.52","3.07","5.47","2.24"
"2023-12-16","Oregon","All","3.55","1.61","1.06","0.9"
"2023-12-16","Texas","All","7.62","1.72","5.03","0.98"
"2023-12-16","Utah","All","7.15","2.95","3.54","0.77"
"2023-12-16","Virginia","All","7.71","2.94","4.09","0.79"
"2023-12-16","Wyoming","All","6.3","2.61","3.46","0.39"
"2023-12-23","Arkansas","All","8.25","2.38","3.88","2.16"
"2023-12-23","Connecticut","All","6.97","3.8","2.53","0.74"
"2023-12-23","Louisiana","All","12.83","2.18","10.14","0.7"
"2023-12-23","Minnesota","All","9.09","4.5","2.98","1.83"
"2023-12-23","Mississippi","All","12.55","2.51","9.75","0.48"
"2023-12-23","New Jersey","All","8.35","3.16","4.6","0.73"
"2023-12-23","Ohio","All","7.41","3.74","2.77","0.97"
"2023-12-23","Oklahoma","All","5.98","2.91","1.75","1.4"
"2023-12-23","West Virginia","All","11.06","5.27","3.24","2.8"
"2023-12-30","Alabama","All","14.64","3.61","10.57","0.73"
"2023-12-30","Alaska","All","6.17","3.39","0.63","2.18"
"2023-12-30","Arkansas","All","10.17","3.07","5.43","1.94"
"2023-12-30","Colorado","All","8.43","2.38","5.02","1.19"
"2023-12-30","Kentucky","All","10.94","4","5.69","1.53"
"2023-12-30","Maryland","All","10.68","3.78","6.31","0.85"
"2023-12-30","Minnesota","All","10.06","4.55","3.91","1.81"
"2023-12-30","Montana","All","13.49","3.01","9.96","0.85"
"2023-12-30","New Mexico","All","13.47","2.66","8.28","2.8"
"2023-12-30","North Carolina","All","18.51","3.78","14.02","1.28"
"2023-12-30","Oklahoma","All","7.54","3.43","2.38","1.82"
"2023-12-30","South Carolina","All","15.09","3.22","11.52","0.56"
"2023-12-30","Virginia","All","12.67","4.77","7.46","0.68"
"2024-01-06","Alabama","All","10.53","3.1","7.14","0.46"
"2024-01-06","Arizona","All","8.38","2.78","4.84","1.01"
"2024-01-06","Delaware","All","8.7","3.97","4.15","0.87"
"2024-01-06","District of Columbia","All","6.63","2.78","3.43","0.55"
"2024-01-06","Indiana","All","8.65","3.51","4.25","1.05"
"2024-01-06","Louisiana","All","10.05","2.88","6.89","0.45"
"2024-01-06","Maryland","All","7.75","3.33","3.8","0.77"
"2024-01-06","Minnesota","All","8.21","3.51","3.23","1.64"
"2024-01-06","Mississippi","All","10.2","2.79","7.23","0.32"
"2024-01-06","Missouri","All",,"2.88","2.31","1.44"
"2024-01-06","Montana","All","11.97","3.09","8.36","0.83"
"2024-01-06","Nebraska","All","5.06","2.66","1.59","0.88"
"2024-01-06","North Carolina","All","12.84","3.48","8.8","0.99"
"2024-01-06","Ohio","All","7.21","3.41","3.01","0.88"
"2024-01-06","Oklahoma","All","6.37","2.61","2.52","1.33"
"2024-01-06","Pennsylvania","All","7.57","3.28","3.48","0.93"
"2024-01-06","Tennessee","All","10.02","2.81","6.61","0.84"
"2024-01-06","Utah","All","10.53","3.15","6.01","1.7"
"2024-01-06","West Virginia","All","11.38","4.72","3.76","3.28"
"2024-01-13","Arizona","All","6.56","2.29","3.69","0.72"
"2024-01-13","Connecticut","All","6.03","3.55","2.26","0.3"
"2024-01-13","Delaware","All","7.2","3.49","3.4","0.44"
"2024-01-13","Hawaii","All","5.59","2.57","2.6","0.51"
"2024-01-13","Illinois","All","6.57","3","2.83","0.9"
"2024-01-13","Kansas","All","5.5","2.31","2.19","1.1"
"2024-01-13","Maryland","All","6.35","2.96","3.06","0.48"
"2024-01-13","Michigan","All","6.12","3.08","2.27","0.89"
"2024-01-13","Minnesota","All","7.72","3.19","3.37","1.37"
"2024-01-13","Nebraska","All","4.21","2.11","1.55","0.61"
"2024-01-13","Oklahoma","All","5.74","1.76","2.97","1.11"
"2024-01-13","Texas","All","7.14","2.4","4.46","0.41"
"2024-01-13","Vermont","All","7.07","2.93","2.76","1.68"
"2024-01-20","Colorado","All","5.28","1.61","3.08","0.67"
"2024-01-20","Delaware","All","5.88","2.55","3.03","0.46"
"2024-01-20","District of Columbia","All","5.18","2.64","2.44","0.22"
"2024-01-20","Hawaii","All","5.34","2.44","2.69","0.29"
"2024-01-20","Idaho","All","4.96","1.88","2.18","1"
"2024-01-20","Kansas","All","4.55","1.88","2.04","0.73"
"2024-01-20","Louisiana","All","6.78","2.81","3.86","0.21"
"2024-01-20","Mississippi","All","7.82","2.62","5.13","0.21"
"2024-01-20","Nevada","All","4.31","1.36","2.42","0.59"
"2024-01-20","New York","All","5.14","2.27","2.59","0.37"
"2024-01-20","North Dakota","All","5.66","1.77","3","0.94"
"2024-01-20","Ohio","All","5.84","2","3.38","0.48"
"2024-01-20","South Carolina","All","6.73","2.79","3.76","0.26"
"2024-01-20","South Dakota","All",,"1.84","1.77","0.85"
"2024-01-20","Virginia","All","6.01","2.62","3.23","0.25"
"2024-01-20","Wisconsin","All","5.55","2.14","2.54","0.98"
"2024-01-20","Wyoming","All","7.13","2.06","4.49","0.78"
"2024-01-27","Alabama","All","6.89","2.64","4.08","0.25"
"2024-01-27","Arizona","All","5.71","2","3.21","0.67"
"2024-01-27","Arkansas","All","8.95","1.85","6.88","0.46"
"2024-01-27","Colorado","All","4.82","1.32","2.97","0.63"
"2024-01-27","Delaware","All","4.86","1.98","2.61","0.32"
"2024-01-27","Kentucky","All","7.24","2.05","4.83","0.49"
"2024-01-27","Nevada","All","3.89","1.21","2.21","0.54"
"2024-01-27","Oregon","All","3.38","1.58","1.34","0.54"
"2024-01-27","South Carolina","All","7.12","3.11","3.86","0.22"
"2024-01-27","Utah","All","6.09","1.67","3.21","1.34"
"2024-01-27","Wisconsin","All","5.57","2.05","2.8","0.83"
"2024-02-03","Alabama","All","5.9","2.52","3.32","0.16"
"2024-02-03","Arizona","All","4.69","1.82","2.32","0.66"
"2024-02-03","Delaware","All","4.95","2.09","2.73","0.2"
"2024-02-03","District of Columbia","All","3.35","1.7","1.48","0.21"
"2024-02-03","Idaho","All","4.52","1.51","2.37","0.75"
"2024-02-03","Illinois","All","4.69","1.72","2.58","0.45"
"2024-02-03","Kentucky","All","6.93","2.06","4.62","0.36"
"2024-02-03","Maryland","All","3.78","1.63","2.04","0.16"
"2024-02-03","Massachusetts","All","4.96","1.95","2.78","0.31"
"2024-02-03","Mississippi","All","5.11","2.46","2.63","0.08"
"2024-02-03","New Hampshire","All",,"2.02","2.58","0.43"
"2024-02-03","Oregon","All","3.26","1.64","1.14","0.52"
"2024-02-03","South Carolina","All","6.37","3.1","3.17","0.19"
"2024-02-03","South Dakota","All",,"1.75","2.73","1.28"
"2024-02-03","Vermont","All","5.9","2.45","2","1.52"
"2024-02-10","Illinois","All","5.05","1.91","2.78","0.43"
"2024-02-10","Indiana","All","6.69","1.64","4.84","0.29"
"2024-02-10","Iowa","All","6.68","1.46","4.17","1.17"
"2024-02-10","Kansas","All","5.45","1.6","3.39","0.54"
"2024-02-10","Maine","All","5.26","1.67","3.19","0.46"
"2024-02-10","Michigan","All","6.12","2","3.87","0.34"
"2024-02-10","New York","All","4.09","1.5","2.46","0.2"
"2024-02-10","North Carolina","All","6.9","3.09","3.82","0.27"
"2024-02-10","Oklahoma","All","7.31","1.85","5.07","0.5"
"2024-02-10","Washington","All","4.08","2.21","1.41","0.56"
"2024-02-17","California","All","2.31","1.12","0.99","0.25"
"2024-02-17","Connecticut","All","4.18","1.76","2.32","0.14"
"2024-02-17","Kansas","All","5.34","1.55","3.41","0.49"
"2024-02-17","Michigan","All","6.63","1.94","4.44","0.34"
"2024-02-17","Missouri","All",,"1.39","3.66","0.5"
"2024-02-17","Nevada","All","2.79","0.73","1.67","0.43"
"2024-02-17","New Hampshire","All",,"1.31","2.25","0.23"
"2024-02-17","New Mexico","All","6.78","2.03","4.23","0.65"
"2024-02-17","North Carolina","All","6.41","2.84","3.57","0.24"
"2024-02-17","South Carolina","All","5.58","2.95","2.53","0.14"
"2024-02-17","United States","All","4.99","1.79","3.09","0.27"
"2024-02-17","Wisconsin","All","5.7","1.77","3.35","0.65"
"2024-02-24","Alabama","All","5.1","2.71","2.33","0.12"
"2024-02-24","Colorado","All","3.42","0.99","2.12","0.37"
"2024-02-24","Florida","All","3.96","1.65","2.25","0.11"
"2024-02-24","Idaho","All","4.6","1.22","2.71","0.76"
"2024-02-24","Kansas","All","5.82","1.53","4","0.37"
"2024-02-24","Minnesota","All","6.5","1.2","4.59","0.8"
"2024-02-24","Montana","All","5.11","1.32","2.74","1.16"
"2024-02-24","New Jersey","All","4.46","1.23","3.18","0.09"
"2024-02-24","New Mexico","All","6.1","1.96","3.64","0.6"
"2024-02-24","Oregon","All","3.2","1.63","1.32","0.3"
"2024-02-24","West Virginia","All","7.79","1.61","5.83","0.47"
"2024-02-24","Wyoming","All","5.04","1.14","3.17","0.88"
"2024-03-02","Alabama","All","4.41","2.24","2.09","0.12"
"2024-03-02","Arkansas","All","7.13","1.53","5.54","0.17"
"2024-03-02","District of Columbia","All","3.59","1.1","2.39","0.16"
"2024-03-02","Florida","All","3.65","1.35","2.26","0.09"
"2024-03-02","Iowa","All","6.95","1.12","5.14","0.83"
"2024-03-02","Kansas","All","5.37","1.23","3.89","0.32"
"2024-03-02","Michigan","All","6.82","1.52","5.13","0.25"
"2024-03-02","Nevada","All","2.27","0.68","1.31","0.31"
"2024-03-02","New Mexico","All","5.75","1.46","3.72","0.66"
"2024-03-02","North Dakota","All","3.39","0.82","1.92","0.74"
"2024-03-02","South Dakota","All",,"0.84","4.2","1.24"
"2024-03-02","Utah","All","2.75","0.94","1.18","0.68"
"2024-03-02","West Virginia","All","7.83","1.57","5.89","0.46"
"2024-03-02","Wisconsin","All","5.35","1.23","3.69","0.52"
"2024-03-09","Alabama","All","3.25","1.59","1.58","0.1"
"2024-03-09","Alaska","All","3.7","1.26","2.26","0.21"
"2024-03-09","Arizona","All","2.1","0.77","1.15","0.21"
"2024-03-09","Colorado","All","2.6","0.7","1.59","0.36"
"2024-03-09","Georgia","All","2.23","1.02","1.16","0.08"
"2024-03-09","Idaho","All","2.88","0.68","1.73","0.5"
"2024-03-09","Illinois","All","4.81","1.17","3.45","0.23"
"2024-03-09","Montana","All","3.89","1.3","1.87","0.77"
"2024-03-09","New Hampshire","All",,"0.85","2.11","0.22"
"2024-03-09","New Mexico","All","5.22","1.32","3.5","0.45"
"2024-03-09","New York","All","2.85","0.63","2.15","0.09"
"2024-03-09","Utah","All","2.36","0.91","1.02","0.48"
"2024-03-09","Washington","All","2.64","1.31","1.09","0.26"
"2024-03-16","Arkansas","All","4.52","1.09","3.4","0.13"
"2024-03-16","Connecticut","All","2.41","0.7","1.69","0.03"
"2024-03-16","Georgia","All","1.63","0.76","0.8","0.09"
"2024-03-16","Hawaii","All","2.35","0.69","1.62","0.06"
"2024-03-16","Idaho","All","2.85","0.74","1.76","0.36"
"2024-03-16","Iowa","All","5.24","0.64","3.96","0.72"
"2024-03-16","Kentucky","All","3.53","1.12","2.34","0.12"
"2024-03-16","Maryland","All","2.86","0.76","2.04","0.1"
"2024-03-16","Michigan","All","4.66","0.88","3.68","0.15"
"2024-03-16","Nevada","All","1.48","0.42","0.9","0.16"
"2024-03-16","New Jersey","All","2.68","0.67","1.97","0.06"
"2024-03-16","New York","All","2.23","0.52","1.66","0.07"
"2024-03-16","Ohio","All","3.74","0.68","2.95","0.12"
"2024-03-16","West Virginia","All","4.23","0.84","3.13","0.31"
"2024-03-23","Alaska","All","3.34","0.53","2.68","0.18"
"2024-03-23","Arizona","All","1.53","0.62","0.78","0.15"
"2024-03-23","Colorado","All","1.8","0.52","1.05","0.24"
"2024-03-23","Georgia","All","1.23","0.55","0.62","0.06"
"2024-03-23","Kansas","All","2.77","0.55","2.09","0.19"
"2024-03-23","Louisiana","All","1.82","0.89","0.91","0.05"
"2024-03-23","Michigan","All","3.92","0.73","3.07","0.15"
"2024-03-23","Nevada","All","1.42","0.38","0.92","0.15"
"2024-03-23","New Jersey","All","2.33","0.5","1.79","0.06"
"2024-03-23","Ohio","All","2.79","0.55","2.13","0.08"
"2024-03-23","Oklahoma","All","2.35","0.68","1.51","0.18"
"2024-03-23","South Dakota","All",,"0.46","3.5","0.87"
"2024-03-23","Vermont","All","2.26","0.51","1.45","0.28"
"2024-03-30","Alaska","All","2.89","0.45","2.12","0.4"
"2024-03-30","Arizona","All","1.35","0.56","0.69","0.12"
"2024-03-30","Idaho","All","1.63","0.47","0.9","0.28"
"2024-03-30","Maryland","All","2.19","0.59","1.57","0.05"
"2024-03-30","Michigan","All","3.82","0.67","3.06","0.12"
"2024-03-30","Missouri","All",,"0.5","1.78","0.19"
"2024-03-30","Rhode Island","All","1.83","0.44","1.39","0.04"
"2024-03-30","South Dakota","All",,"0.43","2.75","0.7"
"2024-03-30","Tennessee","All","2.07","0.79","1.22","0.1"
"2024-03-30","Utah","All","1.71","0.63","0.83","0.25"
"2024-03-30","Wyoming","All","2","0.39","1.26","0.39"
"2024-04-06","Alabama","All","1.41","0.56","0.78","0.08"
"2024-04-06","Arkansas","All","1.65","0.54","1.1","0.04"
"2024-04-06","Colorado","All","1.21","0.43","0.66","0.13"
"2024-04-06","Indiana","All","2.44","0.54","1.79","0.12"
"2024-04-06","Mississippi","All","1.36","0.59","0.75","0.04"
"2024-04-06","Missouri","All",,"0.44","1.29","0.14"
"2024-04-06","North Carolina","All","2.21","0.84","1.35","0.07"
"2024-04-06","South Carolina","All","1.29","0.61","0.63","0.05"
"2024-04-06","United States","All","1.77","0.53","1.19","0.09"
"2024-04-06","West Virginia","All","2.24","0.62","1.49","0.15"
"2024-04-13","Alabama","All","1.14","0.55","0.56","0.05"
"2024-04-13","Alaska","All","2.4","0.26","2.02","0.12"
"2024-04-13","Connecticut","All","1.53","0.44","1.08","0.02"
"2024-04-13","District of Columbia","All","1.29","0.44","0.79","0.09"
"2024-04-13","Louisiana","All","0.87","0.43","0.44","0.02"
"2024-04-13","Minnesota","All","2.32","0.53","1.61","0.18"
"2024-04-13","Mississippi","All","1.3","0.58","0.7","0.04"
"2024-04-13","Nevada","All","1","0.27","0.66","0.08"
"2024-04-13","New Mexico","All","2","0.66","1.23","0.13"
"2024-04-13","Ohio","All","1.27","0.41","0.79","0.07"
"2024-04-13","Oklahoma","All","1.11","0.35","0.68","0.09"
"2024-04-13","Pennsylvania","All","1.17","0.31","0.83","0.04"
"2024-04-13","South Carolina","All","1","0.51","0.46","0.03"
"2024-04-13","Washington","All","1.18","0.58","0.53","0.09"
"2024-04-20","Delaware","All","0.92","0.32","0.58","0.04"
"2024-04-20","Georgia","All","0.69","0.34","0.32","0.03"
"2024-04-20","Kansas","All","1.11","0.29","0.76","0.07"
"2024-04-20","Louisiana","All","0.67","0.32","0.32","0.03"
"2024-04-20","New Hampshire","All",,"0.37","0.8","0.13"
"2024-04-20","New Jersey","All","1","0.33","0.66","0.03"
"2024-04-20","Oklahoma","All","1.03","0.31","0.69","0.05"
"2024-04-20","Oregon","All","1.25","0.43","0.75","0.08"
"2024-04-20","Tennessee","All","1.01","0.39","0.57","0.07"
"2024-04-20","Utah","All","0.9","0.46","0.4","0.06"
"2024-04-20","Vermont","All","1.24","0.22","0.98","0.09"
"2024-04-20","Wisconsin","All","1.42","0.37","0.97","0.08"
"2024-04-27","Connecticut","All","1.03","0.37","0.64","0.02"
"2024-04-27","Maine","All","0.95","0.37","0.54","0.04"
"2024-04-27","Nebraska","All","0.97","0.19","0.68","0.11"
"2024-04-27","New Mexico","All","1.56","0.7","0.8","0.07"
"2024-04-27","Oklahoma","All","0.64","0.26","0.35","0.04"
"2024-04-27","Pennsylvania","All","0.6","0.26","0.32","0.03"
"2024-04-27","Virginia","All","0.84","0.39","0.44","0.02"
"2024-04-27","Washington","All","1.04","0.49","0.53","0.04"
"2024-04-27","Wyoming","All","0.68","0.36","0.24","0.16"
"2024-05-04","Arizona","All","1.29","0.58","0.71","0.03"
"2024-05-04","Arkansas","All","0.79","0.28","0.51","0.02"
"2024-05-04","Colorado","All","0.77","0.41","0.31","0.06"
"2024-05-04","Georgia","All","0.37","0.18","0.16","0.03"
"2024-05-04","Indiana","All","0.63","0.24","0.36","0.03"
"2024-05-04","Nebraska","All","0.53","0.12","0.35","0.05"
"2024-05-04","South Carolina","All","0.49","0.25","0.23","0.02"
"2024-05-11","California","All","0.73","0.39","0.31","0.01"
"2024-05-11","District of Columbia","All","0.64","0.28","0.33","0.03"
"2024-05-11","Florida","All","1.1","0.41","0.65","0.04"
"2024-05-11","Hawaii","All","2.35","1.36","0.99","0.03"
"2024-05-11","Indiana","All","0.43","0.18","0.22","0.03"
"2024-05-11","Iowa","All","0.68","0.26","0.33","0.09"
"2024-05-11","Maine","All","1","0.46","0.53","0.02"
"2024-05-11","Massachusetts","All","0.82","0.44","0.36","0.03"
"2024-05-11","Michigan","All","0.67","0.33","0.31","0.03"
"2024-05-11","New Hampshire","All",,"0.42","0.39","0"
"2024-05-11","South Carolina","All","0.47","0.26","0.19","0.03"
"2024-05-11","Utah","All","0.73","0.43","0.25","0.06"
"2024-05-11","West Virginia","All","0.55","0.35","0.14","0.07"
"2024-05-18","Alaska","All","1.41","0.26","1.12","0.03"
"2024-05-18","Arkansas","All","0.59","0.24","0.32","0.04"
"2024-05-18","California","All","0.84","0.47","0.33","0.01"
"2024-05-18","Louisiana","All","0.55","0.25","0.28","0.01"
"2024-05-18","Massachusetts","All","0.75","0.5","0.24","0.03"
"2024-05-18","Michigan","All","0.53","0.3","0.21","0.03"
"2024-05-18","Minnesota","All","0.84","0.49","0.31","0.05"
"2024-05-18","Montana","All","0.77","0.6","0.12","0.07"
"2024-05-18","Nebraska","All","0.29","0.13","0.15","0.02"
"2024-05-18","New Hampshire","All",,"0.29","0.17","0.03"
"2024-05-18","Oklahoma","All","0.44","0.24","0.18","0.04"
"2024-05-18","Oregon","All","1.11","0.52","0.58","0.02"
"2024-05-18","South Carolina","All","0.47","0.28","0.17","0.02"
"2024-05-18","Wyoming","All","0.81","0.39","0.31","0.12"
"2024-05-25","Alabama","All","0.57","0.27","0.27","0.03"
"2024-05-25","Arizona","All","1.53","0.86","0.67","0.02"
"2024-05-25","Arkansas","All","0.61","0.2","0.38","0.04"
"2024-05-25","California","All","0.85","0.5","0.31","0.01"
"2024-05-25","Connecticut","All","0.66","0.49","0.17","0"
"2024-05-25","Delaware","All","0.41","0.3","0.09","0.02"
"2024-05-25","District of Columbia","All","0.55","0.39","0.15","0.01"
"2024-05-25","Florida","All","1.4","0.65","0.73","0.04"
"2024-05-25","Hawaii","All","4.03","2.56","1.46","0.03"
"2024-05-25","Idaho","All","0.56","0.31","0.23","0.02"
"2024-05-25","Illinois","All","0.54","0.37","0.14","0.03"
"2024-05-25","Nebraska","All","0.33","0.21","0.07","0.05"
"2024-05-25","New Mexico","All","1.46","0.94","0.54","0"
"2024-05-25","Ohio","All","0.32","0.22","0.08","0.01"
"2024-05-25","Utah","All","0.63","0.47","0.14","0.02"
"2024-05-25","Wisconsin","All","0.38","0.27","0.1","0.02"
"2024-05-25","Wyoming","All","0.94","0.47","0.31","0.12"
"2024-06-01","Alabama","All","0.59","0.28","0.29","0.01"
"2024-06-01","District of Columbia","All","0.63","0.53","0.09","0.01"
"2024-06-01","Hawaii","All","5.58","3.84","1.82","0.01"
"2024-06-01","Iowa","All","0.31","0.22","0.06","0.03"
"2024-06-01","Kansas","All","0.36","0.24","0.11","0.02"
"2024-06-01","Kentucky","All","0.52","0.35","0.15","0.02"
"2024-06-01","Maine","All","0.58","0.44","0.14","0.01"
"2024-06-01","Missouri","All",,"0.28","0.1","0.03"
"2024-06-01","Montana","All","0.62","0.5","0.1","0.02"
"2024-06-01","New York","All","0.65","0.53","0.11","0.01"
"2024-06-01","Oklahoma","All","0.28","0.16","0.11","0.01"
"2024-06-01","South Dakota","All",,"0.34","0.02","0.04"
"2024-06-01","Texas","All","0.79","0.49","0.27","0.04"
"2024-06-08","Alabama","All","0.59","0.35","0.22","0.03"
"2024-06-08","Arkansas","All","0.66","0.32","0.37","0.02"
"2024-06-08","Delaware","All","0.54","0.41","0.12","0.02"
"2024-06-08","Florida","All","1.72","1.06","0.65","0.02"
"2024-06-08","Georgia","All","0.4","0.28","0.12","0.01"
"2024-06-08","Indiana","All","0.33","0.26","0.06","0.01"
"2024-06-08","Kansas","All","0.35","0.22","0.1","0.03"
"2024-06-08","Michigan","All","0.38","0.3","0.07","0.01"
"2024-06-08","Nevada","All","1.1","0.76","0.34","0.01"
"2024-06-08","New Mexico","All","1.57","1.21","0.35","0.01"
"2024-06-08","South Dakota","All",,"0.35","0.05","0"
"2024-06-15","Idaho","All","0.63","0.54","0.11","0.01"
"2024-06-15","Indiana","All","0.38","0.33","0.05","0"
"2024-06-15","Louisiana","All","0.78","0.61","0.17","0"
"2024-06-15","Maryland","All","0.73","0.61","0.12","0.01"
"2024-06-15","Massachusetts","All","0.8","0.68","0.12","0.02"
"2024-06-15","New York","All","0.78","0.68","0.09","0.01"
"2024-06-15","North Dakota","All","0.4","0.37","0","0.03"
"2024-06-15","Oregon","All","1.61","1.24","0.37","0.01"
"2024-06-15","Rhode Island","All","0.57","0.44","0.12","0.01"
"2024-06-15","Wisconsin","All","0.5","0.44","0.05","0.01"
"2024-06-22","Florida","All","2.49","1.93","0.55","0.04"
"2024-06-22","Georgia","All","0.52","0.4","0.11","0.01"
"2024-06-22","Hawaii","All","6.1","5.08","1.03","0.02"
"2024-06-22","Indiana","All","0.5","0.43","0.06","0.01"
"2024-06-22","Louisiana","All","1.12","0.91","0.2","0.01"
"2024-06-22","Maryland","All","0.93","0.79","0.12","0.02"
"2024-06-22","Missouri","All",,"0.51","0.06","0.02"
"2024-06-22","New Jersey","All","0.89","0.75","0.13","0.02"
"2024-06-22","Pennsylvania","All","0.5","0.43","0.06","0"
"2024-06-22","Vermont","All","0.6","0.53","0.05","0.02"
"2024-06-22","Wyoming","All","0.96","0.73","0.24","0"
"2024-06-29","Arizona","All","2.01","1.81","0.22","0.01"
"2024-06-29","Arkansas","All","0.76","0.58","0.16","0.02"
"2024-06-29","California","All","1.71","1.43","0.24","0.01"
"2024-06-29","District of Columbia","All","1.15","1.06","0.06","0.04"
"2024-06-29","Georgia","All","0.69","0.57","0.1","0.02"
"2024-06-29","Illinois","All","0.91","0.81","0.1","0.01"
"2024-06-29","Iowa","All","0.49","0.45","0.04","0"
"2024-06-29","Kentucky","All","0.93","0.82","0.12","0"
"2024-06-29","Michigan","All","0.58","0.53","0.05","0.01"
"2024-06-29","Missouri","All",,"0.61","0.07","0.01"
"2024-06-29","Montana","All","0.98","0.92","0.07","0"
"2024-06-29","Nebraska","All","0.59","0.53","0.05","0.01"
"2024-06-29","Pennsylvania","All","0.53","0.49","0.04","0"
"2024-06-29","Tennessee","All","0.82","0.66","0.14","0.03"
"2024-06-29","Texas","All","1.54","1.35","0.19","0.02"
"2024-06-29","Utah","All","1.07","0.93","0.14","0"
"2024-06-29","Vermont","All","0.93","0.85","0.03","0.03"
"2024-07-06","California","All","1.97","1.7","0.22","0"
"2024-07-06","Kansas","All","0.66","0.6","0.06","0"
"2024-07-06","Kentucky","All","1.28","1.12","0.14","0.02"
"2024-07-06","Louisiana","All","1.95","1.77","0.18","0.01"
"2024-07-06","Maine","All","0.92","0.9","0.03","0"
"2024-07-06","New Jersey","All","1.08","0.97","0.12","0"
"2024-07-06","New Mexico","All","1.79","1.68","0.1","0.01"
"2024-07-06","North Carolina","All","1.47","1.14","0.38","0.02"
"2024-07-06","Oregon","All","1.93","1.76","0.16","0.01"
"2024-07-06","Rhode Island","All","0.98","0.91","0.1","0"
"2024-07-06","United States","All","1.56","1.4","0.17","0.01"
"2024-07-06","Vermont","All","1.08","0.96","0.1","0"
"2024-07-06","Washington","All","2.11","1.91","0.21","0"
"2024-07-13","Alabama","All","1.79","1.59","0.19","0.03"
"2024-07-13","Arkansas","All","1.34","1.21","0.12","0.02"
"2024-07-13","Connecticut","All","1.4","1.35","0.04","0"
"2024-07-13","Kentucky","All","1.49","1.38","0.1","0.02"
"2024-07-13","New Hampshire","All",,"1.14","0.11","0"
"2024-07-13","New Jersey","All","1.38","1.25","0.13","0.01"
"2024-07-13","South Dakota","All",,"0.91","0.02","0"
"2024-07-13","Texas","All","2.57","2.39","0.18","0.02"
"2024-07-20","Arkansas","All","1.65","1.45","0.21","0.01"
"2024-07-20","California","All","2.41","2.22","0.16","0.01"
"2024-07-20","Delaware","All","1.6","1.56","0.01","0.03"
"2024-07-20","Idaho","All","1.54","1.51","0.05","0.02"
"2024-07-20","Kansas","All","1.19","1.11","0.07","0.02"
"2024-07-20","South Dakota","All",,"1.04","0.08","0"
"2024-07-20","Texas","All","3.42","3.25","0.19","0.02"
"2024-07-27","Alaska","All","3.15","2.87","0.29","0.01"
"2024-07-27","Colorado","All","1.98","1.91","0.07","0.01"
"2024-07-27","Connecticut","All","2.15","2.11","0.04","0"
"2024-07-27","Illinois","All","1.92","1.85","0.07","0.01"
"2024-07-27","Indiana","All","1.75","1.69","0.06","0"
"2024-07-27","Kentucky","All","2.29","2.16","0.11","0.02"
"2024-07-27","Louisiana","All","3.98","3.88","0.12","0.01"
"2024-07-27","Maryland","All","2.18","2.09","0.09","0.02"
"2024-07-27","Montana","All","1.89","1.83","0.07","0"
"2024-07-27","New Hampshire","All",,"1.55","0.14","0"
"2024-07-27","South Carolina","All","2.82","2.7","0.14","0.01"
"2024-07-27","Tennessee","All","2.07","1.92","0.15","0.02"
"2024-07-27","United States","All","2.42","2.31","0.14","0.01"
"2024-07-27","Washington","All","2.29","2.22","0.09","0.01"
"2024-08-03","Alabama","All","3.62","3.46","0.15","0.03"
"2024-08-03","Colorado","All","2.06","2.01","0.06","0.01"
"2024-08-03","Delaware","All","2.38","2.31","0.07","0.01"
"2024-08-03","Georgia","All","2.32","2.21","0.1","0.02"
"2024-08-03","Indiana","All","2.08","2","0.07","0.01"
"2024-08-03","Louisiana","All","4.24","4.1","0.16","0.01"
"2024-08-03","Nevada","All","1.64","1.53","0.13","0"
"2024-08-03","New Mexico","All","2.9","2.8","0.13","0"
"2024-08-03","North Dakota","All","1.04","1.02","0.01","0"
"2024-08-03","Ohio","All","1.83","1.73","0.04","0.01"
"2024-08-03","Oklahoma","All","2.08","2.02","0.08","0"
"2024-08-03","Pennsylvania","All","1.51","1.46","0.04","0"
"2024-08-03","Tennessee","All","2.44","2.3","0.15","0.02"
"2024-08-03","Utah","All","1.89","1.83","0.07","0.01"
"2024-08-10","Alaska","All","2.55","2.37","0.2","0.03"
"2024-08-10","Colorado","All","2.08","2.04","0.04","0"
"2024-08-10","Idaho","All","2.02","1.94","0.06","0.05"
"2024-08-10","Nebraska","All","1.57","1.53","0.05","0"
"2024-08-10","New Hampshire","All",,"1.81","0.08","0"
"2024-08-10","New York","All","1.5","1.45","0.05","0.01"
"2024-08-10","North Dakota","All","1.66","1.61","0.05","0"
"2024-08-10","Oklahoma","All","2.18","2.12","0.05","0.01"
"2024-08-10","Rhode Island","All","1.53","1.58","0.06","0.02"
"2024-08-10","United States","All","2.69","2.59","0.14","0.02"
"2024-08-17","District of Columbia","All","2.33","2.27","0.07","0.01"
"2024-08-17","Louisiana","All","4.1","3.99","0.13","0.02"
"2024-08-17","Maryland","All","2.46","2.39","0.05","0.02"
"2024-08-17","Massachusetts","All","2.28","2.23","0.06","0.01"
"2024-08-17","Nevada","All","1.51","1.41","0.1","0"
"2024-08-17","North Carolina","All","4.42","3.97","0.68","0.01"
"2024-08-17","South Carolina","All","4.25","4.14","0.12","0.01"
"2024-08-17","Texas","All","3.51","3.34","0.19","0.04"
"2024-08-17","United States","All","2.73","2.64","0.14","0.02"
"2024-08-17","Vermont","All","2.47","2.42","0","0.02"
"2024-08-24","Alaska","All","2.22","1.89","0.34","0.01"
"2024-08-24","Connecticut","All","2.43","2.4","0.03","0"
"2024-08-24","Maine","All","2.54","2.52","0.03","0"
"2024-08-24","Michigan","All","1.99","1.96","0.05","0.01"
"2024-08-24","Nebraska","All","1.65","1.61","0.03","0.01"
"2024-08-24","Nevada","All","1.86","1.72","0.16","0.01"
"2024-08-24","Pennsylvania","All","1.94","1.91","0.04","0.01"
"2024-08-24","South Carolina","All","4.46","4.36","0.11","0.02"
"2024-08-24","Texas","All","3.58","3.36","0.23","0.04"
"2024-08-24","Virginia","All","3.42","3.31","0.13","0.01"
"2024-08-24","Washington","All","2.19","2.14","0.08","0.01"
"2024-08-31","Colorado","All","1.84","1.79","0.05","0.01"
"2024-08-31","Connecticut","All","2.25","2.18","0.06","0.02"
"2024-08-31","District of Columbia","All","2.42","2.23","0.15","0.04"
"2024-08-31","Florida","All","2.98","2.46","0.46","0.09"
"2024-08-31","Georgia","All","2.43","2.28","0.14","0.03"
"2024-08-31","Hawaii","All","2.61","2","0.62","0.03"
"2024-08-31","Kentucky","All","4.45","4.22","0.18","0.04"
"2024-08-31","Michigan","All","2.23","2.18","0.04","0"
"2024-08-31","South Carolina","All","3.84","3.73","0.1","0.02"
"2024-08-31","South Dakota","All",,"1.78","0.05","0.02"
"2024-08-31","Texas","All","3.13","2.86","0.28","0.04"
"2024-08-31","Utah","All","2.26","2.17","0.11","0"
"2024-08-31","Vermont","All","2.68","2.65","0.02","0.02"
"2024-09-07","Alabama","All","2.64","2.47","0.18","0.05"
"2024-09-07","Arkansas","All","2.61","2.44","0.22","0.03"
"2024-09-07","California","All","1.96","1.87","0.11","0.01"
"2024-09-07","Colorado","All","1.86","1.83","0.04","0.01"
"2024-09-07","Connecticut","All","2.15","2.11","0.04","0"
"2024-09-07","Delaware","All","2.27","2.19","0.03","0.05"
"2024-09-07","Florida","All","2.63","2.02","0.53","0.11"
"2024-09-07","Hawaii","All","2.57","1.92","0.66","0.04"
"2024-09-07","Maine","All","2.38","2.38","0.05","0"
"2024-09-07","Massachusetts","All","1.94","1.89","0.06","0.01"
"2024-09-07","Michigan","All","2.18","2.11","0.05","0"
"2024-09-07","New Jersey","All","1.5","1.4","0.09","0.02"
"2024-09-07","New Mexico","All","2.2","2.12","0.12","0"
"2024-09-07","New York","All","1.49","1.43","0.06","0.01"
"2024-09-07","North Carolina","All","3.9","3.28","0.81","0.01"
"2024-09-07","Oregon","All","2.71","2.67","0.08","0"
"2024-09-07","South Carolina","All","3.02","2.89","0.12","0.02"
"2024-09-07","South Dakota","All",,"2.21","0.05","0.02"
"2024-09-07","Texas","All","2.49","2.21","0.27","0.05"
"2024-09-07","Vermont","All","2.62","2.6","0","0.02"
"2024-09-14","Alabama","All","2","1.79","0.2","0.08"
"2024-09-14","Alaska","All","2.15","1.59","0.48","0.08"
"2024-09-14","Arizona","All","1.47","1.35","0.13","0.01"
"2024-09-14","Arkansas","All","2.22","1.97","0.28","0.05"
"2024-09-14","Connecticut","All","2.28","2.23","0.05","0"
"2024-09-14","Idaho","All","2.52","2.4","0.14","0.04"
"2024-09-14","Illinois","All","2.02","1.95","0.08","0.02"
"2024-09-14","Maine","All","2.2","2.25","0.01","0"
"2024-09-14","Michigan","All","2.26","2.22","0.07","0.01"
"2024-09-14","Montana","All","2.37","2.38","0.06","0.01"
"2024-09-14","New Mexico","All","1.85","1.78","0.11","0"
"2024-09-14","New York","All","1.53","1.47","0.06","0.02"
"2024-09-14","North Dakota","All","1.4","1.34","0.06","0"
"2024-09-14","Pennsylvania","All","1.99","1.98","0.05","0"
"2024-09-14","Tennessee","All","1.56","1.34","0.19","0.04"
"2024-09-14","Virginia","All","2.41","2.25","0.17","0.02"
"2024-09-14","Wyoming","All",,"2.25","0.06","0.03"
"2024-09-21","Alabama","All","1.45","1.29","0.16","0.09"
"2024-09-21","Connecticut","All","2.35","2.29","0.06","0.01"
"2024-09-21","Florida","All","1.92","1.16","0.64","0.15"
"2024-09-21","Indiana","All","1.25","1.16","0.08","0.01"
"2024-09-21","Maryland","All","1.69","1.61","0.07","0.02"
"2024-09-21","Massachusetts","All","1.82","1.77","0.07","0.02"
"2024-09-21","Montana","All","2.12","2.17","0.01","0.01"
"2024-09-21","New Jersey","All","1.49","1.34","0.15","0.04"
"2024-09-21","New Mexico","All","1.5","1.42","0.11","0"
"2024-09-21","New York","All","1.38","1.33","0.06","0.02"
"2024-09-21","South Carolina","All","1.6","1.45","0.13","0.04"
"2024-09-21","Tennessee","All","1.26","1.08","0.18","0.04"
"2024-09-21","Vermont","All","2.73","2.74","0.03","0.11"
"2024-09-28","Alabama","All","0.91","0.79","0.23","0.1"
"2024-09-28","Arizona","All","1.22","1.16","0.12","0.01"
"2024-09-28","Arkansas","All","1.15","0.99","0.22","0.02"
"2024-09-28","Georgia","All","0.65","0.48","0.1","0.07"
"2024-09-28","Illinois","All","1.06","1.03","0.06","0.02"
"2024-09-28","Michigan","All","1.49","1.48","0.06","0.02"
"2024-09-28","Minnesota","All","1.64","1.57","0.1","0.01"
"2024-09-28","Mississippi","All","1.11","0.82","0.29","0.08"
"2024-09-28","Montana","All","1.83","2.02","0.07","0.02"
"2024-09-28","Nebraska","All","0.81","0.73","0.06","0.01"
"2024-09-28","North Dakota","All","0.85","0.82","0.09","0.02"
"2024-09-28","Oregon","All","2.14","2.23","0.08","0"
"2024-09-28","South Carolina","All","1.2","1.03","0.12","0.07"
"2024-09-28","Tennessee","All","1.04","0.88","0.21","0.06"
"2024-09-28","United States","All","1.28","1.14","0.2","0.05"
"2024-09-28","Vermont","All","2.13","2.47","0","0"
"2024-09-28","Virginia","All","1.38","1.24","0.18","0.03"
"2024-10-05","Alabama","All",,"0.58","0.25","0.11"
"2024-10-05","Connecticut","All",,"1.33","0.09","0.03"
"2024-10-05","Louisiana","All",,"0.57","0.18","0.08"
"2024-10-05","Maine","All",,"1.64","0.08","0.01"
"2024-10-05","Massachusetts","All",,"1.13","0.06","0.04"
"2024-10-05","Nebraska","All",,"0.8","0.04","0"
"2024-10-05","Ohio","All",,"0.85","0.05","0.01"
"2024-10-05","United States","All",,"0.87","0.2","0.07"
"2024-10-05","Utah","All",,"1.22","0.17","0.01"
"2024-10-05","Vermont","All",,"1.8","0.03","0.02"
"2024-10-05","Virginia","All",,"0.92","0.19","0.04"
"2024-10-05","Wisconsin","All",,"1.22","0.07","0"
"2024-10-12","Alaska","All",,"0.51","0.41","0.04"
"2024-10-12","Arkansas","All",,"0.54","0.22","0.08"
"2024-10-12","California","All",,"0.53","0.14","0.02"
"2024-10-12","Colorado","All",,"1","0.13","0.02"
"2024-10-12","Idaho","All",,"0.92","0.13","0.11"
"2024-10-12","Indiana","All",,"0.58","0.14","0.02"
"2024-10-12","Iowa","All",,"0.86","0.06","0.02"
"2024-10-12","Kentucky","All",,"0.96","0.16","0.09"
"2024-10-12","Minnesota","All",,"1.18","0.14","0.01"
"2024-10-12","Mississippi","All",,"0.57","0.4","0.2"
"2024-10-12","Nevada","All",,"0.7","0.22","0.02"
"2024-10-12","New Mexico","All",,"1.36","0.14","0.01"
"2024-10-12","New York","All",,"0.65","0.06","0.05"
"2024-10-12","South Carolina","All",,"0.58","0.15","0.1"
"2024-10-12","South Dakota","All",,"0.85","0.11","0.05"
"2024-10-12","Tennessee","All",,"0.54","0.24","0.14"
"2024-10-19","California","All",,"0.42","0.16","0.03"
"2024-10-19","Iowa","All",,"0.77","0.04","0.01"
"2024-10-19","Michigan","All",,"0.85","0.09","0.05"
"2024-10-19","Minnesota","All",,"1.09","0.11","0.01"
"2024-10-19","Mississippi","All",,"0.49","0.41","0.22"
"2024-10-19","Nevada","All",,"0.46","0.25","0.02"
"2024-10-19","New Mexico","All",,"1.29","0.19","0.01"
"2024-10-19","Ohio","All",,"0.64","0.09","0.04"
"2024-10-19","Vermont","All",,"1.29","0.08","0"
"2024-10-19","Wisconsin","All",,"0.95","0.08","0.01"
"2024-10-26","Alabama","All",,"0.51","0.37","0.37"
"2024-10-26","Alaska","All",,"0.78","0.77","0.08"
"2024-10-26","Arizona","All",,"1.13","0.58","0.01"
"2024-10-26","Georgia","All",,"0.33","0.16","0.32"
"2024-10-26","Iowa","All",,"0.59","0.04","0.04"
"2024-10-26","Kansas","All",,"0.67","0.08","0.02"
"2024-10-26","Massachusetts","All",,"0.76","0.13","0.1"
"2024-10-26","North Carolina","All",,"0.64","0.87","0.07"
"2024-10-26","Oregon","All",,"0.89","0.11","0.02"
"2024-10-26","Rhode Island","All",,"0.73","0.05","0.06"
"2024-10-26","South Carolina","All",,"0.55","0.18","0.12"
"2024-10-26","South Dakota","All",,"0.98","0.09","0.04"
"2024-10-26","Utah","All",,"0.74","0.14","0.04"
"2024-10-26","Virginia","All",,"0.6","0.26","0.14"
"2024-10-26","West Virginia","All",,"0.95","0.21","0.03"
"2024-10-26","Wyoming","All",,"1.03","0.06","0"
"2024-11-02","Delaware","All",,"0.52","0.03","0.27"
"2024-11-02","Georgia","All",,"0.31","0.18","0.38"
"2024-11-02","Maryland","All",,"0.42","0.14","0.28"
"2024-11-02","Montana","All",,"1.02","0.04","0"
"2024-11-02","Nebraska","All",,"0.57","0.1","0.01"
"2024-11-02","New Jersey","All",,"0.44","0.19","0.19"
"2024-11-02","New Mexico","All",,"1.27","0.21","0.01"
"2024-11-02","New York","All",,"0.43","0.09","0.12"
"2024-11-02","North Carolina","All",,"0.66","0.88","0.1"
"2024-11-02","North Dakota","All",,"0.53","0.06","0.02"
"2024-11-02","Oklahoma","All",,"0.48","0.17","0.03"
"2024-11-02","Rhode Island","All",,"0.59","0.12","0.08"
"2024-11-02","South Dakota","All",,"0.86","0.07","0.02"
"2024-11-02","Wisconsin","All",,"0.88","0.13","0.01"
"2024-11-09","Arizona","All",,"1.28","1.12","0.05"
"2024-11-09","Delaware","All",,"0.52","0.13","0.42"
"2024-11-09","Maine","All",,"0.79","0.07","0.03"
"2024-11-09","Michigan","All",,"0.79","0.16","0.18"
"2024-11-09","Montana","All",,"1.12","0.09","0.01"
"2024-11-09","New York","All",,"0.4","0.11","0.2"
"2024-11-09","North Carolina","All",,"0.52","0.9","0.17"
"2024-11-09","North Dakota","All",,"0.76","0.11","0"
"2024-11-09","Utah","All",,"0.71","0.21","0.05"
"2024-11-09","Virginia","All",,"0.48","0.23","0.29"
"2024-11-09","Washington","All",,"0.48","0.28","0.13"
"2024-11-09","Wyoming","All",,"1.42","0.38","0"
"2024-11-16","Delaware","All",,"0.51","0.17","0.49"
"2024-11-16","Maine","All",,"1.02","0.03","0.04"
"2024-11-16","Mississippi","All",,"0.47","0.75","0.89"
"2024-11-16","Missouri","All",,"0.07","0.02","0.02"
"2024-11-16","New Jersey","All",,"0.35","0.24","0.41"
"2024-11-16","New Mexico","All",,"1.75","0.56","0.04"
"2024-11-16","South Dakota","All",,"0.97","0.11","0"
"2024-11-16","Tennessee","All",,"0.44","0.44","0.73"
"2024-11-16","Wisconsin","All",,"0.72","0.15","0.02"
"2024-11-16","Wyoming","All",,"0.96","0.21","0.09"
"2024-11-23","Alabama","All",,"0.4","0.91","1.01"
"2024-11-23","Arizona","All",,"1.66","2.2","0.06"
"2024-11-23","California","All",,"0.38","0.83","0.18"
"2024-11-23","District of Columbia","All",,"0.13","0.2","0.74"
"2024-11-23","Idaho","All",,"0.72","1.06","0.12"
"2024-11-23","Massachusetts","All",,"0.66","0.33","0.52"
"2024-11-23","Minnesota","All",,"0.97","0.32","0.08"
"2024-11-23","Mississippi","All",,"0.44","0.68","1.13"
"2024-11-23","North Carolina","All",,"0.42","1.06","0.37"
"2024-11-23","Ohio","All",,"0.56","0.17","0.23"
"2024-11-23","Oklahoma","All",,"0.48","0.25","0.17"
"2024-11-23","Wisconsin","All",,"0.65","0.19","0.05"
"2024-11-30","California","All",,"0.41","1.4","0.27"
"2024-11-30","Massachusetts","All",,"0.81","0.39","0.84"
"2024-11-30","Missouri","All",,"0.04","0.02","0.04"
"2024-11-30","New York","All",,"0.38","0.34","0.52"
"2024-11-30","South Carolina","All",,"0.43","0.38","0.97"
"2024-11-30","Vermont","All",,"0.99","0.07","0.15"
"2024-11-30","Wisconsin","All",,"0.81","0.2","0.1"
"2024-11-30","Wyoming","All",,"1.23","0.8","0.09"
"2024-12-07","Colorado","All",,"1.04","0.87","0.14"
"2024-12-07","Connecticut","All",,"0.87","0.3","0.53"
"2024-12-07","Florida","All",,"0.39","1.91","0.67"
"2024-12-07","Kansas","All",,"0.88","0.73","0.19"
"2024-12-07","Massachusetts","All",,"0.87","0.6","1.15"
"2024-12-07","Minnesota","All",,"1.5","0.77","0.2"
"2024-12-07","New York","All",,"0.47","0.52","0.63"
"2024-12-07","North Dakota","All",,"0.9","0.15","0.05"
"2024-12-07","United States","All",,"0.67","1.07","0.64"
"2024-12-07","Virginia","All",,"0.62","0.71","0.7"
"2024-12-07","Washington","All",,"0.4","1.08","0.54"
"2024-12-07","West Virginia","All",,"0.95","0.26","0.48"
"2024-12-07","Wyoming","All",,"1.5","0.93","0.18"
"2024-12-14","Alabama","All",,"0.76","4.15","1.18"
"2024-12-14","Arizona","All",,"1.31","4.36","0.13"
"2024-12-14","District of Columbia","All",,"0.43","0.77","1.48"
"2024-12-14","Georgia","All",,"0.37","1.45","0.77"
"2024-12-14","Indiana","All",,"1.33","1.38","0.56"
"2024-12-14","Mississippi","All",,"0.74","2.25","0.96"
"2024-12-14","New Jersey","All",,"0.72","1.4","1.15"
"2024-12-14","North Dakota","All",,"1.11","0.44","0.05"
"2024-12-14","Pennsylvania","All",,"0.82","0.87","0.61"
"2024-12-14","Virginia","All",,"0.8","1.35","0.8"
"2024-12-14","Wisconsin","All",,"1.14","0.62","0.2"
"2024-12-14","Wyoming","All",,"1.44","1.32","0.09"
"2024-12-21","Arkansas","All",,"0.97","1.78","1.84"
"2024-12-21","Connecticut","All",,"1.23","1.17","0.92"
"2024-12-21","Florida","All",,"0.48","4.59","0.65"
"2024-12-21","Iowa","All",,"1.07","1.38","0.5"
"2024-12-21","Massachusetts","All",,"1.41","1.44","1.53"
"2024-12-21","Michigan","All",,"1.57","1.34","0.88"
"2024-12-21","Nebraska","All",,"0.92","1.92","0.18"
"2024-12-21","New Mexico","All",,"2.42","4.3","0.33"
"2024-12-21","Washington","All",,"0.52","3.47","0.9"
"2024-12-21","Wyoming","All",,"1.34","2.18","0.38"
"2024-12-28","California","All",,"0.64","6.7","0.62"
"2024-12-28","Connecticut","All",,"1.63","2.74","1.02"
"2024-12-28","Hawaii","All",,"0.53","6.36","0.8"
"2024-12-28","Indiana","All",,"2.36","5.68","1.2"
"2024-12-28","Kansas","All",,"2.3","6","0.69"
"2024-12-28","Louisiana","All",,"0.9","9.35","1.48"
"2024-12-28","Michigan","All",,"2.31","3.28","1.21"
"2024-12-28","Missouri","All",,"0.13","0.32","0.12"
"2024-12-28","Nebraska","All",,"1.17","3.87","0.34"
"2024-12-28","Ohio","All",,"2.03","3.26","1.06"
"2024-12-28","Rhode Island","All",,"1.27","1.91","0.93"
"2024-12-28","South Carolina","All",,"1.08","4.32","1.34"
"2024-12-28","Tennessee","All",,"1.32","8.04","1.47"
"2024-12-28","Texas","All",,"0.76","6.62","1.45"
"2024-12-28","Virginia","All",,"1.41","4.23","1.05"
"2024-12-28","West Virginia","All",,"2.6","2.85","1.78"
"2024-12-28","Wyoming","All",,"1.25","5.55","0.57"
"2025-01-04","Alabama","All",,"1.1","7.76","1.12"
"2025-01-04","Alaska","All",,"0.35","4.21","1.68"
"2025-01-04","Arkansas","All",,"1.14","2.75","1.99"
"2025-01-04","Connecticut","All",,"1.76","3.63","0.92"
"2025-01-04","Kansas","All",,"2.05","5.12","0.98"
"2025-01-04","Kentucky","All",,"2.53","5.78","1.67"
"2025-01-04","Minnesota","All",,"2.43","7.34","1.02"
"2025-01-04","Nevada","All",,"0.57","4.5","0.87"
"2025-01-04","North Carolina","All",,"1.41","5.97","2.02"
"2025-01-04","Pennsylvania","All",,"1.73","4.11","1.07"
"2025-01-11","Arkansas","All",,"0.83","2.66","1.43"
"2025-01-11","California","All",,"0.55","4.78","0.56"
"2025-01-11","Colorado","All",,"1.21","4.15","0.65"
"2025-01-11","Connecticut","All",,"1.57","3.74","0.73"
"2025-01-11","Florida","All",,"0.64","4.83","0.53"
"2025-01-11","Georgia","All",,"0.66","4.05","0.51"
"2025-01-11","Kentucky","All",,"1.78","4.74","1.3"
"2025-01-11","Maryland","All",,"1.13","3.76","0.85"
"2025-01-11","Mississippi","All",,"1","4.43","0.49"
"2025-01-11","Missouri","All",,"0.17","0.46","0.14"
"2025-01-11","New Mexico","All",,"1.76","5.79","0.61"
"2025-01-11","North Dakota","All",,"1.2","3.01","0.19"
"2025-01-11","Ohio","All",,"1.65","2.85","0.77"
"2025-01-11","United States","All",,"1.13","4.4","0.79"
"2025-01-11","Utah","All",,"0.89","5.03","0.59"
"2025-01-18","District of Columbia","All",,"0.77","4.09","0.76"
"2025-01-18","Florida","All",,"0.62","6.3","0.43"
"2025-01-18","Iowa","All",,"1.5","5.35","1.36"
"2025-01-18","Kentucky","All",,"1.3","3.83","0.68"
"2025-01-18","Michigan","All",,"1.89","4.85","0.89"
"2025-01-18","Missouri","All",,"0.17","0.42","0.11"
"2025-01-18","Nebraska","All",,"0.71","3.92","0.44"
"2025-01-18","North Dakota","All",,"1.09","4.53","0.33"
"2025-01-18","Oklahoma","All",,"1.21","6.08","1.5"
"2025-01-18","Pennsylvania","All",,"1.09","4.49","0.67"
"2025-01-18","Utah","All",,"0.68","4.49","0.65"
"2025-01-18","West Virginia","All",,"1.2","2.39","1.1"
"2025-01-18","Wisconsin","All",,"1.7","6.35","0.94"
"2025-01-18","Wyoming","All",,"0.95","5.32","0.86"
"2025-01-25","Alabama","All",,"1.04","9.19","0.37"
"2025-01-25","Connecticut","All",,"1.41","7.52","0.42"
"2025-01-25","Hawaii","All",,"0.44","6.14","0.33"
"2025-01-25","Idaho","All",,"0.73","3.24","0.76"
"2025-01-25","Iowa","All",,"1.83","7.67","1.2"
"2025-01-25","Louisiana","All",,"0.89","6.79","0.55"
"2025-01-25","Mississippi","All",,"1.2","8.87","0.35"
"2025-01-25","Missouri","All",,"0.14","0.75","0.1"
"2025-01-25","New Jersey","All",,"1.2","9.33","0.49"
"2025-01-25","New York","All",,"0.95","6.31","0.43"
"2025-01-25","Wyoming","All",,"0.88","6.1","0.82"
"2025-02-01","Alaska","All",,"0.21","3.28","1.27"
"2025-02-01","Arizona","All",,"0.77","4.19","0.65"
"2025-02-01","Arkansas","All",,"0.93","10.16","0.74"
"2025-02-01","Delaware","All",,"1.18","10.16","0.6"
"2025-02-01","Hawaii","All",,"0.48","5.17","0.41"
"2025-02-01","Kentucky","All",,"1.55","10.92","0.51"
"2025-02-01","New Jersey","All",,"1.27","9.7","0.38"
"2025-02-01","New York","All",,"0.92","6.19","0.36"
"2025-02-01","North Carolina","All",,"1.2","12.91","0.97"
"2025-02-01","Oregon","All",,"0.6","5.56","1.04"
"2025-02-01","Vermont","All",,"1.62","8.78","1.11"
"2025-02-01","Virginia","All",,"1.31","9.57","0.33"
"2025-02-01","Washington","All",,"0.64","7.33","0.74"
"2025-02-08","Alaska","All",,"0.25","4.08","0.7"
"2025-02-08","Colorado","All",,"0.63","5.01","0.97"
"2025-02-08","Florida","All",,"0.61","6.49","0.27"
"2025-02-08","Georgia","All",,"0.9","6.13","0.17"
"2025-02-08","Hawaii","All",,"0.43","5.44","0.48"
"2025-02-08","Kansas","All",,"1.22","9.53","0.94"
"2025-02-08","Ohio","All",,"1.22","11.25","0.36"
"2025-02-08","Oklahoma","All",,"1.19","11.8","1.49"
"2025-02-08","Rhode Island","All",,"0.83","6.29","0.34"
"2025-02-08","Tennessee","All",,"1.34","7.78","0.44"
"2025-02-08","Vermont","All",,"1.38","11.27","1.06"
"2025-02-08","Wisconsin","All",,"1.35","9.79","1.11"
"2025-02-08","Wyoming","All",,"0.5","5.61","1.26"
"2025-02-15","Alaska","All",,"0.3","4.36","0.85"
"2025-02-15","California","All",,"0.49","4.5","0.51"
"2025-02-15","Florida","All",,"0.55","5.07","0.27"
"2025-02-15","Georgia","All",,"0.83","3.61","0.16"
"2025-02-15","Idaho","All",,"0.91","3.82","1.32"
"2025-02-15","Iowa","All",,"1.16","8.85","1.15"
"2025-02-15","Kentucky","All",,"1.49","9.82","0.58"
"2025-02-15","Maryland","All",,"1.19","9.28","0.24"
"2025-02-15","Massachusetts","All",,"0.95","8.88","0.42"
"2025-02-15","Minnesota","All",,"0.99","4.81","1.27"
"2025-02-15","Mississippi","All",,"1.17","4.9","0.19"
"2025-02-15","Montana","All",,"0.75","7.54","1.05"
"2025-02-15","Oklahoma","All",,"1.2","7.8","1.23"
"2025-02-15","Oregon","All",,"0.54","5.55","1.25"
"2025-02-15","South Dakota","All",,"1","8.17","0.82"
"2025-02-15","Tennessee","All",,"1.29","4.78","0.39"
"2025-02-15","West Virginia","All",,"1.43","12.28","1.49"
"2025-02-15","Wisconsin","All",,"1.18","8.74","1.06"
"2025-02-22","Alabama","All",,"1.16","3.71","0.34"
"2025-02-22","Arizona","All",,"0.65","2.77","0.7"
"2025-02-22","Arkansas","All",,"0.97","5.46","0.53"
"2025-02-22","Colorado","All",,"0.65","3.61","0.92"
"2025-02-22","Connecticut","All",,"0.95","6","0.17"
"2025-02-22","District of Columbia","All",,"0.72","4.74","0.18"
"2025-02-22","Minnesota","All",,"0.82","4.08","1.17"
"2025-02-22","Nevada","All",,"0.45","2.22","0.71"
"2025-02-22","New Jersey","All",,"1.01","5.3","0.22"
"2025-02-22","North Carolina","All",,"1.24","7.13","0.65"
"2025-02-22","North Dakota","All",,"0.51","2.74","1.15"
"2025-02-22","Oregon","All",,"0.54","5.19","1.12"
"2025-02-22","South Carolina","All",,"0.91","4.17","0.17"
"2025-02-22","Wyoming","All",,"0.52","5.04","1.1"
"2025-03-01","District of Columbia","All",,"0.76","3.6","0.1"
"2025-03-01","Iowa","All",,"0.97","4.87","1.09"
"2025-03-01","New Mexico","All",,"0.52","3.95","1.51"
"2025-03-01","New York","All",,"0.78","2.99","0.19"
"2025-03-01","North Dakota","All",,"0.46","1.65","0.9"
"2025-03-01","Pennsylvania","All",,"0.7","4.36","0.32"
"2025-03-01","South Carolina","All",,"1.1","3.66","0.18"
"2025-03-01","Tennessee","All",,"1.19","3.18","0.23"
"2025-03-01","Utah","All",,"0.56","2.67","1.29"
"2025-03-01","Virginia","All",,"1.09","4.98","0.16"
"2025-03-01","Wisconsin","All",,"0.88","5.06","0.93"
"2025-03-08","Connecticut","All",,"0.74","3.8","0.12"
"2025-03-08","Delaware","All",,"0.97","3.41","0.27"
"2025-03-08","Florida","All",,"0.47","2.5","0.23"
"2025-03-08","Iowa","All",,"0.83","3.79","1.07"
"2025-03-08","Maine","All",,"0.51","6.01","0.53"
"2025-03-08","Maryland","All",,"0.91","3.82","0.12"
"2025-03-08","Minnesota","All",,"0.65","2.33","0.94"
"2025-03-08","Mississippi","All",,"1.16","3.21","0.11"
"2025-03-08","New Mexico","All",,"0.5","3.53","1.44"
"2025-03-08","North Dakota","All",,"0.43","1.54","0.99"
"2025-03-15","Alaska","All",,"0.8","4.59","0.4"
"2025-03-15","Arizona","All",,"0.5","1.99","0.34"
"2025-03-15","Georgia","All",,"1.01","1.85","0.12"
"2025-03-15","Iowa","All",,"0.49","2.21","0.87"
"2025-03-15","Maine","All",,"0.33","4.72","0.37"
"2025-03-15","Minnesota","All",,"0.61","1.79","0.89"
"2025-03-15","North Carolina","All",,"1.2","3.74","0.37"
"2025-03-15","Oklahoma","All",,"0.98","1.05","0.51"
"2025-03-15","Rhode Island","All",,"0.58","1.95","0.11"
"2025-03-15","Utah","All",,"0.58","1.91","0.84"
"2025-03-15","Vermont","All",,"0.54","3.02","0.36"
"2025-03-22","Colorado","All",,"0.43","1.28","0.5"
"2025-03-22","Delaware","All",,"0.71","2.03","0.25"
"2025-03-22","Idaho","All",,"0.68","2","0.76"
"2025-03-22","Louisiana","All",,"1.07","1.98","0.11"
"2025-03-22","Maine","All",,"0.33","3.61","0.42"
"2025-03-22","Massachusetts","All",,"0.56","1.79","0.2"
"2025-03-22","Ohio","All",,"0.59","1.7","0.15"
"2025-03-22","Pennsylvania","All",,"0.53","1.72","0.21"
"2025-03-22","Rhode Island","All",,"0.58","1.23","0.12"
"2025-03-22","United States","All",,"0.69","1.83","0.26"
"2025-03-22","Utah","All",,"0.54","1.6","0.84"
"2025-03-22","Wisconsin","All",,"0.59","1.49","0.49"
"2025-03-22","Wyoming","All",,"0.32","1.18","0.95"
"2025-03-29","Idaho","All",,"0.64","1.31","0.51"
"2025-03-29","Illinois","All",,"0.81","1.98","0.22"
"2025-03-29","Kansas","All",,"0.35","0.89","0.35"
"2025-03-29","Maryland","All",,"0.76","2.28","0.11"
"2025-03-29","Michigan","All",,"0.67","1.98","0.34"
"2025-03-29","Montana","All",,"0.44","1.54","1.36"
"2025-03-29","Nevada","All",,"0.42","0.95","0.18"
"2025-03-29","New Hampshire","All",,"0.38","2.24","0.12"
"2025-03-29","North Dakota","All",,"0.19","0.9","0.6"
"2025-03-29","Oregon","All",,"0.36","1.5","0.43"
"2025-03-29","Rhode Island","All",,"0.41","0.83","0.13"
"2025-03-29","South Carolina","All",,"0.89","1.01","0.07"
"2025-03-29","Texas","All",,"0.72","1.03","0.12"
"2025-03-29","West Virginia","All",,"0.61","2.34","0.89"
"2025-03-29","Wisconsin","All",,"0.56","1.27","0.41"
"2025-03-29","Wyoming","All",,"0.39","0.93","0.99"
"2025-04-05","Arkansas","All",,"0.52","0.89","0.14"
"2025-04-05","Colorado","All",,"0.39","0.73","0.28"
"2025-04-05","Connecticut","All",,"0.7","2.13","0.07"
"2025-04-05","Idaho","All",,"0.63","0.78","0.43"
"2025-04-05","Louisiana","All",,"0.76","1.08","0.08"
"2025-04-05","Massachusetts","All",,"0.53","1.33","0.13"
"2025-04-05","Minnesota","All",,"0.58","0.87","0.37"
"2025-04-05","Missouri","All",,"0.42","0.66","0.32"
"2025-04-05","Montana","All",,"0.45","0.78","0.81"
"2025-04-05","North Dakota","All",,"0.29","0.4","0.53"
"2025-04-05","Ohio","All",,"0.44","0.67","0.15"
"2025-04-05","Tennessee","All",,"0.72","0.76","0.11"
"2025-04-05","Virginia","All",,"0.8","2.18","0.11"
"2025-04-12","Alaska","All",,"0.67","1.88","0.16"
"2025-04-12","California","All",,"0.38","0.8","0.1"
"2025-04-12","District of Columbia","All",,"0.36","0.89","0.09"
"2025-04-12","Florida","All",,"0.4","0.81","0.11"
"2025-04-12","Georgia","All",,"0.49","0.4","0.07"
"2025-04-12","Indiana","All",,"0.36","0.6","0.16"
"2025-04-12","Iowa","All",,"0.42","0.42","0.37"
"2025-04-12","Maine","All",,"0.26","1.81","0.2"
"2025-04-12","Maryland","All",,"0.52","1.84","0.06"
"2025-04-12","Minnesota","All",,"0.62","0.68","0.24"
"2025-04-12","Mississippi","All",,"0.62","0.69","0.07"
"2025-04-12","North Carolina","All",,"0.67","1.05","0.18"
"2025-04-12","North Dakota","All",,"0.17","0.55","0.38"
"2025-04-12","Ohio","All",,"0.4","0.4","0.1"
"2025-04-12","Oklahoma","All",,"0.51","0.26","0.11"
"2025-04-12","Virginia","All",,"0.52","1.29","0.1"
"2025-04-19","Alabama","All",,"0.59","0.64","0.1"
"2025-04-19","Arizona","All",,"0.47","0.99","0.06"
"2025-04-19","Georgia","All",,"0.44","0.29","0.04"
"2025-04-19","Kansas","All",,"0.28","0.42","0.1"
"2025-04-19","Maryland","All",,"0.52","1.6","0.07"
"2025-04-19","Montana","All",,"0.35","0.7","0.34"
"2025-04-19","New Hampshire","All",,"0.47","1.26","0.19"
"2025-04-19","Oregon","All",,"0.41","0.52","0.11"
"2025-04-19","Tennessee","All",,"0.46","0.5","0.1"
"2025-04-19","Virginia","All",,"0.49","1.02","0.1"
"2025-04-19","Wisconsin","All",,"0.38","0.64","0.2"
"2025-04-19","Wyoming","All",,"0.25","0.31","0.37"
"2025-04-26","Arkansas","All",,"0.37","0.54","0.06"
"2025-04-26","Colorado","All",,"0.33","0.49","0.1"
"2025-04-26","Iowa","All",,"0.48","0.21","0.19"
"2025-04-26","Maine","All",,"0.18","1.12","0.16"
"2025-04-26","Maryland","All",,"0.48","1.04","0.06"
"2025-04-26","Massachusetts","All",,"0.5","0.74","0.09"
"2025-04-26","Minnesota","All",,"0.5","0.53","0.16"
"2025-04-26","Montana","All",,"0.37","0.5","0.41"
"2025-04-26","New Jersey","All",,"0.58","0.58","0.05"
"2025-04-26","South Dakota","All",,"0.23","0.18","0.46"
"2025-04-26","United States","All",,"0.45","0.58","0.09"
"2025-05-03","Alaska","All",,"0.52","1.08","0.1"
"2025-05-03","California","All",,"0.37","0.42","0.05"
"2025-05-03","Georgia","All",,"0.33","0.21","0.05"
"2025-05-03","Illinois","All",,"0.34","0.45","0.07"
"2025-05-03","Kentucky","All",,"0.34","0.15","0.14"
"2025-05-03","Nevada","All",,"0.36","0.68","0.06"
"2025-05-03","Pennsylvania","All",,"0.24","0.4","0.05"
"2025-05-03","Rhode Island","All",,"0.38","0.35","0.03"
"2025-05-03","United States","All",,"0.38","0.43","0.07"
"2025-05-03","Virginia","All",,"0.33","0.52","0.06"
"2025-05-03","West Virginia","All",,"0.15","0.18","0.32"
"2025-05-10","Alaska","All",,"0.42","0.39","0.07"
"2025-05-10","Colorado","All",,"0.29","0.49","0.07"
"2025-05-10","Florida","All",,"0.42","0.55","0.06"
"2025-05-10","Georgia","All",,"0.27","0.18","0.02"
"2025-05-10","Idaho","All",,"0.58","0.23","0.07"
"2025-05-10","Kentucky","All",,"0.31","0.13","0.13"
"2025-05-10","Louisiana","All",,"0.43","0.35","0.05"
"2025-05-10","Mississippi","All",,"0.47","0.32","0.03"
"2025-05-10","Montana","All",,"0.18","0.17","0.15"
"2025-05-10","New Hampshire","All",,"0.21","0.53","0.15"
"2025-05-10","Ohio","All",,"0.2","0.11","0.03"
"2025-05-10","Oregon","All",,"0.42","0.39","0.05"
"2025-05-10","Vermont","All",,"0.4","0.24","0.03"
"2025-05-10","West Virginia","All",,"0.19","0.16","0.2"
"2025-05-17","Alaska","All",,"0.54","0.5","0.01"
"2025-05-17","California","All",,"0.44","0.34","0.03"
"2025-05-17","Delaware","All",,"0.23","0.26","0.06"
"2025-05-17","Georgia","All",,"0.22","0.16","0.02"
"2025-05-17","Idaho","All",,"0.55","0.23","0.05"
"2025-05-17","Louisiana","All",,"0.54","0.41","0.05"
"2025-05-17","Massachusetts","All",,"0.33","0.22","0.03"
"2025-05-17","Minnesota","All",,"0.34","0.23","0.03"
"2025-05-17","Montana","All",,"0.37","0.02","0.05"
"2025-05-17","Nebraska","All",,"0.14","0.04","0.02"
"2025-05-17","New Hampshire","All",,"0.26","0.27","0.04"
"2025-05-17","New York","All",,"0.37","0.19","0.02"
"2025-05-17","North Dakota","All",,"0.21","0.03","0.05"
"2025-05-17","Oklahoma","All",,"0.19","0.11","0.02"
"2025-05-17","Oregon","All",,"0.46","0.38","0.03"
"2025-05-17","Pennsylvania","All",,"0.17","0.2","0.02"
"2025-05-17","South Carolina","All",,"0.31","0.23","0.04"
"2025-05-17","South Dakota","All",,"0.17","0.14","0.1"
"2025-05-17","Washington","All",,"0.52","0.49","0.04"
"2025-05-24","Arizona","All",,"0.49","0.55","0.02"
"2025-05-24","Colorado","All",,"0.28","0.36","0.05"
"2025-05-24","Connecticut","All",,"0.3","0.18","0.02"
"2025-05-24","District of Columbia","All",,"0.22","0.27","0.01"
"2025-05-24","Hawaii","All",,"1.09","1.8","0.1"
"2025-05-24","Idaho","All",,"0.43","0.25","0.02"
"2025-05-24","Maine","All",,"0.15","0.15","0.07"
"2025-05-24","Michigan","All",,"0.2","0.2","0.04"
"2025-05-24","Missouri","All",,"0.15","0.08","0.06"
"2025-05-24","Nevada","All",,"0.37","0.38","0.03"
"2025-05-24","Ohio","All",,"0.15","0.07","0.01"
"2025-05-24","Pennsylvania","All",,"0.16","0.14","0.02"
"2025-05-24","Washington","All",,"0.56","0.45","0.04"
"2025-05-24","West Virginia","All",,"0.22","0.09","0.1"
"2025-05-31","Alabama","All",,"0.39","0.24","0.07"
"2025-05-31","Delaware","All",,"0.25","0.12","0.02"
"2025-05-31","Georgia","All",,"0.24","0.14","0.04"
"2025-05-31","Idaho","All",,"0.41","0.13","0.03"
"2025-05-31","Illinois","All",,"0.24","0.16","0.03"
"2025-05-31","Maryland","All",,"0.34","0.15","0.02"
"2025-05-31","Massachusetts","All",,"0.36","0.16","0.01"
"2025-05-31","Mississippi","All",,"0.35","0.34","0.03"
"2025-05-31","New York","All",,"0.39","0.11","0.02"
"2025-05-31","South Carolina","All",,"0.31","0.16","0.02"
"2025-06-07","Connecticut","All",,"0.34","0.1","0.01"
"2025-06-07","Georgia","All",,"0.23","0.17","0.02"
"2025-06-07","Idaho","All",,"0.35","0.23","0.02"
"2025-06-07","Iowa","All",,"0.2","0.1","0.01"
"2025-06-07","Kentucky","All",,"0.19","0.09","0.05"
"2025-06-07","Maine","All",,"0.18","0.05","0.01"
"2025-06-07","Massachusetts","All",,"0.36","0.12","0.01"
"2025-06-07","Nebraska","All",,"0.13","0.03","0"
"2025-06-07","New Hampshire","All",,"0.2","0.1","0"
"2025-06-07","New Jersey","All",,"0.38","0.14","0.02"
"2025-06-07","Oregon","All",,"0.44","0.2","0.03"
"2025-06-07","Rhode Island","All",,"0.31","0.09","0.03"
"2025-06-07","United States","All",,"0.36","0.22","0.03"
"2025-06-07","Utah","All",,"0.31","0.19","0.02"
"2025-06-07","West Virginia","All",,"0.17","0.14","0.09"
"2025-06-14","Arizona","All",,"0.46","0.24","0.01"
"2025-06-14","Connecticut","All",,"0.35","0.06","0.01"
"2025-06-14","Louisiana","All",,"0.47","0.17","0.02"
"2025-06-14","Maine","All",,"0.16","0.03","0"
"2025-06-14","Minnesota","All",,"0.2","0.11","0.01"
"2025-06-14","Mississippi","All",,"0.37","0.25","0.03"
"2025-06-14","South Carolina","All",,"0.27","0.1","0.03"
"2025-06-14","Virginia","All",,"0.3","0.14","0.01"
"2025-06-14","West Virginia","All",,"0.2","0.07","0.05"
"2025-06-21","Alaska","All",,"0.62","0.47","0.03"
"2025-06-21","Arkansas","All",,"0.17","0.05","0.03"
"2025-06-21","California","All",,"0.57","0.18","0.01"
"2025-06-21","District of Columbia","All",,"0.35","0.1","0.03"
"2025-06-21","Florida","All",,"1.01","0.46","0.06"
"2025-06-21","Georgia","All",,"0.25","0.09","0.01"
"2025-06-21","Minnesota","All",,"0.21","0.06","0.01"
"2025-06-21","Mississippi","All",,"0.32","0.22","0.01"
"2025-06-21","Nebraska","All",,"0.13","0.02","0.01"
"2025-06-21","New Mexico","All",,"0.4","0.14","0.01"
"2025-06-21","North Dakota","All",,"0.08","0.02","0.02"
"2025-06-21","Oregon","All",,"0.54","0.19","0.01"
"2025-06-21","Rhode Island","All",,"0.2","0.05","0.01"
"2025-06-21","Utah","All",,"0.28","0.09","0"
"2025-06-21","Washington","All",,"0.61","0.29","0.01"
"2025-06-21","West Virginia","All",,"0.17","0.08","0.07"
"2025-06-21","Wyoming","All",,"0.21","0.05","0"
"2025-06-28","Alabama","All",,"0.4","0.19","0.05"
"2025-06-28","Alaska","All",,"0.62","0.46","0"
"2025-06-28","Arizona","All",,"0.53","0.12","0.01"
"2025-06-28","Georgia","All",,"0.26","0.06","0.01"
"2025-06-28","Montana","All",,"0.32","0.06","0.01"
"2025-06-28","New Jersey","All",,"0.35","0.1","0.02"
"2025-06-28","North Dakota","All",,"0.06","0","0"
"2025-06-28","Ohio","All",,"0.11","0.04","0.01"
"2025-06-28","United States","All",,"0.42","0.14","0.02"
"2025-06-28","Utah","All",,"0.38","0.13","0"
"2025-06-28","Washington","All",,"0.71","0.26","0.01"
"2025-06-28","West Virginia","All",,"0.25","0.02","0.03"
"2025-07-05","Alabama","All",,"0.5","0.16","0.05"
"2025-07-05","Alaska","All",,"0.77","0.34","0.03"
"2025-07-05","California","All",,"0.62","0.13","0.01"
"2025-07-05","Florida","All",,"1.36","0.42","0.06"
"2025-07-05","Idaho","All",,"0.46","0.18","0"
"2025-07-05","Indiana","All",,"0.19","0.04","0"
"2025-07-05","Missouri","All",,"0.2","0.05","0.01"
"2025-07-05","Nebraska","All",,"0.11","0.01","0.01"
"2025-07-05","North Carolina","All",,"0.36","0.36","0.02"
"2025-07-05","Oklahoma","All",,"0.24","0.03","0.02"
"2025-07-05","Pennsylvania","All",,"0.17","0.04","0.01"
"2025-07-05","Rhode Island","All",,"0.18","0.05","0.02"
"2025-07-05","South Carolina","All",,"0.36","0.07","0.01"
"2025-07-05","Utah","All",,"0.38","0.12","0.01"
"2025-07-05","Vermont","All",,"0.21","0.02","0.02"
"2025-07-05","Washington","All",,"0.7","0.2","0.01"
"2025-07-12","Alabama","All",,"0.63","0.14","0.03"
"2025-07-12","Arkansas","All",,"0.25","0.05","0.06"
"2025-07-12","Delaware","All",,"0.19","0.01","0.01"
"2025-07-12","Kansas","All",,"0.15","0.02","0"
"2025-07-12","Maryland","All",,"0.52","0.04","0.02"
"2025-07-12","Michigan","All",,"0.15","0.03","0.01"
"2025-07-12","Montana","All",,"0.24","0.02","0.02"
"2025-07-12","New Hampshire","All",,"0.26","0.07","0"
"2025-07-12","New Mexico","All",,"0.37","0.06","0.01"
"2025-07-12","North Carolina","All",,"0.44","0.34","0.02"
"2025-07-12","Oklahoma","All",,"0.19","0.06","0.01"
"2025-07-12","Rhode Island","All",,"0.25","0.01","0.01"
"2025-07-12","Tennessee","All",,"0.31","0.09","0.01"
"2025-07-12","Texas","All",,"0.89","0.16","0.02"
"2025-07-19","Alabama","All",,"0.76","0.14","0.03"
"2025-07-19","California","All",,"0.82","0.1","0.01"
"2025-07-19","Delaware","All",,"0.43","0.04","0.01"
"2025-07-19","Hawaii","All",,"2.18","0.42","0.02"
"2025-07-19","Kansas","All",,"0.2","0.04","0.01"
"2025-07-19","Maryland","All",,"0.54","0.05","0.02"
"2025-07-19","New Hampshire","All",,"0.27","0.05","0.01"
"2025-07-19","Ohio","All",,"0.2","0.02","0.01"
"2025-07-19","Oklahoma","All",,"0.33","0.04","0"
"2025-07-19","Pennsylvania","All",,"0.24","0.02","0"
"2025-07-19","South Dakota","All",,"0.31","0.03","0"
"2025-07-19","Washington","All",,"0.72","0.07","0.01"
"2025-07-19","Wisconsin","All",,"0.18","0.03","0"
"2025-07-26","Alaska","All",,"0.89","0.2","0.01"
"2025-07-26","Connecticut","All",,"0.47","0.05","0"
"2025-07-26","District of Columbia","All",,"0.69","0.06","0"
"2025-07-26","Hawaii","All",,"2.9","0.5","0.05"
"2025-07-26","Illinois","All",,"0.4","0.03","0"
"2025-07-26","Kansas","All",,"0.23","0.04","0"
"2025-07-26","Mississippi","All",,"0.76","0.21","0.02"
"2025-07-26","New Hampshire","All",,"0.32","0.04","0"
"2025-07-26","South Carolina","All",,"0.7","0.07","0.02"
"2025-07-26","South Dakota","All",,"0.42","0.03","0"
"2025-07-26","Texas","All",,"1.32","0.15","0.02"
"2025-07-26","Wyoming","All",,"0.47","0.03","0"
"2025-08-02","Alabama","All",,"1.03","0.21","0.03"
"2025-08-02","Alaska","All",,"0.83","0.14","0"
"2025-08-02","California","All",,"1.12","0.11","0.01"
"2025-08-02","District of Columbia","All",,"1.09","0.1","0"
"2025-08-02","Michigan","All",,"0.27","0.02","0.01"
"2025-08-02","Minnesota","All",,"0.41","0.04","0.03"
"2025-08-02","Mississippi","All",,"1.13","0.16","0.02"
"2025-08-02","Missouri","All",,"0.46","0.03","0.01"
"2025-08-02","North Carolina","All",,"0.93","0.34","0.02"
"2025-08-02","Ohio","All",,"0.35","0.02","0"
"2025-08-02","United States","All",,"0.9","0.1","0.02"
"2025-08-02","Utah","All",,"1.03","0.05","0"
"2025-08-02","Wyoming","All",,"0.56","0.05","0"
"2025-08-09","Arizona","All",,"1.07","0.06","0"
"2025-08-09","Arkansas","All",,"0.55","0.05","0.02"
"2025-08-09","Colorado","All",,"0.69","0.04","0"
"2025-08-09","Illinois","All",,"0.6","0.04","0.01"
"2025-08-09","Kentucky","All",,"0.85","0.04","0.01"
"2025-08-09","Louisiana","All",,"1.93","0.07","0.01"
"2025-08-09","Michigan","All",,"0.38","0.02","0.01"
"2025-08-09","Mississippi","All",,"1.56","0.22","0.03"
"2025-08-09","Missouri","All",,"0.46","0.03","0.01"
"2025-08-09","Montana","All",,"0.41","0.01","0"
"2025-08-09","New York","All",,"0.55","0.04","0.01"
"2025-08-09","North Carolina","All",,"1.22","0.46","0.02"
"2025-08-09","Ohio","All",,"0.45","0.02","0.01"
"2025-08-09","Oregon","All",,"1.05","0.03","0"
"2025-08-09","Pennsylvania","All",,"0.46","0.04","0"
"2025-08-09","Rhode Island","All",,"0.53","0.01","0"
"2025-08-09","United States","All",,"1.06","0.1","0.02"
"2025-08-09","Wisconsin","All",,"0.45","0.05","0.01"
"2025-08-16","Delaware","All",,"0.9","0.03","0"
"2025-08-16","Idaho","All",,"0.77","0.11","0.01"
"2025-08-16","Illinois","All",,"0.64","0.04","0.01"
"2025-08-16","Iowa","All",,"0.75","0.05","0.01"
"2025-08-16","Montana","All",,"0.61","0.05","0.01"
"2025-08-16","Nevada","All",,"1.16","0.14","0"
"2025-08-16","New Hampshire","All",,"0.47","0.09","0"
"2025-08-16","Ohio","All",,"0.51","0.03","0"
"2025-08-16","Oklahoma","All",,"0.57","0.06","0.01"
"2025-08-16","South Dakota","All",,"0.5","0.03","0"
"2025-08-16","Washington","All",,"1.46","0.1","0.01"
"2025-08-23","Alabama","All",,"1.99","0.23","0.06"
"2025-08-23","California","All",,"1.96","0.11","0.01"
"2025-08-23","District of Columbia","All",,"1.34","0.06","0.01"
"2025-08-23","Georgia","All",,"1.84","0.13","0.03"
"2025-08-23","Indiana","All",,"0.86","0.03","0.01"
"2025-08-23","Maine","All",,"0.44","0.02","0.01"
"2025-08-23","Maryland","All",,"1.3","0.07","0.03"
"2025-08-23","Oregon","All",,"1.45","0.05","0"
"2025-08-23","South Dakota","All",,"0.74","0.05","0"
"2025-08-23","Tennessee","All",,"1.32","0.12","0.02"
"2025-08-23","Utah","All",,"1.61","0.06","0"
"2025-08-23","Virginia","All",,"1.62","0.08","0.02"
"2025-08-23","Wyoming","All",,"0.69","0.05","0.03"
"2025-08-30","Arizona","All",,"1.29","0.06","0"
"2025-08-30","Connecticut","All",,"1.05","0.04","0.01"
"2025-08-30","Idaho","All",,"1.47","0.11","0.01"
"2025-08-30","Illinois","All",,"0.86","0.05","0.01"
"2025-08-30","Kentucky","All",,"1.6","0.07","0.02"
"2025-08-30","Louisiana","All",,"3.08","0.18","0.02"
"2025-08-30","Maine","All",,"0.48","0.03","0"
"2025-08-30","Michigan","All",,"0.59","0.04","0.01"
"2025-08-30","New Hampshire","All",,"0.74","0.08","0.02"
"2025-08-30","New Jersey","All",,"1.01","0.09","0.02"
"2025-08-30","North Carolina","All",,"2.49","0.79","0.02"
"2025-08-30","Oklahoma","All",,"0.95","0.12","0.01"
"2025-08-30","Pennsylvania","All",,"0.65","0.04","0.01"
"2025-08-30","Texas","All",,"3.2","0.24","0.03"
"2025-08-30","United States","All",,"1.65","0.15","0.02"
"2025-09-06","Alabama","All",,"1.93","0.28","0.07"
"2025-09-06","Hawaii","All",,"2.31","0.24","0.06"
"2025-09-06","Iowa","All",,"1.21","0.04","0.01"
"2025-09-06","Kansas","All",,"0.98","0.05","0.02"
"2025-09-06","Kentucky","All",,"1.5","0.07","0.03"
"2025-09-06","Minnesota","All",,"0.8","0.11","0.03"
"2025-09-06","Mississippi","All",,"1.78","0.29","0.01"
"2025-09-06","Montana","All",,"0.91","0.03","0.01"
"2025-09-06","North Dakota","All",,"0.49","0.06","0"
"2025-09-06","Ohio","All",,"0.9","0.04","0.01"
"2025-09-06","Oregon","All",,"1.71","0.08","0"
"2025-09-06","Texas","All",,"2.54","0.25","0.03"
"2025-09-06","Utah","All",,"1.5","0.08","0.02"
"2025-09-13","Arizona","All",,"0.92","0.05","0"
"2025-09-13","Arkansas","All",,"1.36","0.13","0.03"
"2025-09-13","Georgia","All",,"0.86","0.08","0.05"
"2025-09-13","Hawaii","All",,"1.93","0.36","0.06"
"2025-09-13","Kansas","All",,"0.89","0.08","0.03"
"2025-09-13","Louisiana","All",,"1.54","0.16","0.02"
"2025-09-13","Michigan","All",,"0.83","0.05","0.01"
"2025-09-13","Montana","All",,"0.96","0.04","0"
"2025-09-13","Oklahoma","All",,"0.8","0.17","0.04"
"2025-09-13","Tennessee","All",,"0.92","0.17","0.03"
"2025-09-13","Texas","All",,"1.72","0.25","0.04"
"2025-09-13","Virginia","All",,"1.39","0.11","0.02"
"2025-09-13","Washington","All",,"1.93","0.14","0.02"
"2025-09-20","Connecticut","All",,"1.43","0.09","0.02"
"2025-09-20","Florida","All",,"1.23","0.33","0.15"
"2025-09-20","Hawaii","All",,"1.1","0.26","0.15"
"2025-09-20","Idaho","All",,"1.06","0.08","0.02"
"2025-09-20","Kansas","All",,"0.67","0.06","0.03"
"2025-09-20","Kentucky","All",,"0.91","0.06","0.02"
"2025-09-20","North Dakota","All",,"0.47","0.03","0.02"
"2025-09-20","South Dakota","All",,"0.71","0.03","0.03"
"2025-09-20","Wyoming","All",,"1.17","0.08","0.03"
"2025-09-27","Alaska","All",,"0.77","0.23","0.03"
"2025-09-27","Arizona","All",,"0.76","0.07","0.01"
"2025-09-27","District of Columbia","All",,"0.37","0.05","0.03"
"2025-09-27","Michigan","All",,"0.6","0.04","0.01"
"2025-09-27","Mississippi","All",,"0.98","0.19","0.04"
"2025-09-27","Nebraska","All",,"0.36","0.02","0.01"
"2025-09-27","New Jersey","All",,"0.8","0.13","0.03"
"2025-09-27","New Mexico","All",,"0.75","0.09","0.01"
"2025-09-27","North Dakota","All",,"0.32","0.04","0.01"
"2025-09-27","Rhode Island","All",,"0.69","0.08","0.02"
"2025-09-27","Tennessee","All",,"0.64","0.16","0.03"
"2025-09-27","Utah","All",,"0.63","0.11","0"
"2025-09-27","Virginia","All",,"0.71","0.08","0.04"
"2025-09-27","Washington","All",,"1.37","0.14","0.01"
"2025-09-27","Wisconsin","All",,"0.74","0.08","0.01"
"2025-10-04","Alabama","All",,"0.49","0.25","0.11"
"2025-10-04","Arizona","All",,"0.64","0.09","0.01"
"2025-10-04","California","All",,"0.76","0.15","0.02"
"2025-10-04","Colorado","All",,"0.51","0.11","0.01"
"2025-10-04","Delaware","All",,"0.59","0.1","0.03"
"2025-10-04","Florida","All",,"0.6","0.41","0.22"
"2025-10-04","Idaho","All",,"0.75","0.14","0.04"
"2025-10-04","Illinois","All",,"0.48","0.08","0.03"
"2025-10-04","Maine","All",,"0.57","0.14","0.01"
"2025-10-04","Missouri","All",,"0.46","0.08","0.02"
"2025-10-04","Montana","All",,"0.79","0.06","0.01"
"2025-10-04","New Hampshire","All",,"0.64","0.15","0.02"
"2025-10-04","North Dakota","All",,"0.22","0.04","0"
"2025-10-04","Rhode Island","All",,"0.65","0.07","0"
"2025-10-04","Vermont","All",,"0.71","0.08","0"
"2025-10-04","Virginia","All",,"0.49","0.1","0.06"
"2025-10-11","California","All",,"0.59","0.14","0.03"
"2025-10-11","Colorado","All",,"0.42","0.11","0.01"
"2025-10-11","District of Columbia","All",,"0.16","0.13","0.12"
"2025-10-11","Hawaii","All",,"0.47","0.38","0.21"
"2025-10-11","Iowa","All",,"0.46","0.06","0.01"
"2025-10-11","Maryland","All",,"0.44","0.09","0.05"
"2025-10-11","Massachusetts","All",,"0.51","0.07","0.03"
"2025-10-11","New Hampshire","All",,"0.6","0.13","0.01"
"2025-10-11","New Jersey","All",,"0.47","0.17","0.04"
"2025-10-11","New Mexico","All",,"0.66","0.08","0"
"2025-10-11","New York","All",,"0.43","0.05","0.03"
"2025-10-11","North Carolina","All",,"0.53","0.62","0.04"
"2025-10-11","South Dakota","All",,"0.37","0.15","0"
"2025-10-11","Tennessee","All",,"0.45","0.16","0.06"
"2025-10-11","United States","All",,"0.45","0.18","0.06"
"2025-10-11","Vermont","All",,"0.76","0","0"
"2025-10-18","Alabama","All",,"0.31","0.25","0.14"
"2025-10-18","Arizona","All",,"0.45","0.07","0.01"
"2025-10-18","Delaware","All",,"0.4","0.08","0.08"
"2025-10-18","Florida","All",,"0.34","0.56","0.33"
"2025-10-18","Georgia","All",,"0.29","0.13","0.13"
"2025-10-18","Mississippi","All",,"0.55","0.22","0.06"
"2025-10-18","New York","All",,"0.32","0.08","0.03"
"2025-10-18","Oregon","All",,"0.66","0.09","0.01"
"2025-10-18","Pennsylvania","All",,"0.31","0.06","0.02"
"2025-10-18","Rhode Island","All",,"0.43","0.07","0.02"
"2025-10-18","Tennessee","All",,"0.42","0.16","0.06"
"2025-10-18","Virginia","All",,"0.35","0.12","0.1"
"2025-10-25","Connecticut","All",,"0.38","0.1","0.03"
"2025-10-25","Delaware","All",,"0.35","0.08","0.06"
"2025-10-25","Florida","All",,"0.29","0.61","0.36"
"2025-10-25","Hawaii","All",,"0.34","0.73","0.16"
"2025-10-25","Mississippi","All",,"0.53","0.22","0.06"
"2025-10-25","New Jersey","All",,"0.29","0.18","0.07"
"2025-10-25","New Mexico","All",,"0.48","0.16","0.02"
"2025-10-25","Oregon","All",,"0.54","0.12","0"
"2025-10-25","Pennsylvania","All",,"0.26","0.08","0.02"
"2025-10-25","Texas","All",,"0.27","0.37","0.11"
"2025-10-25","Virginia","All",,"0.3","0.15","0.09"
"2025-10-25","Wisconsin","All",,"0.26","0.09","0.01"
"2025-11-01","Alabama","All",,"0.23","0.39","0.22"
"2025-11-01","California","All",,"0.23","0.2","0.04"
"2025-11-01","Florida","All",,"0.25","0.71","0.44"
"2025-11-01","Indiana","All",,"0.38","0.12","0.06"
"2025-11-01","Nebraska","All",,"0.13","0.04","0.01"
"2025-11-01","New Jersey","All",,"0.32","0.29","0.09"
"2025-11-01","New Mexico","All",,"0.49","0.2","0.01"
"2025-11-01","Rhode Island","All",,"0.29","0.21","0.03"
"2025-11-01","Wisconsin","All",,"0.25","0.1","0.02"
"2025-11-08","Iowa","All",,"0.26","0.08","0.04"
"2025-11-08","Kansas","All",,"0.27","0.15","0.01"
"2025-11-08","Kentucky","All",,"0.43","0.21","0.11"
"2025-11-08","Maryland","All",,"0.25","0.36","0.14"
"2025-11-08","Mississippi","All",,"0.52","0.64","0.07"
"2025-11-08","New Mexico","All",,"0.59","0.24","0.01"
"2025-11-08","South Carolina","All",,"0.34","0.27","0.21"
"2025-11-08","United States","All",,"0.32","0.42","0.13"
"2025-11-08","Utah","All",,"0.3","0.39","0.02"
"2025-11-08","Virginia","All",,"0.34","0.3","0.15"
"2025-11-08","Washington","All",,"0.27","0.29","0.06"
"2025-11-15","Alaska","All",,"0.31","0.35","0.04"
"2025-11-15","Arkansas","All",,"0.49","0.3","0.53"
"2025-11-15","Idaho","All",,"0.47","0.7","0.02"
"2025-11-15","Indiana","All",,"0.5","0.27","0.06"
"2025-11-15","Iowa","All",,"0.31","0.11","0.04"
"2025-11-15","Kentucky","All",,"0.52","0.27","0.13"
"2025-11-15","Louisiana","All",,"0.32","1.57","0.27"
"2025-11-15","Maryland","All",,"0.23","0.53","0.14"
"2025-11-15","Oklahoma","All",,"0.3","0.15","0.03"
"2025-11-15","Texas","All",,"0.27","1.35","0.27"
"2025-11-15","Virginia","All",,"0.32","0.51","0.2"
"2025-11-15","Wyoming","All",,"0.21","0.32","0.03"
"2025-11-22","Alabama","All",,"0.26","0.88","0.41"
"2025-11-22","Connecticut","All",,"0.45","0.83","0.06"
"2025-11-22","District of Columbia","All",,"0.1","0.8","0.14"
"2025-11-22","Florida","All",,"0.21","1.91","0.56"
"2025-11-22","Illinois","All",,"0.42","0.57","0.13"
"2025-11-22","Indiana","All",,"0.62","0.54","0.11"
"2025-11-22","Louisiana","All",,"0.35","2.51","0.35"
"2025-11-22","Minnesota","All",,"0.43","0.71","0.11"
"2025-11-22","Mississippi","All",,"0.69","0.91","0.09"
"2025-11-22","Missouri","All",,"0.45","0.36","0.16"
"2025-11-22","Nebraska","All",,"0.25","0.2","0.01"
"2025-11-22","North Carolina","All",,"0.3","1.58","0.23"
"2025-11-22","North Dakota","All",,"0.1","0.11","0.03"
"2025-11-22","Rhode Island","All",,"0.31","0.4","0.2"
"2025-11-22","United States","All",,"0.35","0.97","0.2"
"2025-11-22","Utah","All",,"0.32","0.88","0.02"
"2025-11-22","Vermont","All",,"0.78","0.15","0.02"
"2025-11-22","Wyoming","All",,"0.55","0.58","0.03"
"2025-11-29","Alaska","All",,"0.46","1.79","0.14"
"2025-11-29","Connecticut","All",,"0.67","1.88","0.07"
"2025-11-29","Florida","All",,"0.22","2.44","0.63"
"2025-11-29","Georgia","All",,"0.22","1.2","0.41"
"2025-11-29","Louisiana","All",,"0.24","3.11","0.46"
"2025-11-29","Massachusetts","All",,"0.64","0.95","0.21"
"2025-11-29","New Hampshire","All",,"0.59","0.73","0.1"
"2025-11-29","South Carolina","All",,"0.25","0.92","0.52"
"2025-11-29","South Dakota","All",,"0.61","0.02","0"
"2025-11-29","Washington","All",,"0.25","0.82","0.17"
"2025-12-06","Alabama","All",,"0.34","1.46","0.56"
"2025-12-06","Arizona","All",,"0.37","0.65","0.03"
"2025-12-06","Kentucky","All",,"0.67","0.99","0.38"
"2025-12-06","New Jersey","All",,"0.47","2.78","0.32"
"2025-12-06","New Mexico","All",,"1.09","0.9","0.07"
"2025-12-06","Washington","All",,"0.21","1.04","0.24"
"2025-12-06","West Virginia","All",,"1.04","0.52","0.3"
"2025-12-06","Wyoming","All",,"0.69","1.46","0"
"2025-12-13","Alabama","All",,"0.38","3.05","0.57"
"2025-12-13","Colorado","All",,"0.58","4.3","0.11"
"2025-12-13","Florida","All",,"0.23","2.98","0.53"
"2025-12-13","Georgia","All",,"0.24","2.57","0.41"
"2025-12-13","Hawaii","All",,"0.12","6.38","0.47"
"2025-12-13","Mississippi","All",,"0.67","2.09","0.34"
"2025-12-13","New Hampshire","All",,"0.73","1.88","0.24"
"2025-12-13","New Mexico","All",,"1.12","2.39","0.06"
"2025-12-13","Ohio","All",,"0.91","2.06","0.16"
"2025-12-13","Oklahoma","All",,"0.6","0.71","0.14"
"2025-12-13","South Dakota","All",,"0.4","0.56","0.04"
"2025-12-13","United States","All",,"0.5","2.89","0.32"
"2025-12-13","Virginia","All",,"0.41","2.57","0.48"
"2025-12-13","West Virginia","All",,"0.99","1.08","0.26"
"2025-12-13","Wisconsin","All",,"0.66","2.15","0.08"
"2025-12-20","Colorado","All",,"0.64","7.05","0.16"
"2025-12-20","Kansas","All",,"0.96","3.54","0.21"
"2025-12-20","Kentucky","All",,"1.15","3.85","0.6"
"2025-12-20","Louisiana","All",,"0.38","7.64","0.65"
"2025-12-20","Maine","All",,"0.99","3.71","0.06"
"2025-12-20","Minnesota","All",,"0.96","8.41","0.29"
"2025-12-20","Nebraska","All",,"0.57","1.96","0.03"
"2025-12-20","Oregon","All",,"0.18","1.19","0.15"
"2025-12-20","Rhode Island","All",,"0.81","6.01","0.23"
"2025-12-20","South Carolina","All",,"0.51","6.32","0.67"
"2025-12-20","Texas","All",,"0.45","7.58","0.68"
"2025-12-20","Washington","All",,"0.19","2.06","0.41"
"2025-12-20","Wisconsin","All",,"0.9","4.84","0.13"
"2025-12-27","Alabama","All",,"0.66","10.78","0.73"
"2025-12-27","Alaska","All",,"0.39","11.25","0.8"
"2025-12-27","Arkansas","All",,"1.25","7.18","1.05"
"2025-12-27","Colorado","All",,"0.75","9.61","0.2"
"2025-12-27","District of Columbia","All",,"0.21","8.6","0.55"
"2025-12-27","Indiana","All",,"1.93","8.78","0.42"
"2025-12-27","Iowa","All",,"1.69","7.41","0.38"
"2025-12-27","Maryland","All",,"0.62","11.26","0.79"
"2025-12-27","Mississippi","All",,"0.97","5.94","0.55"
"2025-12-27","New Jersey","All",,"0.8","11.2","0.68"
"2025-12-27","New Mexico","All",,"1.94","11.47","0.16"
"2025-12-27","Texas","All",,"0.48","9.8","0.84"
"2025-12-27","United States","All",,"0.88","8.57","0.53"
"2025-12-27","Utah","All",,"0.49","9.25","0.12"
"2025-12-27","Vermont","All",,"1.17","6.38","0.29"
"2025-12-27","Virginia","All",,"0.74","10.17","0.68"
"2026-01-03","Alabama","All",,"0.66","7.13","0.72"
"2026-01-03","Georgia","All",,"0.47","6.17","0.61"
"2026-01-03","Hawaii","All",,"0.24","7.58","0.46"
"2026-01-03","Kentucky","All",,"1.47","6","0.87"
"2026-01-03","North Carolina","All",,"0.67","12.49","0.8"
"2026-01-03","Ohio","All",,"2.08","6.79","0.41"
"2026-01-03","Oklahoma","All",,"1.23","3.38","0.55"
"2026-01-03","Oregon","All",,"0.24","2.7","0.23"
"2026-01-03","South Carolina","All",,"0.62","7.13","0.78"
"2026-01-10","California","All",,"0.16","2.25","0.3"
"2026-01-10","Colorado","All",,"0.79","4.29","0.27"
"2026-01-10","Delaware","All",,"1.15","5.55","1.09"
"2026-01-10","Florida","All",,"0.38","4.65","0.43"
"2026-01-10","Hawaii","All",,"0.22","5.38","0.72"
"2026-01-10","Kentucky","All",,"1.25","3.89","0.75"
"2026-01-10","North Carolina","All",,"0.61","7.24","0.68"
"2026-01-10","Pennsylvania","All",,"1.22","4.16","0.42"
"2026-01-10","Rhode Island","All",,"1.31","4.55","0.41"
"2026-01-10","United States","All",,"0.82","4.19","0.45"
"2026-01-10","Virginia","All",,"0.76","5.52","0.5"
"2026-01-10","Wyoming","All",,"0.93","4.11","0.19"
"2026-01-17","California","All",,"0.14","2.47","0.31"
"2026-01-17","Hawaii","All",,"0.2","3.95","0.53"
"2026-01-17","Mississippi","All",,"0.62","2.11","0.6"
"2026-01-17","North Carolina","All",,"0.52","4.5","0.69"
"2026-01-17","Pennsylvania","All",,"1.1","3.3","0.48"
"2026-01-17","South Dakota","All",,"1.61","4.6","0.24"
"2026-01-17","Washington","All",,"0.25","3.6","0.51"
"2026-01-17","West Virginia","All",,"1.78","4.35","0.68"
"2026-01-17","Wisconsin","All",,"1.44","3.98","0.35"
"2026-01-24","Arizona","All",,"0.29","2.37","0.17"
"2026-01-24","Arkansas","All",,"0.68","5.2","1.08"
"2026-01-24","Georgia","All",,"0.41","2.1","0.46"
"2026-01-24","Indiana","All",,"1.26","3.37","0.47"
"2026-01-24","Louisiana","All",,"0.45","5.1","0.57"
"2026-01-24","Massachusetts","All",,"0.95","2.48","0.89"
"2026-01-24","Michigan","All",,"1.35","3.09","0.47"
"2026-01-24","New Hampshire","All",,"1.08","4.1","0.72"
"2026-01-24","New Jersey","All",,"0.67","2.06","0.72"
"2026-01-24","Tennessee","All",,"0.69","3.7","0.7"
"2026-01-24","Wisconsin","All",,"1.54","3.98","0.44"
"2026-01-31","Alabama","All",,"0.47","5.89","0.43"
"2026-01-31","California","All",,"0.15","3.85","0.44"
"2026-01-31","Connecticut","All",,"0.87","1.15","0.51"
"2026-01-31","Indiana","All",,"1.23","3.35","0.5"
"2026-01-31","Maine","All",,"1.22","2.75","0.18"
"2026-01-31","Mississippi","All",,"0.75","4.53","0.65"
"2026-01-31","Nevada","All",,"0.22","2.17","0.47"
"2026-01-31","Oregon","All",,"0.21","7.07","0.37"
"2026-01-31","Pennsylvania","All",,"0.84","2.13","0.56"
"2026-01-31","United States","All",,"0.66","3.41","0.56"
"2026-01-31","Virginia","All",,"0.74","3.43","0.45"
"2026-01-31","Wyoming","All",,"0.83","1.85","0.33"
"2026-02-07","Colorado","All",,"0.68","1.82","0.79"
"2026-02-07","Connecticut","All",,"0.79","1.32","0.39"
"2026-02-07","Delaware","All",,"0.86","2.35","0.85"
"2026-02-07","Florida","All",,"0.32","5.31","0.32"
"2026-02-07","Georgia","All",,"0.41","2.45","0.4"
"2026-02-07","Iowa","All",,"1.43","5.28","0.85"
"2026-02-07","Kansas","All",,"0.78","5.5","0.56"
"2026-02-07","Kentucky","All",,"0.89","2.5","0.61"
"2026-02-07","Missouri","All",,"0.92","4.7","0.75"
"2026-02-07","Nevada","All",,"0.28","2.34","0.63"
"2026-02-07","Pennsylvania","All",,"0.68","1.53","0.46"
"2026-02-07","Texas","All",,"0.34","4.01","0.5"
"2026-02-07","United States","All",,"0.61","3.36","0.53"
"2026-02-07","Wisconsin","All",,"1.25","3.42","0.57"
"2026-02-14","Arizona","All",,"0.35","4.05","0.32"
"2026-02-14","Arkansas","All",,"0.68","5.7","1.16"
"2026-02-14","Delaware","All",,"0.82","2.73","1.09"
"2026-02-14","Hawaii","All",,"0.18","2.58","0.65"
"2026-02-14","Illinois","All",,"1.28","3.18","1.01"
"2026-02-14","Michigan","All",,"1.19","2.61","0.59"
"2026-02-14","Nebraska","All",,"0.99","4.33","0.56"
"2026-02-14","New Hampshire","All",,"1.1","2.71","0.96"
"2026-02-14","New York","All",,"0.53","0.9","0.52"
"2026-02-14","North Carolina","All",,"0.51","2.51","0.66"
"2026-02-14","Rhode Island","All",,"0.64","0.97","0.61"
"2026-02-14","Vermont","All",,"0.68","3.96","0.76"
"2026-02-21","Alabama","All",,"0.64","6.59","0.34"
"2026-02-21","Connecticut","All",,"0.82","1.93","0.67"
"2026-02-21","Delaware","All",,"1.05","3.31","1.04"
"2026-02-21","Georgia","All",,"0.48","2.61","0.44"
"2026-02-21","Idaho","All",,"0.71","3.33","0.9"
"2026-02-21","Iowa","All",,"1.14","4.2","1.08"
"2026-02-21","Missouri","All",,"0.99","5.17","1.19"
"2026-02-21","Montana","All",,"0.65","2.87","0.43"
"2026-02-21","New Jersey","All",,"0.68","2.36","0.64"
"2026-02-21","Pennsylvania","All",,"0.74","2.16","0.57"
"2026-02-21","South Dakota","All",,"1.11","3.58","1.16"
"2026-02-21","Tennessee","All",,"0.53","3.21","0.55"
"2026-02-21","United States","All",,"0.62","3.27","0.63"
"2026-02-21","Utah","All",,"0.24","2.6","1.05"
"2026-02-21","Vermont","All",,"0.87","4.14","1.21"
"2026-02-21","Wyoming","All",,"0.92","1.89","0.95"
"2026-02-28","Arizona","All",,"0.3","2.9","0.38"
"2026-02-28","Colorado","All",,"0.48","2.15","1.17"
"2026-02-28","Georgia","All",,"0.4","1.86","0.36"
"2026-02-28","Iowa","All",,"0.91","2.92","1.17"
"2026-02-28","Maryland","All",,"0.77","1.08","0.49"
"2026-02-28","Minnesota","All",,"0.74","2.4","0.87"
"2026-02-28","Montana","All",,"0.77","2.77","0.64"
"2026-02-28","New Hampshire","All",,"0.62","2.29","1.04"
"2026-02-28","Ohio","All",,"0.68","3.5","0.59"
"2026-02-28","Oregon","All",,"0.15","3.16","0.64"
"2026-02-28","Pennsylvania","All",,"0.63","2.03","0.54"
"2026-02-28","South Carolina","All",,"0.53","2.43","0.25"
"2026-02-28","South Dakota","All",,"0.9","2.86","0.82"
"2026-02-28","Tennessee","All",,"0.52","3.04","0.49"
"2026-02-28","Texas","All",,"0.36","2.61","0.45"
"2026-02-28","Vermont","All",,"0.76","3.52","1.09"
"2026-02-28","Wyoming","All",,"1.1","1.93","1.08"
"2026-03-07","Connecticut","All",,"0.5","1.9","0.42"
"2026-03-07","Delaware","All",,"1.02","3.26","0.8"
"2026-03-07","District of Columbia","All",,"0.54","1.22","0.28"
"2026-03-07","Georgia","All",,"0.33","1.71","0.32"
"2026-03-07","Idaho","All",,"0.36","2.43","0.94"
"2026-03-07","Iowa","All",,"0.73","3.04","1.33"
"2026-03-07","Mississippi","All",,"0.51","3.21","0.5"
"2026-03-07","Missouri","All",,"0.67","3.41","0.94"
"2026-03-07","Nebraska","All",,"0.48","2.52","0.66"
"2026-03-07","Nevada","All",,"0.19","1.4","0.66"
"2026-03-07","New Hampshire","All",,"0.5","1.93","0.71"
"2026-03-07","New Jersey","All",,"0.55","2.08","0.54"
"2026-03-07","New Mexico","All",,"0.4","3.09","1.01"
"2026-03-07","New York","All",,"0.43","0.94","0.48"
"2026-03-07","Oregon","All",,"0.17","2.56","0.71"
"2026-03-07","Tennessee","All",,"0.6","3.15","0.5"
"2026-03-07","Utah","All",,"0.23","1.5","1.04"
"2026-03-07","Vermont","All",,"0.64","2.14","0.94"
"2026-03-07","Virginia","All",,"0.9","2.53","0.29"
"2026-03-07","Wyoming","All",,"0.64","1.86","0.89"
"2026-03-14","California","All",,"0.08","1.72","0.39"
"2026-03-14","Colorado","All",,"0.36","2.41","0.92"
"2026-03-14","Connecticut","All",,"0.51","2.21","0.38"
"2026-03-14","District of Columbia","All",,"0.63","1.04","0.36"
"2026-03-14","Indiana","All",,"0.46","3.36","0.67"
"2026-03-14","Kentucky","All",,"0.79","3.38","0.69"
"2026-03-14","Louisiana","All",,"0.35","1.35","0.36"
"2026-03-14","Maryland","All",,"0.73","1.16","0.44"
"2026-03-14","Nevada","All",,"0.16","1.27","0.63"
"2026-03-14","North Dakota","All",,"0.52","3.4","0.84"
"2026-03-14","Oklahoma","All",,"0.52","1.9","0.83"
"2026-03-14","Rhode Island","All",,"0.35","0.82","0.57"
"2026-03-14","Tennessee","All",,"0.51","2.15","0.46"
"2026-03-14","Vermont","All",,"0.42","1.33","1.06"
"2026-03-14","West Virginia","All",,"0.71","2.83","1.3"
"2026-03-14","Wyoming","All",,"0.75","1.94","1.16"
"2026-03-21","California","All",,"0.08","1.58","0.32"
"2026-03-21","Delaware","All",,"0.62","2.24","0.56"
"2026-03-21","Georgia","All",,"0.24","1.01","0.24"
"2026-03-21","Idaho","All",,"0.28","1.77","0.72"
"2026-03-21","Illinois","All",,"0.4","1.76","0.76"
"2026-03-21","Iowa","All",,"0.4","1.62","1.07"
"2026-03-21","Michigan","All",,"0.36","1.14","0.82"
"2026-03-21","Missouri","All",,"0.44","1.31","0.8"
"2026-03-21","Montana","All",,"0.33","2.02","0.71"
"2026-03-21","New Jersey","All",,"0.47","1.9","0.45"
"2026-03-21","New Mexico","All",,"0.33","2.37","0.88"
"2026-03-21","Pennsylvania","All",,"0.38","1.65","0.39"
"2026-03-21","Texas","All",,"0.25","1.13","0.32"
"2026-03-21","Vermont","All",,"0.19","0.77","1.18"
"2026-03-21","Virginia","All",,"0.69","1.68","0.24"
"2026-03-21","Washington","All",,"0.16","1.68","0.58"
"2026-03-28","Alaska","All",,"0.35","1.08","0.62"
"2026-03-28","Arizona","All",,"0.17","1.22","0.3"
"2026-03-28","Idaho","All",,"0.24","1.3","0.59"
"2026-03-28","Iowa","All",,"0.41","1.05","0.94"
"2026-03-28","Nevada","All",,"0.12","0.89","0.43"
"2026-03-28","New Hampshire","All",,"0.39","1.45","0.55"
"2026-03-28","North Dakota","All",,"0.29","2.17","1.35"
"2026-03-28","Oklahoma","All",,"0.37","0.9","0.51"
"2026-03-28","Pennsylvania","All",,"0.37","1.51","0.36"
"2026-03-28","Rhode Island","All",,"0.39","1.24","0.33"
"2026-03-28","Texas","All",,"0.21","0.94","0.25"
"2026-03-28","United States","All",,"0.31","1.35","0.41"
"2026-03-28","West Virginia","All",,"0.39","2.02","1.28"
"2026-04-04","Alaska","All",,"0.35","1.24","0.53"
"2026-04-04","Arizona","All",,"0.19","1.14","0.27"
"2026-04-04","Arkansas","All",,"0.34","0.77","0.61"
"2026-04-04","Connecticut","All",,"0.51","2.24","0.28"
"2026-04-04","Florida","All",,"0.21","0.96","0.2"
"2026-04-04","Georgia","All",,"0.24","0.69","0.13"
"2026-04-04","Illinois","All",,"0.24","1.08","0.47"
"2026-04-04","New Jersey","All",,"0.54","1.73","0.28"
"2026-04-04","North Dakota","All",,"0.23","2.18","1.27"
"2026-04-04","Oklahoma","All",,"0.24","0.5","0.38"
"2026-04-04","Oregon","All",,"0.07","0.73","0.49"
"2026-04-04","South Carolina","All",,"0.42","0.79","0.1"
"2026-04-04","Vermont","All",,"0.23","0.75","0.96"
"2026-04-04","West Virginia","All",,"0.36","1.83","1.02"
"2026-04-04","Wyoming","All",,"0.7","1.12","0.97"
"2026-04-11","Alabama","All",,"0.22","0.67","0.18"
"2026-04-11","California","All",,"0.08","0.78","0.2"
"2026-04-11","Illinois","All",,"0.17","0.74","0.4"
"2026-04-11","Indiana","All",,"0.12","0.62","0.33"
"2026-04-11","Kansas","All",,"0.21","0.38","0.28"
"2026-04-11","Kentucky","All",,"0.27","0.7","0.46"
"2026-04-11","Maine","All",,"0.2","1.26","0.6"
"2026-04-11","Maryland","All",,"0.41","0.82","0.21"
"2026-04-11","Massachusetts","All",,"0.24","1.5","0.35"
"2026-04-11","Michigan","All",,"0.21","0.42","0.56"
"2026-04-11","Minnesota","All",,"0.28","1.06","0.52"
"2026-04-11","North Carolina","All",,"0.47","1.05","0.32"
"2026-04-11","Tennessee","All",,"0.25","0.65","0.25"
"2026-04-11","Virginia","All",,"0.39","0.71","0.19"
"2026-04-11","West Virginia","All",,"0.31","1.01","0.94"
"2026-04-18","Alabama","All",,"0.23","0.62","0.19"
"2026-04-18","Alaska","All",,"0.27","0.64","0.28"
"2026-04-18","Connecticut","All",,"0.28","0.92","0.14"
"2026-04-18","Delaware","All",,"0.22","0.5","0.22"
"2026-04-18","Georgia","All",,"0.17","0.36","0.13"
"2026-04-18","Iowa","All",,"0.18","0.38","0.49"
"2026-04-18","Maryland","All",,"0.29","0.51","0.11"
"2026-04-18","Nebraska","All",,"0.09","0.4","0.54"
"2026-04-18","New Jersey","All",,"0.3","0.67","0.15"
"2026-04-18","New Mexico","All",,"0.11","0.85","0.36"
"2026-04-18","North Carolina","All",,"0.36","0.81","0.26"
"2026-04-18","South Dakota","All",,"0.21","0.67","0.79"
"2026-04-18","Tennessee","All",,"0.22","0.46","0.18"
"2026-04-18","United States","All",,"0.19","0.57","0.23"
"2026-04-18","Vermont","All",,"0.19","0.23","0.49"
"2026-04-18","Virginia","All",,"0.36","0.47","0.15"
"2026-04-18","Wyoming","All",,"0.59","0.78","0.61"
"2026-04-25","Alabama","All",,"0.19","0.45","0.11"
"2026-04-25","Arizona","All",,"0.16","0.82","0.19"
"2026-04-25","Connecticut","All",,"0.19","0.41","0.1"
"2026-04-25","District of Columbia","All",,"0.15","0.27","0.06"
"2026-04-25","Georgia","All",,"0.14","0.26","0.07"
"2026-04-25","Idaho","All",,"0.2","0.39","0.19"
"2026-04-25","Illinois","All",,"0.1","0.29","0.2"
"2026-04-25","Iowa","All",,"0.16","0.27","0.3"
"2026-04-25","Mississippi","All",,"0.16","0.52","0.21"
"2026-04-25","Montana","All",,"0.04","0.32","0.61"
"2026-04-25","New Hampshire","All",,"0.16","0.4","0.25"
"2026-04-25","New Jersey","All",,"0.25","0.39","0.13"
"2026-04-25","North Carolina","All",,"0.27","0.65","0.19"
"2026-04-25","North Dakota","All",,"0.14","0.62","0.5"
"2026-04-25","South Carolina","All",,"0.23","0.24","0.06"
"2026-04-25","Utah","All",,"0.15","0.35","0.22"
"2026-05-02","Alaska","All",,"0.11","0.52","0.11"
"2026-05-02","Arizona","All",,"0.16","0.81","0.12"
"2026-05-02","California","All",,"0.07","0.46","0.08"
"2026-05-02","Delaware","All",,"0.22","0.18","0.17"
"2026-05-02","Idaho","All",,"0.24","0.42","0.2"
"2026-05-02","Indiana","All",,"0.09","0.15","0.14"
"2026-05-02","Mississippi","All",,"0.15","0.43","0.14"
"2026-05-02","Missouri","All",,"0.11","0.1","0.14"
"2026-05-02","Montana","All",,"0.04","0.28","0.38"
"2026-05-02","Oklahoma","All",,"0.05","0.2","0.17"
"2026-05-02","South Dakota","All",,"0.2","0.4","0.53"
"2026-05-02","Vermont","All",,"0.14","0.05","0.3"
"2026-05-02","Washington","All",,"0.14","0.86","0.16"
"2026-05-02","Wyoming","All",,"0.47","0.88","0.34"
"2026-05-09","Alabama","All",,"0.14","0.31","0.12"
"2026-05-09","Arizona","All",,"0.17","0.78","0.12"
"2026-05-09","Arkansas","All",,"0.17","0.21","0.14"
"2026-05-09","Colorado","All",,"0.13","0.43","0.12"
"2026-05-09","Hawaii","All",,"0.19","2.04","0.27"
"2026-05-09","Iowa","All",,"0.1","0.09","0.14"
"2026-05-09","Minnesota","All",,"0.16","0.33","0.16"
"2026-05-09","Montana","All",,"0.08","0.27","0.37"
"2026-05-09","New Jersey","All",,"0.16","0.29","0.07"
"2026-05-09","New Mexico","All",,"0.1","0.54","0.09"
"2026-05-09","North Dakota","All",,"0.12","0.29","0.27"
"2026-05-09","Texas","All",,"0.17","0.4","0.11"
"2026-05-09","Wyoming","All",,"0.42","0.97","0.33"
"2026-05-16","Arizona","All",,"0.17","0.7","0.1"
"2026-05-16","Arkansas","All",,"0.15","0.18","0.16"
"2026-05-16","Connecticut","All",,"0.14","0.19","0.03"
"2026-05-16","District of Columbia","All",,"0.1","0.2","0.03"
"2026-05-16","Georgia","All",,"0.12","0.17","0.05"
"2026-05-16","Idaho","All",,"0.15","0.25","0.1"
"2026-05-16","Maryland","All",,"0.12","0.18","0.05"
"2026-05-16","Missouri","All",,"0.09","0.07","0.07"
"2026-05-16","Montana","All",,"0.05","0.14","0.29"
"2026-05-16","New Mexico","All",,"0.12","0.39","0.05"
"2026-05-16","South Carolina","All",,"0.12","0.14","0.06"
"2026-05-16","Tennessee","All",,"0.12","0.26","0.12"
"2026-05-16","Utah","All",,"0.11","0.15","0.06"
"2026-05-23","Delaware","All",,"0.09","0.1","0.03"
"2026-05-23","Georgia","All",,"0.13","0.11","0.04"
"2026-05-23","Illinois","All",,"0.05","0.07","0.07"
"2026-05-23","Louisiana","All",,"0.35","0.17","0.05"
"2026-05-23","Massachusetts","All",,"0.1","0.13","0.07"
"2026-05-23","Nebraska","All",,"0.05","0.04","0.16"
"2026-05-23","New York","All",,"0.1","0.18","0.04"
"2026-05-23","North Carolina","All",,"0.18","0.57","0.08"
"2026-05-23","Oregon","All",,"0.08","0.2","0.06"
"2026-05-23","Rhode Island","All",,"0.03","0.1","0.06"
"2026-05-23","Washington","All",,"0.1","0.45","0.07"
"2026-05-23","Wisconsin","All",,"0.04","0.08","0.12"
"2026-05-23","Wyoming","All",,"0.36","0.7","0.11"
"2026-05-30","Alabama","All",,"0.14","0.21","0.13"
"2026-05-30","Delaware","All",,"0.06","0.05","0.05"
"2026-05-30","Georgia","All",,"0.11","0.1","0.02"
"2026-05-30","Hawaii","All",,"0.12","1.61","0.22"
"2026-05-30","Indiana","All",,"0.03","0.07","0.07"
"2026-05-30","Kentucky","All",,"0.12","0.1","0.13"
"2026-05-30","Texas","All",,"0.19","0.31","0.07"
"2026-05-30","Utah","All",,"0.11","0.09","0.08"
"2026-05-30","Vermont","All",,"0.02","0.06","0.03"
"2026-06-06","Kentucky","All",,"0.07","0.05","0.11"
"2026-06-06","Maryland","All",,"0.08","0.09","0.02"
"2026-06-06","Massachusetts","All",,"0.08","0.06","0.06"
"2026-06-06","Michigan","All",,"0.03","0.03","0.05"
"2026-06-06","Montana","All",,"0.09","0.08","0.09"
"2026-06-06","Nevada","All",,"0.13","0.53","0.02"
"2026-06-06","New Mexico","All",,"0.08","0.16","0.04"
"2026-06-06","North Dakota","All",,"0.09","0.14","0.05"
"2026-06-06","Ohio","All",,"0.04","0.04","0.02"
"2026-06-06","Oklahoma","All",,"0.04","0.09","0.05"
"2026-06-06","Oregon","All",,"0.04","0.11","0.04"
"2026-06-06","Rhode Island","All",,"0.05","0.03","0.02"
"2026-06-06","Virginia","All",,"0.12","0.13","0.06"
"2026-06-13","Colorado","All",,"0.04","0.08","0.02"
"2026-06-13","Connecticut","All",,"0.1","0.05","0.02"
"2026-06-13","District of Columbia","All",,"0","0.1","0.03"
"2026-06-13","Hawaii","All",,"0.16","0.94","0.22"
"2026-06-13","Kansas","All",,"0.04","0.04","0.02"
"2026-06-13","Kentucky","All",,"0.08","0.06","0.09"
"2026-06-13","Maine","All",,"0.02","0.09","0.06"
"2026-06-13","Minnesota","All",,"0.05","0.05","0.03"
"2026-06-13","Nevada","All",,"0.12","0.35","0.02"
"2026-06-13","New York","All",,"0.07","0.08","0.01"
"2026-06-13","North Carolina","All",,"0.12","0.4","0.07"
"2026-06-13","Tennessee","All",,"0.1","0.15","0.05"
"2026-06-13","United States","All",,"0.1","0.14","0.04"
"2026-06-13","Vermont","All",,"0.03","0","0.03"
"2026-06-13","Washington","All",,"0.1","0.22","0.04"
"2026-06-20","Alabama","All",,"0.11","0.11","0.07"
"2026-06-20","Alaska","All",,"0.12","0.34","0.04"
"2026-06-20","Iowa","All",,"0","0","0"
"2026-06-20","Mississippi","All",,"0.17","0.11","0.06"
"2026-06-20","Missouri","All",,"0.07","0.03","0.03"
"2026-06-20","Nebraska","All",,"0.03","0.03","0.03"
"2026-06-20","Texas","All",,"0.17","0.17","0.05"
"2026-06-20","United States","All",,"0.1","0.11","0.03"
"2026-06-27","Arizona","All",,"0.12","0.13","0.02"
"2026-06-27","California","All",,"0.09","0.17","0.01"
"2026-06-27","Delaware","All",,"0.05","0.04","0.01"
"2026-06-27","District of Columbia","All",,"0.06","0.04","0.01"
"2026-06-27","Illinois","All",,"0.05","0.03","0.02"
"2026-06-27","Indiana","All",,"0.04","0.03","0.02"
"2026-06-27","Kentucky","All",,"0.06","0.05","0.05"
"2026-06-27","Louisiana","All",,"0.31","0.09","0.03"
"2026-06-27","Massachusetts","All",,"0.05","0.04","0.02"
"2026-06-27","Missouri","All",,"0.07","0.07","0.03"
"2026-06-27","Ohio","All",,"0.03","0.02","0.01"
"2026-06-27","Pennsylvania","All",,"0.05","0.04","0.02"
"2026-06-27","South Dakota","All",,"0.15","0.05","0.02"
"2026-06-27","Texas","All",,"0.2","0.15","0.03"
"2026-06-27","United States","All",,"0.11","0.1","0.03"
"2026-06-27","Virginia","All",,"0.08","0.09","0.03"
"2026-07-04","Alaska","All",,"0.11","0.41","0"
"2026-07-04","Arkansas","All",,"0.13","0.08","0.06"
"2026-07-04","California","All",,"0.11","0.15","0.01"
"2026-07-04","District of Columbia","All",,"0.03","0.08","0.03"
"2026-07-04","Florida","All",,"0.37","0.19","0.07"
"2026-07-04","Georgia","All",,"0.12","0.06","0.01"
"2026-07-04","Hawaii","All",,"0.35","0.67","0.15"
"2026-07-04","Idaho","All",,"0.16","0.13","0.01"
"2026-07-04","Maryland","All",,"0.09","0.05","0.02"
"2026-07-04","Minnesota","All",,"0.04","0.03","0.02"
"2026-07-04","Montana","All",,"0.01","0.06","0.03"
"2026-07-04","New York","All",,"0.09","0.04","0.01"
"2026-07-04","North Dakota","All",,"0.02","0.02","0.02"
"2026-07-04","Ohio","All",,"0.03","0.02","0.01"
"2026-07-04","Oklahoma","All",,"0.06","0.05","0.02"
"2026-07-04","Pennsylvania","All",,"0.05","0.04","0.01"
"2026-07-04","Rhode Island","All",,"0","0.03","0.01"
"2026-07-04","Tennessee","All",,"0.13","0.1","0.04"
"2026-07-04","Texas","All",,"0.24","0.14","0.03"
"2026-07-04","United States","All",,"0.13","0.1","0.03"
"2026-07-04","Utah","All",,"0.07","0.07","0.01"
"2026-07-04","Virginia","All",,"0.11","0.09","0.02"
"2026-07-04","Wisconsin","All",,"0.02","0.03","0.01"
"2026-07-11","Alabama","All",,"0.16","0.09","0.06"
"2026-07-11","California","All",,"0.14","0.14","0.01"
"2026-07-11","Delaware","All",,"0.07","0.01","0.02"
"2026-07-11","District of Columbia","All",,"0.03","0.07","0"
"2026-07-11","Georgia","All",,"0.12","0.03","0.02"
"2026-07-11","Hawaii","All",,"0.35","0.38","0.1"
"2026-07-11","Iowa","All",,,,
"2026-07-11","Maryland","All",,"0.03","0.06","0"
"2026-07-11","Massachusetts","All",,"0.06","0.03","0.01"
"2026-07-11","Michigan","All",,"0.04","0.03","0.01"
"2026-07-11","Nevada","All",,"0.23","0.22","0.01"
"2026-07-11","New Jersey","All",,"0.11","0.03","0.02"
"2026-07-11","New Mexico","All",,"0.11","0.04","0.01"
"2026-07-11","North Carolina","All",,"0.12","0.28","0.03"
"2026-07-11","North Dakota","All",,"0.02","0.02","0.02"
"2026-07-11","Tennessee","All",,"0.13","0.09","0.03"
"2026-07-11","Texas","All",,"0.31","0.11","0.04"
"2026-07-11","United States","All",,"0.14","0.08","0.02"
"2026-07-11","West Virginia","All",,"0.06","0.03","0.01"
"2026-07-11","Wisconsin","All",,"0.02","0.02","0.01"
"2026-07-18","Colorado","All",,"0.07","0.04","0"
"2026-07-18","District of Columbia","All",,"0.04","0.13","0.03"
"2026-07-18","Georgia","All",,"0.16","0.05","0.02"
"2026-07-18","Hawaii","All",,"0.6","0.28","0.12"
"2026-07-18","North Carolina","All",,"0.16","0.26","0.02"
"2026-07-18","Pennsylvania","All",,"0.06","0.04","0.01"
"2026-07-18","Rhode Island","All",,"0.05","0.03","0"
"2026-07-18","South Carolina","All",,"0.12","0.05","0.01"
"2026-07-25","Arkansas","All",,"0.15","0.05","0.02"
"2026-07-25","California","All",,"0.21","0.12","0.01"
"2026-07-25","Delaware","All",,"0.08","0.06","0.03"
"2026-07-25","District of Columbia","All",,"0.01","0.1","0"
"2026-07-25","Florida","All",,"0.62","0.19","0.07"
"2026-07-25","Georgia","All",,"0.2","0.04","0.03"
"2026-07-25","Idaho","All",,"0.16","0.09","0.03"
"2026-07-25","Illinois","All",,"0.09","0.04","0"
"2026-07-25","Indiana","All",,"0.06","0.03","0.01"
"2026-07-25","Montana","All",,"0.06","0","0.02"
"2026-07-25","Nevada","All",,"0.21","0.13","0.02"
"2026-07-25","New Hampshire","All",,"0.05","0.08","0.01"
"2026-07-25","New York","All",,"0.13","0.03","0.01"
"2026-07-25","North Dakota","All",,"0.05","0.06","0.02"
"2026-07-25","Oregon","All",,"0.13","0.03","0"
"2026-07-25","South Carolina","All",,"0.16","0.04","0.01"
"2026-07-25","United States","All",,"0.22","0.08","0.02"
"2026-08-01","Alaska","All",,"0.27","0.25","0.01"
"2026-08-01","Colorado","All",,"0.13","0.02","0"
"2026-08-01","Idaho","All",,"0.2","0.06","0.04"
"2026-08-01","Illinois","All",,"0.12","0.02","0.01"
"2026-08-01","Montana","All",,"0.04","0.05","0.01"
"2026-08-01","Nebraska","All",,"0.07","0.01","0.01"
"2026-08-01","New Jersey","All",,"0.18","0.06","0.02"
"2026-08-01","Tennessee","All",,"0.22","0.11","0.02"
"2026-08-01","Texas","All",,"0.7","0.13","0.03"
"2026-08-01","United States","All",,"0.27","0.08","0.02"
"2026-08-01","Vermont","All",,"0.06","0.05","0.02"
"2026-08-01","Wisconsin","All",,"0.07","0.03","0"
"2026-08-01","Wyoming","All",,"0.36","0.28","0.07"
"2026-08-08","Arizona","All",,"0.34","0.06","0.01"
"2026-08-08","Colorado","All",,"0.15","0.03","0"
"2026-08-08","Connecticut","All",,"0.16","0.02","0.01"
"2026-08-08","District of Columbia","All",,"0.09","0.06","0.02"
"2026-08-08","Illinois","All",,"0.16","0.05","0.02"
"2026-08-08","Kentucky","All",,"0.17","0.05","0.02"
"2026-08-08","Massachusetts","All",,"0.15","0.03","0.02"
"2026-08-08","Montana","All",,"0.11","0.02","0"
"2026-08-08","New York","All",,"0.21","0.04","0.01"
"2026-08-08","Oregon","All",,"0.22","0.03","0.01"
"2026-08-08","Tennessee","All",,"0.26","0.12","0.02"
"2026-08-08","Texas","All",,"0.83","0.15","0.03"
"2026-08-15","Arizona","All",,"0.44","0.05","0.01"
"2026-08-15","Arkansas","All",,"0.31","0.08","0.02"
"2026-08-15","California","All",,"0.44","0.13","0.01"
"2026-08-15","Colorado","All",,"0.14","0.04","0.01"
"2026-08-15","Delaware","All",,"0.17","0.07","0.01"
"2026-08-15","Iowa","All",,,,
"2026-08-15","Kansas","All",,"0.17","0.03","0.01"
"2026-08-15","Maine","All",,"0.09","0.06","0.01"
"2026-08-15","Michigan","All",,"0.08","0.03","0.01"
"2026-08-15","Montana","All",,"0.09","0.01","0.02"
"2026-08-15","New Jersey","All",,"0.24","0.09","0.03"
"2026-08-15","New Mexico","All",,"0.35","0.06","0.01"
"2026-08-15","Ohio","All",,"0.08","0.02","0.01"
"2026-08-15","Rhode Island","All",,"0.13","0.03","0.02"
"2026-08-15","South Carolina","All",,"0.45","0.04","0.01"
"2026-08-15","Texas","All",,"0.99","0.17","0.03"
"2026-08-15","Virginia","All",,"0.25","0.07","0.02"
"2026-08-15","Wyoming","All",,"0.47","0.55","0.04"
"2026-08-22","Alaska","All",,"0.23","0.52","0.01"
"2026-08-22","Arkansas","All",,"0.39","0.09","0.03"
"2026-08-22","California","All",,"0.59","0.15","0.02"
"2026-08-22","Delaware","All",,"0.19","0.09","0.04"
"2026-08-22","Georgia","All",,"0.77","0.1","0.03"
"2026-08-22","Indiana","All",,"0.17","0.04","0.02"
"2026-08-22","Maine","All",,"0.05","0.06","0"
"2026-08-22","Massachusetts","All",,"0.2","0.05","0.01"
"2026-08-22","Montana","All",,"0.06","0.08","0"
"2026-08-22","Nevada","All",,"0.54","0.13","0"
"2026-08-22","Ohio","All",,"0.1","0.03","0.01"
"2026-08-22","Oklahoma","All",,"0.22","0.04","0.01"
"2026-08-22","Pennsylvania","All",,"0.11","0.06","0.01"
"2026-08-22","Tennessee","All",,"0.53","0.16","0.02"
"2026-08-22","Texas","All",,"1.39","0.2","0.04"
"2026-08-22","United States","All",,"0.51","0.12","0.03"
"2026-08-22","Virginia","All",,"0.34","0.08","0.03"
"2026-08-22","West Virginia","All",,"0.11","0.05","0.01"
"2026-08-22","Wisconsin","All",,"0.08","0.04","0"
"2026-08-22","Wyoming","All",,"0.51","0.35","0.02"
"2026-08-29","Alabama","All",,"0.93","0.3","0.11"
"2026-08-29","Georgia","All",,"0.89","0.1","0.03"
"2026-08-29","Idaho","All",,"0.41","0.12","0.01"
"2026-08-29","Mississippi","All",,"0.89","0.24","0.03"
"2026-08-29","North Dakota","All",,"0.07","0.12","0"
"2026-08-29","Virginia","All",,"0.43","0.1","0.02"
"2026-08-29","Washington","All",,"0.48","0.25","0.01"
"2026-09-05","Alabama","All",,"0.96","0.52","0.1"
"2026-09-05","Arkansas","All",,"0.55","0.14","0.02"
"2026-09-05","Connecticut","All",,"0.41","0.08","0.01"
"2026-09-05","Delaware","All",,"0.33","0.11","0.02"
"2026-09-05","Illinois","All",,"0.22","0.12","0.02"
"2026-09-05","Iowa","All",,,,
"2026-09-05","Massachusetts","All",,"0.26","0.06","0.01"
"2026-09-05","Mississippi","All",,"0.74","0.17","0.05"
"2026-09-05","Montana","All",,"0.2","0.07","0"
"2026-09-05","New Mexico","All",,"0.37","0.03","0.02"
"2026-09-05","Tennessee","All",,"0.6","0.19","0.03"
"2026-09-05","Wisconsin","All",,"0.13","0.21","0.01"
"2026-09-05","Wyoming","All",,"0.59","0.35","0.02"
"2026-09-12","Arizona","All",,"0.56","0.17","0.01"
"2026-09-12","California","All",,"0.93","0.37","0.02"
"2026-09-12","Iowa","All",,,,
"2026-09-12","Massachusetts","All",,"0.25","0.1","0.01"
"2026-09-12","Minnesota","All",,"0.23","0.17","0.01"
"2026-09-12","New Hampshire","All",,"0.25","0.11","0"
"2026-09-12","New York","All",,"0.48","0.11","0.01"
"2026-09-12","North Dakota","All",,"0.07","0.04","0"
"2026-09-12","Oregon","All",,"0.59","0.23","0.01"
"2026-09-12","Rhode Island","All",,"0.35","0.11","0.01"
"2026-09-12","Wisconsin","All",,"0.16","0.18","0"
"2026-09-19","Connecticut","All",,"0.53","0.14","0"
"2026-09-19","District of Columbia","All",,"0.26","0.19","0"
"2026-09-19","Louisiana","All",,"0.93","0.43","0.04"
"2026-09-19","Maine","All",,"0.18","0.2","0"
"2026-09-19","Maryland","All",,"0.36","0.16","0"
"2026-09-19","Mississippi","All",,"0.49","0.31","0.05"
"2026-09-19","New York","All",,"0.49","0.16","0.01"
"2026-09-19","Ohio","All",,"0.15","0.1","0.01"
"2026-09-19","Wisconsin","All",,"0.13","0.2","0.01"
"2026-09-19","Wyoming","All",,"0.45","0.54","0.12"
"2022-10-01","Alabama","All","2.97","1.02","1.26","0.72"
"2022-10-01","California","All","1.51","1.18","0.21","0.13"
"2022-10-01","Colorado","All","1.86","1.6","0.1","0.16"
"2022-10-01","Florida","All","2.8","1.52","0.67","0.64"
"2022-10-01","Kentucky","All","3.03","1.78","0.14","1.15"
"2022-10-01","Louisiana","All","3.83","1.1","1.99","0.79"
"2022-10-01","Maryland","All","3.41","2.24","0.26","0.93"
"2022-10-01","Nebraska","All","1.92","1.26","0.03","0.65"
"2022-10-01","Ohio","All","2.24","1.84","0.09","0.33"
"2022-10-01","South Dakota","All",,"1.43","0.04","0.1"
"2022-10-01","Tennessee","All","3.22","1.19","0.71","1.36"
"2022-10-01","Texas","All","3.4","1.02","1.65","0.78"
"2022-10-01","Washington","All","3.12","2.84","0.11","0.18"
"2022-10-08","Alabama","All","3.86","0.98","2.34","0.59"
"2022-10-08","Alaska","All","1.79","1.31","0.24","0.26"
"2022-10-08","Arizona","All","2.04","1.61","0.2","0.26"
"2022-10-08","Arkansas","All","2.72","0.94","0.69","1.12"
"2022-10-08","California","All","1.58","1.08","0.28","0.24"
"2022-10-08","Indiana","All","3.22","1.53","0.29","1.41"
"2022-10-08","Kentucky","All","3.25","1.77","0.23","1.3"
"2022-10-08","New Mexico","All","2.61","2.2","0.14","0.29"
"2022-10-08","Ohio","All","2.17","1.65","0.15","0.37"
"2022-10-08","Washington","All","2.68","2.31","0.13","0.25"
"2022-10-15","Arkansas","All","3.24","1.03","1.08","1.18"
"2022-10-15","California","All","1.83","1.02","0.43","0.39"
"2022-10-15","Florida","All","2.26","1.06","0.78","0.44"
"2022-10-15","Maine","All","5.06","4.63","0.06","0.37"
"2022-10-15","Minnesota","All","2.85","1.83","0.22","0.81"
"2022-10-15","Mississippi","All","4.19","0.89","2.86","0.48"
"2022-10-15","New Hampshire","All",,"3.29","0.37","0.38"
"2022-10-15","New Mexico","All","3.31","2.69","0.15","0.49"
"2022-10-15","North Carolina","All","4.58","1.85","1.56","1.26"
"2022-10-15","North Dakota","All","2.91","2.27","0.06","0.6"
"2022-10-15","Vermont","All","5.16","4.29","0.06","0.84"
"2022-10-22","Colorado","All","2.75","1.98","0.2","0.59"
"2022-10-22","Hawaii","All","5.84","2.79","2.15","0.97"
"2022-10-22","Idaho","All","2.28","1.99","0.1","0.19"
"2022-10-22","Illinois","All","4.86","2.24","0.79","1.89"
"2022-10-22","Louisiana","All","5.72","0.8","4.25","0.73"
"2022-10-22","Maine","All","4.45","3.8","0.1","0.57"
"2022-10-22","Missouri","All",,"0.04","0.01","0.04"
"2022-10-22","Montana","All","2.75","2.39","0.19","0.16"
"2022-10-22","Nebraska","All","2.22","1.17","0.13","0.96"
"2022-10-22","Nevada","All","2.53","1.69","0.31","0.57"
"2022-10-22","New York","All","2.73","2.06","0.21","0.46"
"2022-10-22","Texas","All","4.48","0.63","2.94","0.97"
"2022-10-22","United States","All","3.71","1.61","1.29","0.84"
"2022-10-22","Utah","All","2.56","1.91","0.21","0.44"
"2022-10-22","Virginia","All","5.38","1.78","2.56","1.1"
"2022-10-22","Wyoming","All","2.99","2.63","0.21","0.21"
"2022-10-29","Colorado","All","3.43","2.16","0.48","0.84"
"2022-10-29","District of Columbia","All","6.2","1.67","2.55","2.11"
"2022-10-29","Idaho","All","2.28","1.75","0.11","0.43"
"2022-10-29","Indiana","All","4.51","1.9","1.2","1.46"
"2022-10-29","Kansas","All","3.85","1.81","0.99","1.09"
"2022-10-29","Nevada","All","2.91","1.67","0.41","0.85"
"2022-10-29","New York","All","3.3","2.12","0.5","0.71"
"2022-10-29","Oregon","All","2.51","1.72","0.31","0.5"
"2022-10-29","Rhode Island","All","3.15","1.85","0.28","1.03"
"2022-10-29","South Dakota","All",,"1.89","0.18","0.64"
"2022-10-29","Tennessee","All","6.61","1.32","4.52","0.82"
"2022-11-05","Alabama","All","13.51","1.05","12.3","0.29"
"2022-11-05","Arkansas","All","6.39","0.97","4.58","0.92"
"2022-11-05","California","All","4.05","1.28","1.87","1"
"2022-11-05","Florida","All","4.57","1.21","2.93","0.46"
"2022-11-05","Georgia","All","5.69","0.6","4.96","0.18"
"2022-11-05","Louisiana","All","8.75","0.95","7.31","0.56"
"2022-11-05","Mississippi","All","11.35","0.79","10.4","0.26"
"2022-11-05","Montana","All","2.94","2.37","0.38","0.25"
"2022-11-05","New Hampshire","All",,"2.27","0.76","1.41"
"2022-11-05","United States","All","6.47","1.71","3.67","1.15"
"2022-11-05","Virginia","All","10.84","1.77","8.16","1.01"
"2022-11-12","California","All","5.61","1.54","3","1.22"
"2022-11-12","District of Columbia","All","7.58","1.7","4.32","1.77"
"2022-11-12","Hawaii","All","5.49","2.17","2.74","0.65"
"2022-11-12","Missouri","All",,"0.06","0.03","0.04"
"2022-11-12","New Hampshire","All",,"1.96","1","1.58"
"2022-11-12","New Jersey","All","7.2","2.15","4.02","1.15"
"2022-11-12","North Dakota","All","5.99","2.99","0.89","2.21"
"2022-11-12","Ohio","All","6.05","1.84","2.92","1.27"
"2022-11-12","Rhode Island","All","3.75","1.58","1.1","1.13"
"2022-11-12","Vermont","All","5.19","2.42","0.52","2.38"
"2022-11-12","Virginia","All","10","1.56","7.71","0.83"
"2022-11-12","Washington","All","6.92","1.86","2.9","2.28"
"2022-11-12","Wisconsin","All","4.24","1.83","0.95","1.49"
"2022-11-12","Wyoming","All","8.23","2.4","4.83","1.24"
"2022-11-19","Florida","All","4.49","1.24","2.88","0.42"
"2022-11-19","Georgia","All","3.7","0.64","2.92","0.18"
"2022-11-19","Missouri","All",,"0.04","0.05","0.04"
"2022-11-19","Oklahoma","All","5.55","1.29","3.27","1.02"
"2022-11-26","Alabama","All","8.86","1.45","7.18","0.35"
"2022-11-26","Arkansas","All","11.08","1.42","9.23","0.58"
"2022-11-26","California","All","9.8","2.57","6.11","1.29"
"2022-11-26","Connecticut","All","9.92","2.52","6.98","0.52"
"2022-11-26","District of Columbia","All","10.3","2.51","6.99","0.98"
"2022-11-26","Georgia","All","4.75","1.07","3.58","0.15"
"2022-11-26","Mississippi","All","12.38","1.43","10.82","0.25"
"2022-11-26","Nevada","All","9.85","2.97","5.35","1.71"
"2022-11-26","Oklahoma","All","10.63","2.11","7.85","0.81"
"2022-11-26","Pennsylvania","All","8.31","1.85","5.72","0.85"
"2022-11-26","South Carolina","All","8.37","1.67","6.39","0.39"
"2022-11-26","United States","All","9.8","2.25","6.67","1.02"
"2022-12-03","Alaska","All","13.27","1.43","9.85","2.37"
"2022-12-03","Colorado","All","10.51","3.53","5.32","1.92"
"2022-12-03","Georgia","All","3.96","1.34","2.49","0.18"
"2022-12-03","Illinois","All","12.95","3.61","8.78","0.81"
"2022-12-03","Maine","All","8.66","2.08","5.56","1.18"
"2022-12-03","Maryland","All","9.98","2.92","6.37","0.84"
"2022-12-03","New Hampshire","All",,"2.15","3.44","1.08"
"2022-12-03","New Jersey","All","10.56","2.66","7.51","0.57"
"2022-12-03","New Mexico","All","15.58","4.56","8.82","2.71"
"2022-12-03","Tennessee","All","10.32","2.14","7.97","0.35"
"2022-12-03","Wisconsin","All","8.49","2.38","5","1.28"
"2022-12-10","Idaho","All","11.49","2.53","7.2","1.98"
"2022-12-10","Kentucky","All","10.58","2.46","7.73","0.6"
"2022-12-10","Louisiana","All","6.32","2.09","4.02","0.3"
"2022-12-10","Maryland","All","8.24","3.28","4.51","0.62"
"2022-12-10","Massachusetts","All","11.03","3.48","6.89","0.86"
"2022-12-10","Mississippi","All","6.14","2.13","3.93","0.17"
"2022-12-10","New Hampshire","All",,"2.21","4.92","0.72"
"2022-12-10","South Dakota","All",,"1.62","4.38","1.55"
"2022-12-10","Tennessee","All","8.25","2.52","5.52","0.36"
"2022-12-10","Texas","All","8.57","2.39","5.78","0.57"
"2022-12-10","United States","All","8.92","2.72","5.7","0.65"
"2022-12-10","Virginia","All","8.53","3.07","5.23","0.33"
"2022-12-10","Washington","All","13.29","2.79","9.25","1.59"
"2022-12-17","Alaska","All","11.81","2.34","7.91","1.91"
"2022-12-17","Arizona","All","9.71","4.13","4.95","0.82"
"2022-12-17","Colorado","All","9.5","2.58","5.89","1.25"
"2022-12-17","Connecticut","All","9.61","3.82","5.73","0.19"
"2022-12-17","District of Columbia","All","7.14","3.86","2.76","0.62"
"2022-12-17","Kansas","All","10.78","3.12","7.04","0.81"
"2022-12-17","Massachusetts","All","11.91","3.86","7.64","0.65"
"2022-12-17","Minnesota","All","9.71","2.75","5.87","1.38"
"2022-12-17","Mississippi","All","5.39","2.57","2.77","0.13"
"2022-12-17","Nevada","All","8.56","2.27","5.65","0.84"
"2022-12-17","New Hampshire","All",,"2.76","7.71","0.49"
"2022-12-17","Ohio","All","9.81","3.1","6.38","0.39"
"2022-12-17","Oregon","All","12.32","2.6","8.66","1.35"
"2022-12-17","Vermont","All","13.46","2.68","9.54","1.61"
"2022-12-17","Wisconsin","All","9.9","2.67","6.62","0.78"
"2022-12-24","Alabama","All","5.56","3.59","1.8","0.27"
"2022-12-24","District of Columbia","All","6.88","4.55","1.99","0.51"
"2022-12-24","Florida","All","6.87","2.75","3.96","0.27"
"2022-12-24","Indiana","All","11.95","3.67","8.08","0.31"
"2022-12-24","Kentucky","All","7.22","3.32","3.53","0.46"
"2022-12-24","Louisiana","All","5.82","2.94","2.65","0.3"
"2022-12-24","New Jersey","All","7.76","3.62","4.01","0.26"
"2022-12-24","North Carolina","All","8.45","4.8","3.42","0.42"
"2022-12-24","West Virginia","All","9.9","4.09","5.35","0.61"
"2022-12-31","Alabama","All","6.71","4.82","1.78","0.2"
"2022-12-31","Arizona","All","8.1","3.61","4.03","0.63"
"2022-12-31","Colorado","All","7.22","2.25","4.25","0.87"
"2022-12-31","Delaware","All","9","4.43","4.42","0.28"
"2022-12-31","Indiana","All","9.64","3.69","5.74","0.29"
"2022-12-31","Maine","All","10.15","2.46","7.31","0.47"
"2022-12-31","Massachusetts","All","11.52","5.37","6.02","0.31"
"2022-12-31","Michigan","All","11.11","3.48","7.37","0.44"
"2022-12-31","Montana","All","9.87","2.88","5.34","1.84"
"2022-12-31","Nebraska","All","6.43","2.04","4.01","0.53"
"2022-12-31","New Hampshire","All",,"3.24","6.23","0.4"
"2022-12-31","North Dakota","All","11.27","2.98","7.24","1.26"
"2022-12-31","Oklahoma","All","8.86","3.81","4.74","0.42"
"2022-12-31","Pennsylvania","All","7.25","3.15","3.93","0.27"
"2022-12-31","Rhode Island","All","8.92","4.09","4.87","0.14"
"2022-12-31","South Carolina","All","8.11","5.82","2.21","0.17"
"2022-12-31","Texas","All","7.49","4.14","3.1","0.39"
"2022-12-31","Utah","All","11.25","3.47","6.31","1.78"
"2023-01-07","Alaska","All","6.19","2.16","2.63","1.44"
"2023-01-07","Hawaii","All","6.5","3.05","3.38","0.13"
"2023-01-07","Illinois","All","5.12","3.19","1.7","0.31"
"2023-01-07","Iowa","All","6.51","3.12","2.88","0.68"
"2023-01-07","Maine","All","7.55","3.14","4.09","0.43"
"2023-01-07","Maryland","All","5.76","4.2","1.24","0.38"
"2023-01-07","Nebraska","All","4.2","1.88","2.07","0.29"
"2023-01-07","Ohio","All","4.5","2.54","1.75","0.21"
"2023-01-07","Oklahoma","All","6.04","3.38","2.38","0.36"
"2023-01-14","Delaware","All","4.08","3.03","0.91","0.16"
"2023-01-14","Georgia","All","3.2","2.35","0.79","0.09"
"2023-01-14","Kansas","All","3.22","1.89","1.04","0.35"
"2023-01-14","Michigan","All","3.74","2.02","1.52","0.24"
"2023-01-14","Mississippi","All","4.41","3.36","1.04","0.1"
"2023-01-14","Montana","All","3.88","1.58","1.33","1"
"2023-01-14","New Jersey","All","4.3","3.33","0.8","0.19"
"2023-01-14","North Dakota","All","5.82","2.32","2.86","0.7"
"2023-01-14","Virginia","All","4.73","3.87","0.76","0.16"
"2023-01-14","West Virginia","All","4.41","3.21","0.93","0.32"
"2023-01-14","Wisconsin","All","3.34","1.95","1.15","0.26"
"2023-01-21","Arizona","All","2.41","1.6","0.58","0.28"
"2023-01-21","Massachusetts","All","4.29","3.38","0.8","0.15"
"2023-01-21","Mississippi","All","3.91","2.95","0.94","0.1"
"2023-01-21","New York","All","2.79","2.23","0.48","0.11"
"2023-01-21","North Dakota","All","4.98","2.05","2.26","0.71"
"2023-01-21","Rhode Island","All","3.49","2.83","0.6","0.1"
"2023-01-21","Tennessee","All","3.1","2.44","0.55","0.15"
"2023-01-21","Wyoming","All","3.35","1.35","1.22","0.88"
"2023-01-28","Arkansas","All","2.33","1.53","0.7","0.14"
"2023-01-28","Colorado","All","2.11","1.29","0.5","0.32"
"2023-01-28","District of Columbia","All","3.24","2.64","0.43","0.2"
"2023-01-28","Hawaii","All","3.43","1.98","1.44","0.06"
"2023-01-28","Kansas","All","2.44","1.73","0.47","0.24"
"2023-01-28","Louisiana","All","3.25","2.66","0.55","0.08"
"2023-01-28","New Jersey","All","3.29","2.81","0.38","0.13"
"2023-01-28","Oklahoma","All","2.71","2.08","0.41","0.23"
"2023-01-28","Oregon","All","2.47","1.91","0.22","0.36"
"2023-01-28","South Carolina","All","3.23","2.47","0.71","0.07"
"2023-01-28","South Dakota","All",,"1.32","0.6","0.58"
"2023-01-28","Virginia","All","3.79","3.18","0.52","0.11"
"2023-01-28","West Virginia","All","3.24","2.69","0.4","0.16"
"2023-01-28","Wisconsin","All","2.1","1.61","0.36","0.15"
"2023-02-04","Alaska","All","3.82","2.66","0.55","0.69"
"2023-02-04","Arizona","All","2.07","1.53","0.38","0.18"
"2023-02-04","Connecticut","All","2.74","2.39","0.29","0.06"
"2023-02-04","Indiana","All","2.12","1.77","0.27","0.09"
"2023-02-04","Maine","All","2.74","2.42","0.28","0.06"
"2023-02-04","Massachusetts","All","3.23","2.73","0.38","0.13"
"2023-02-04","Mississippi","All","3.13","2.36","0.71","0.09"
"2023-02-04","New Mexico","All","2.06","1.65","0.28","0.16"
"2023-02-04","Rhode Island","All","2.61","2.36","0.23","0.06"
"2023-02-04","Tennessee","All","2.93","2.44","0.41","0.12"
"2023-02-04","Utah","All","2.16","1.56","0.42","0.21"
"2023-02-04","Virginia","All","3.46","2.93","0.46","0.09"
"2023-02-04","Washington","All","3.22","2.81","0.21","0.24"
"2023-02-04","Wyoming","All","2.32","1.43","0.43","0.46"
"2023-02-11","Alabama","All","3.23","2.64","0.53","0.11"
"2023-02-11","Colorado","All","2.3","1.8","0.29","0.22"
"2023-02-11","District of Columbia","All","2.3","1.91","0.31","0.12"
"2023-02-11","Hawaii","All","2.79","1.79","0.95","0.06"
"2023-02-11","Idaho","All","2.44","1.99","0.29","0.18"
"2023-02-11","New York","All","1.78","1.49","0.23","0.06"
"2023-02-11","Tennessee","All","2.73","2.3","0.39","0.08"
"2023-02-11","Texas","All","2.48","1.83","0.57","0.13"
"2023-02-11","Vermont","All","3.31","2.93","0.14","0.26"
"2023-02-11","Virginia","All","3.02","2.51","0.44","0.1"
"2023-02-11","Washington","All","3.21","2.84","0.17","0.21"
"2023-02-18","Delaware","All","2.54","2.3","0.11","0.15"
"2023-02-18","Kansas","All","2.14","1.84","0.2","0.12"
"2023-02-18","Massachusetts","All","2.57","2.22","0.28","0.08"
"2023-02-18","Minnesota","All","3.04","2.59","0.21","0.25"
"2023-02-18","New Jersey","All","2.02","1.66","0.3","0.08"
"2023-02-18","Oregon","All","2.48","2.19","0.1","0.19"
"2023-02-18","South Dakota","All",,"1.78","0.42","0.16"
"2023-02-18","Virginia","All","2.48","2","0.42","0.08"
"2023-02-18","Washington","All","2.88","2.57","0.14","0.19"
"2023-02-25","Arizona","All","2.38","1.9","0.37","0.13"
"2023-02-25","Florida","All","2.37","1.58","0.73","0.09"
"2023-02-25","Georgia","All","1.41","1.02","0.36","0.05"
"2023-02-25","Hawaii","All","2.66","1.54","1.11","0.06"
"2023-02-25","Idaho","All","2.91","2.49","0.26","0.2"
"2023-02-25","Kansas","All","2.08","1.78","0.17","0.15"
"2023-02-25","Missouri","All",,"0.04","0","0"
"2023-02-25","Pennsylvania","All","1.92","1.7","0.17","0.05"
"2023-02-25","Rhode Island","All","1.65","1.38","0.19","0.11"
"2023-02-25","South Carolina","All","1.98","1.45","0.5","0.04"
"2023-02-25","Utah","All","2.71","2.3","0.28","0.16"
"2023-02-25","Washington","All","2.65","2.42","0.13","0.11"
"2023-03-04","Alabama","All","1.69","1.33","0.33","0.07"
"2023-03-04","Arizona","All","2.3","1.88","0.33","0.11"
"2023-03-04","Arkansas","All","1.46","1.07","0.39","0.06"
"2023-03-04","Colorado","All","2.06","1.75","0.23","0.1"
"2023-03-04","District of Columbia","All","1.49","1.12","0.33","0.08"
"2023-03-04","Illinois","All","2.27","2.04","0.18","0.08"
"2023-03-04","Kentucky","All","1.81","1.52","0.21","0.08"
"2023-03-04","Oklahoma","All","1.59","1.44","0.1","0.05"
"2023-03-04","South Carolina","All","1.72","1.35","0.36","0.02"
"2023-03-04","South Dakota","All",,"1.46","0.35","0.06"
"2023-03-04","Virginia","All","1.73","1.34","0.35","0.06"
"2023-03-04","West Virginia","All","2.22","1.9","0.25","0.09"
"2023-03-11","Colorado","All","1.85","1.58","0.19","0.09"
"2023-03-11","Delaware","All","1.29","1.19","0.05","0.05"
"2023-03-11","Hawaii","All","2.02","1.51","0.52","0"
"2023-03-11","Indiana","All","1.65","1.44","0.16","0.07"
"2023-03-11","Iowa","All","3.23","2.87","0.27","0.14"
"2023-03-11","Kansas","All","1.68","1.42","0.2","0.07"
"2023-03-11","Maryland","All","1.3","1.03","0.23","0.06"
"2023-03-11","Michigan","All","2.15","1.96","0.16","0.05"
"2023-03-11","Minnesota","All","2.43","2.15","0.21","0.08"
"2023-03-11","Montana","All","2.77","2.43","0.24","0.11"
"2023-03-11","New Hampshire","All",,"1.36","0.16","0.05"
"2023-03-11","North Dakota","All","2.17","1.73","0.31","0.13"
"2023-03-11","Pennsylvania","All","1.41","1.21","0.16","0.05"
"2023-03-11","South Carolina","All","1.27","0.95","0.29","0.05"
"2023-03-11","Vermont","All","2.45","2.01","0.26","0.18"
"2023-03-11","Wyoming","All","2.01","1.82","0.13","0.13"
"2023-03-18","Idaho","All","1.99","1.77","0.17","0.09"
"2023-03-18","Indiana","All","1.55","1.29","0.23","0.04"
"2023-03-18","Iowa","All","3.01","2.68","0.24","0.16"
"2023-03-18","Louisiana","All","1.55","1.29","0.24","0.03"
"2023-03-18","Minnesota","All","1.95","1.72","0.11","0.13"
"2023-03-18","New Hampshire","All",,"1.26","0.17","0.11"
"2023-03-18","North Dakota","All","2.1","1.76","0.25","0.1"
"2023-03-18","Ohio","All","1.68","1.47","0.19","0.01"
"2023-03-18","Oklahoma","All","1.91","1.72","0.12","0.08"
"2023-03-18","Oregon","All","1.74","1.57","0.1","0.08"
"2023-03-25","California","All","1.17","1","0.12","0.05"
"2023-03-25","Connecticut","All","1.01","0.83","0.17","0.02"
"2023-03-25","Florida","All","1.86","1.26","0.55","0.07"
"2023-03-25","Georgia","All","0.94","0.58","0.35","0.02"
"2023-03-25","Illinois","All","2","1.76","0.19","0.06"
"2023-03-25","Indiana","All","1.54","1.29","0.18","0.07"
"2023-03-25","Kentucky","All","1.71","1.32","0.34","0.06"
"2023-03-25","Maryland","All","1.05","0.78","0.25","0.02"
"2023-03-25","Mississippi","All","1.44","1.04","0.39","0.02"
"2023-03-25","Montana","All","2.36","2.13","0.12","0.1"
"2023-03-25","North Dakota","All","1.81","1.7","0.08","0.04"
"2023-03-25","Ohio","All","1.55","1.34","0.17","0.02"
"2023-03-25","United States","All","1.48","1.17","0.27","0.05"
"2023-03-25","Utah","All","1.57","1.34","0.18","0.07"
"2023-03-25","Washington","All","2.07","1.92","0.1","0.06"
"2023-03-25","West Virginia","All","1.62","1.37","0.2","0.06"
"2023-03-25","Wisconsin","All","1.81","1.65","0.11","0.05"
"2023-04-01","Alabama","All","1.23","0.91","0.3","0.03"
"2023-04-01","Alaska","All","2.07","1.74","0.23","0.1"
"2023-04-01","California","All","1.15","0.99","0.11","0.04"
"2023-04-01","District of Columbia","All","1.1","0.65","0.43","0.09"
"2023-04-01","Indiana","All","1.42","1.18","0.19","0.05"
"2023-04-01","Louisiana","All","1.38","1.13","0.24","0.03"
"2023-04-01","Missouri","All",,"0.04","0","0"
"2023-04-01","Montana","All","2.11","2.01","0.09","0.04"
"2023-04-01","New York","All","0.96","0.62","0.32","0.02"
"2023-04-01","Oklahoma","All","1.04","0.91","0.07","0.07"
"2023-04-01","Virginia","All","1.15","0.83","0.29","0.04"
"2023-04-01","West Virginia","All","1.56","1.28","0.24","0.05"
"2023-04-01","Wisconsin","All","1.78","1.63","0.11","0.04"
"2023-04-08","Arkansas","All","1.07","0.78","0.24","0.06"
"2023-04-08","Connecticut","All","1.04","0.78","0.24","0.01"
"2023-04-08","Delaware","All","0.66","0.64","0.01","0.01"
"2023-04-08","District of Columbia","All","0.95","0.67","0.26","0.03"
"2023-04-08","Georgia","All","0.83","0.48","0.33","0.02"
"2023-04-08","Indiana","All","1.22","1.04","0.15","0.03"
"2023-04-08","Minnesota","All","1.75","1.39","0.35","0.02"
"2023-04-08","Nevada","All","1.25","1.01","0.21","0.03"
"2023-04-08","New York","All","0.94","0.59","0.33","0.02"
"2023-04-08","North Carolina","All","1.4","0.9","0.49","0.03"
"2023-04-08","Oklahoma","All","1.2","1.09","0.06","0.06"
"2023-04-08","Oregon","All","1.29","1.21","0.06","0.02"
"2023-04-08","Tennessee","All","1.09","0.78","0.26","0.07"
"2023-04-15","Alabama","All","1","0.69","0.3","0.03"
"2023-04-15","Florida","All","1.68","1.05","0.57","0.06"
"2023-04-15","Hawaii","All","3.4","2.87","0.48","0.05"
"2023-04-15","Indiana","All","1.01","0.87","0.12","0.02"
"2023-04-15","Massachusetts","All","1.14","0.94","0.17","0.04"
"2023-04-15","Minnesota","All","1.41","1.08","0.3","0.03"
"2023-04-15","Nebraska","All","1.01","0.8","0.19","0.03"
"2023-04-15","Pennsylvania","All","0.61","0.49","0.11","0.01"
"2023-04-15","South Dakota","All",,"0.7","0.14","0.04"
"2023-04-15","Utah","All","1.29","1.11","0.18","0.01"
"2023-04-15","Vermont","All","0.7","0.68","0.02","0"
"2023-04-15","Washington","All","1.55","1.41","0.11","0.03"
"2023-04-15","West Virginia","All","1.12","1","0.11","0.02"
"2023-04-15","Wisconsin","All","1.43","1.28","0.14","0.03"
"2023-04-22","Kansas","All","0.65","0.58","0.06","0.03"
"2023-04-22","Kentucky","All","0.99","0.73","0.23","0.04"
"2023-04-22","New Jersey","All","0.65","0.31","0.31","0.03"
"2023-04-22","North Dakota","All","1.14","1.08","0.06","0"
"2023-04-22","Ohio","All","0.77","0.67","0.08","0.01"
"2023-04-22","Oregon","All","1.23","1.16","0.05","0.02"
"2023-04-22","Pennsylvania","All","0.58","0.43","0.14","0.01"
"2023-04-22","Rhode Island","All","0.49","0.41","0.08","0.01"
"2023-04-22","South Carolina","All","0.99","0.71","0.26","0.02"
"2023-04-22","United States","All","1.02","0.77","0.23","0.03"
"2023-04-22","Utah","All","1.16","0.94","0.21","0.02"
"2023-04-22","Wyoming","All","1.13","1","0.1","0.03"
"2023-04-29","Alabama","All","1.02","0.67","0.34","0.03"
"2023-04-29","District of Columbia","All","0.55","0.35","0.14","0.06"
"2023-04-29","Hawaii","All","2.83","2.35","0.43","0.05"
"2023-04-29","Maine","All","0.68","0.6","0.06","0.02"
"2023-04-29","Maryland","All","0.53","0.42","0.09","0.03"
"2023-04-29","Mississippi","All","1.26","0.81","0.41","0.04"
"2023-04-29","New Hampshire","All",,"0.53","0.04","0"
"2023-04-29","United States","All","0.96","0.7","0.24","0.03"
"2023-04-29","West Virginia","All","0.75","0.67","0.08","0"
"2023-05-06","Alabama","All","0.95","0.65","0.27","0.03"
"2023-05-06","Colorado","All","0.87","0.7","0.15","0.03"
"2023-05-06","Georgia","All","0.75","0.35","0.38","0.02"
"2023-05-06","Montana","All","1.06","0.9","0.14","0.02"
"2023-05-06","New Jersey","All","0.59","0.33","0.25","0.01"
"2023-05-06","New York","All","0.6","0.36","0.22","0.02"
"2023-05-13","Hawaii","All","2.4","2.07","0.32","0"
"2023-05-13","Illinois","All","1.03","0.81","0.21","0.02"
"2023-05-13","Kentucky","All","0.84","0.6","0.22","0.03"
"2023-05-13","Maryland","All","0.54","0.4","0.12","0.02"
"2023-05-13","Mississippi","All","1.1","0.68","0.42","0.03"
"2023-05-13","Ohio","All","0.66","0.56","0.1","0.01"
"2023-05-13","Rhode Island","All","0.51","0.35","0.17","0.01"
"2023-05-13","South Carolina","All","0.95","0.64","0.31","0.02"
"2023-05-13","Tennessee","All","1","0.58","0.37","0.05"
"2023-05-13","United States","All","0.92","0.63","0.27","0.03"
"2023-05-13","Wisconsin","All","0.81","0.73","0.07","0.01"
"2023-05-20","Arkansas","All","0.88","0.59","0.27","0.04"
"2023-05-20","California","All","0.88","0.76","0.09","0.01"
"2023-05-20","Kentucky","All","0.8","0.58","0.18","0.04"
"2023-05-20","Louisiana","All","0.97","0.67","0.28","0.03"
"2023-05-20","Massachusetts","All","0.69","0.54","0.14","0.01"
"2023-05-20","Michigan","All","0.84","0.65","0.18","0.02"
"2023-05-20","Montana","All","0.5","0.43","0.07","0"
"2023-05-20","New Mexico","All","1.69","1.39","0.28","0.02"
"2023-05-20","North Carolina","All","1.05","0.62","0.43","0.02"
"2023-05-20","Ohio","All","0.51","0.43","0.07","0.01"
"2023-05-20","South Dakota","All",,"0.48","0.09","0"
"2023-05-20","Tennessee","All","0.89","0.53","0.33","0.04"
"2023-05-20","Vermont","All","0.61","0.51","0.08","0.02"
"2023-05-20","Washington","All","1.05","0.93","0.12","0.01"
"2023-05-20","West Virginia","All","0.57","0.41","0.16","0"
"2023-05-20","Wyoming","All","1.01","0.67","0.31","0.03"
"2023-05-27","Arizona","All","1.65","0.91","0.75","0.01"
"2023-05-27","California","All","0.76","0.63","0.09","0.01"
"2023-05-27","Georgia","All","0.86","0.33","0.5","0.03"
"2023-05-27","Maine","All","0.68","0.67","0.01","0"
"2023-05-27","Michigan","All","0.81","0.6","0.2","0.01"
"2023-05-27","Minnesota","All","0.54","0.42","0.12","0"
"2023-05-27","Mississippi","All","1.12","0.61","0.52","0.01"
"2023-05-27","New Mexico","All","1.33","1.1","0.22","0.01"
"2023-05-27","North Carolina","All","0.94","0.57","0.37","0.02"
"2023-05-27","United States","All","0.84","0.55","0.28","0.02"
"2023-05-27","Virginia","All","0.67","0.49","0.15","0.02"
"2023-06-03","Alabama","All","0.86","0.57","0.3","0.02"
"2023-06-03","Arkansas","All","0.6","0.43","0.14","0.03"
"2023-06-03","Georgia","All","0.76","0.33","0.42","0.02"
"2023-06-03","Hawaii","All","2.52","1.66","0.78","0.08"
"2023-06-03","Idaho","All","0.51","0.43","0.09","0"
"2023-06-03","Indiana","All","0.55","0.41","0.13","0.02"
"2023-06-03","Maine","All","0.59","0.55","0.04","0"
"2023-06-03","Missouri","All",,"0.01","0","0"
"2023-06-03","Nevada","All","1.13","0.76","0.36","0.02"
"2023-06-03","New Hampshire","All",,"0.47","0.05","0"
"2023-06-03","North Dakota","All","0.62","0.44","0.12","0.07"
"2023-06-03","Oregon","All","0.75","0.68","0.06","0.01"
"2023-06-03","Tennessee","All","0.73","0.41","0.27","0.05"
"2023-06-03","United States","All","0.86","0.56","0.29","0.02"
"2023-06-03","Vermont","All","0.6","0.53","0.07","0"
"2023-06-03","Virginia","All","0.77","0.55","0.21","0.02"
"2023-06-03","West Virginia","All","0.52","0.42","0.07","0.02"
"2023-06-10","Alabama","All","0.69","0.46","0.21","0.02"
"2023-06-10","Georgia","All","0.59","0.3","0.28","0.02"
"2023-06-10","Maryland","All","0.46","0.34","0.11","0.01"
"2023-06-10","Mississippi","All","0.89","0.51","0.35","0.04"
"2023-06-10","Nebraska","All","0.23","0.19","0.05","0"
"2023-06-10","North Dakota","All","0.58","0.4","0.15","0.04"
"2023-06-10","Ohio","All","0.3","0.25","0.04","0.01"
"2023-06-10","Utah","All","0.73","0.54","0.19","0.01"
"2023-06-10","Vermont","All","0.6","0.58","0.02","0.04"
"2023-06-17","Alaska","All","2.39","1.71","0.72","0.05"
"2023-06-17","Connecticut","All","0.52","0.43","0.09","0"
"2023-06-17","Indiana","All","0.43","0.3","0.1","0.02"
"2023-06-17","Kentucky","All","0.46","0.32","0.13","0.02"
"2023-06-17","Minnesota","All","0.48","0.4","0.06","0.03"
"2023-06-17","Mississippi","All","0.7","0.36","0.31","0.05"
"2023-06-17","Oklahoma","All","0.29","0.24","0.06","0"
"2023-06-17","Rhode Island","All","0.57","0.47","0.08","0.02"
"2023-06-17","Vermont","All","0.62","0.6","0.02","0"
"2023-06-24","Connecticut","All","0.51","0.45","0.06","0.01"
"2023-06-24","Illinois","All","0.5","0.41","0.08","0.01"
"2023-06-24","Kentucky","All","0.44","0.31","0.1","0.04"
"2023-06-24","Massachusetts","All","0.65","0.54","0.11","0.01"
"2023-06-24","Minnesota","All","0.35","0.29","0.05","0.01"
"2023-06-24","Missouri","All",,"0.02","0","0"
"2023-06-24","Nevada","All","1","0.66","0.33","0.02"
"2023-06-24","New York","All","0.42","0.32","0.09","0.01"
"2023-06-24","Oklahoma","All","0.37","0.31","0.04","0.02"
"2023-06-24","Oregon","All","0.74","0.69","0.04","0"
"2023-06-24","Pennsylvania","All","0.34","0.28","0.05","0"
"2023-06-24","South Dakota","All",,"0.13","0.02","0.02"
"2023-07-01","Alabama","All","0.67","0.53","0.13","0.02"
"2023-07-01","Alaska","All","1.82","1.45","0.34","0.03"
"2023-07-01","California","All","0.81","0.7","0.1","0.01"
"2023-07-01","Georgia","All","0.55","0.38","0.14","0.03"
"2023-07-01","Illinois","All","0.49","0.4","0.07","0.02"
"2023-07-01","Iowa","All","0.97","0.77","0.21","0.04"
"2023-07-01","Massachusetts","All","0.54","0.48","0.05","0.01"
"2023-07-01","Michigan","All","0.43","0.36","0.07","0.01"
"2023-07-01","Mississippi","All","0.8","0.49","0.29","0.03"
"2023-07-01","Missouri","All",,"0.01","0","0"
"2023-07-01","Nebraska","All","0.29","0.24","0.03","0.02"
"2023-07-01","Nevada","All","0.91","0.71","0.2","0.01"
"2023-07-01","New Hampshire","All",,"0.48","0.05","0"
"2023-07-01","New Jersey","All","0.45","0.34","0.1","0.01"
"2023-07-01","United States","All","0.74","0.54","0.18","0.02"
"2023-07-01","Washington","All","1.07","0.92","0.16","0"
"2023-07-01","West Virginia","All","0.33","0.29","0.05","0"
"2023-07-08","Alaska","All","2.25","1.98","0.31","0"
"2023-07-08","Arkansas","All","0.46","0.28","0.16","0.02"
"2023-07-08","Kentucky","All","0.49","0.38","0.08","0.04"
"2023-07-08","Maine","All","0.47","0.45","0.02","0"
"2023-07-08","Missouri","All",,"0.02","0.01","0"
"2023-07-08","Nebraska","All","0.15","0.14","0.02","0"
"2023-07-08","Nevada","All","1.02","0.75","0.27","0.01"
"2023-07-08","New Hampshire","All",,"0.63","0.06","0.02"
"2023-07-08","Oregon","All","0.85","0.79","0.06","0"
"2023-07-08","Rhode Island","All","0.39","0.33","0.06","0"
"2023-07-08","Virginia","All","0.69","0.58","0.1","0.01"
"2023-07-15","California","All","0.92","0.8","0.1","0.01"
"2023-07-15","Florida","All","2.48","1.75","0.66","0.1"
"2023-07-15","Georgia","All","0.74","0.56","0.17","0.02"
"2023-07-15","Kentucky","All","0.54","0.43","0.1","0.02"
"2023-07-15","Maine","All","0.61","0.59","0.03","0"
"2023-07-15","Michigan","All","0.41","0.36","0.05","0.01"
"2023-07-15","Mississippi","All","0.94","0.71","0.23","0.02"
"2023-07-15","Nebraska","All","0.19","0.18","0.01","0.01"
"2023-07-15","New Hampshire","All",,"0.55","0.03","0"
"2023-07-15","North Carolina","All","1.02","0.73","0.3","0.01"
"2023-07-15","Utah","All","0.69","0.59","0.1","0"
"2023-07-15","West Virginia","All","0.41","0.36","0.05","0.01"
"2023-07-22","Colorado","All","0.56","0.5","0.06","0"
"2023-07-22","Connecticut","All","0.55","0.52","0.03","0"
"2023-07-22","Idaho","All","0.44","0.39","0.07","0.01"
"2023-07-22","Indiana","All","0.46","0.41","0.03","0.01"
"2023-07-22","Oklahoma","All","0.46","0.39","0.05","0.02"
"2023-07-22","Rhode Island","All","0.59","0.48","0.08","0.03"
"2023-07-22","United States","All","0.99","0.83","0.15","0.02"
"2023-07-22","Virginia","All","0.89","0.75","0.14","0.01"
"2023-07-29","Florida","All","3.22","2.55","0.59","0.12"
"2023-07-29","Hawaii","All","4.35","3.22","1.19","0.03"
"2023-07-29","Illinois","All","0.83","0.74","0.07","0.02"
"2023-07-29","Indiana","All","0.73","0.65","0.06","0.02"
"2023-07-29","Kansas","All","0.57","0.55","0.03","0"
"2023-07-29","Kentucky","All","0.75","0.67","0.07","0.01"
"2023-07-29","Louisiana","All","2.3","2.1","0.16","0.04"
"2023-07-29","Michigan","All","0.53","0.5","0.03","0.01"
"2023-07-29","Montana","All","0.7","0.68","0.02","0"
"2023-07-29","Nebraska","All","0.48","0.45","0.01","0.02"
"2023-07-29","New Hampshire","All",,"0.69","0.1","0.02"
"2023-07-29","North Carolina","All","1.52","1.21","0.32","0.02"
"2023-07-29","Pennsylvania","All","0.57","0.5","0.06","0.01"
"2023-07-29","Rhode Island","All","0.56","0.55","0.02","0"
"2023-07-29","Vermont","All","0.72","0.69","0.04","0"
"2023-08-05","Alabama","All","2.41","2.17","0.23","0.04"
"2023-08-05","California","All","1.6","1.51","0.09","0.01"
"2023-08-05","Florida","All","3.71","3.02","0.6","0.14"
"2023-08-05","Georgia","All","1.55","1.33","0.19","0.04"
"2023-08-05","Louisiana","All","2.56","2.38","0.15","0.06"
"2023-08-05","Massachusetts","All","1.02","0.95","0.06","0.02"
"2023-08-05","Nebraska","All","0.4","0.35","0.04","0"
"2023-08-05","Nevada","All","1.19","1.1","0.1","0"
"2023-08-05","New Hampshire","All",,"0.86","0.02","0"
"2023-08-05","New Mexico","All","1.18","1.08","0.09","0.02"
"2023-08-05","Oklahoma","All","0.95","0.9","0.04","0.01"
"2023-08-05","Oregon","All","1.33","1.26","0.07","0"
"2023-08-05","Tennessee","All","1.44","1.27","0.16","0.03"
"2023-08-05","United States","All","1.47","1.3","0.16","0.04"
"2023-08-12","Alabama","All","3.04","2.74","0.28","0.05"
"2023-08-12","Alaska","All","2.07","1.71","0.32","0.07"
"2023-08-12","Arkansas","All","1.41","1.28","0.12","0.02"
"2023-08-12","Colorado","All","1.01","0.95","0.05","0.02"
"2023-08-12","Delaware","All","1.13","1.07","0.06","0.02"
"2023-08-12","District of Columbia","All","1.4","1.27","0.07","0.08"
"2023-08-12","Maine","All","0.98","0.95","0.03","0.01"
"2023-08-12","Mississippi","All","3.24","2.9","0.36","0.06"
"2023-08-12","Nevada","All","1.64","1.47","0.17","0.02"
"2023-08-12","New Jersey","All","1.01","0.91","0.09","0.01"
"2023-08-12","New Mexico","All","1.7","1.61","0.09","0.01"
"2023-08-12","North Carolina","All","2.27","1.98","0.31","0.03"
"2023-08-12","North Dakota","All","0.74","0.68","0.04","0.02"
"2023-08-12","Oregon","All","1.66","1.56","0.1","0.01"
"2023-08-12","West Virginia","All","0.97","0.91","0.05","0.01"
"2023-08-19","Alabama","All","4.11","3.74","0.35","0.06"
"2023-08-19","Arkansas","All","2.03","1.87","0.12","0.03"
"2023-08-19","Connecticut","All","1.57","1.53","0.04","0"
"2023-08-19","Illinois","All","1.64","1.54","0.08","0.03"
"2023-08-19","Kansas","All","1.21","1.13","0.07","0.01"
"2023-08-19","Maine","All","1.23","1.19","0.04","0"
"2023-08-19","Montana","All","1.26","1.22","0.02","0.01"
"2023-08-19","New Jersey","All","1.27","1.15","0.09","0.02"
"2023-08-19","Ohio","All","1.09","1.03","0.05","0.01"
"2023-08-19","Oklahoma","All","1.34","1.23","0.09","0.02"
"2023-08-19","Oregon","All","2.02","1.94","0.07","0.01"
"2023-08-19","Texas","All","3.05","2.74","0.26","0.09"
"2023-08-19","Vermont","All","1.32","1.32","0","0"
"2023-08-26","Arizona","All","1.83","1.7","0.11","0.03"
"2023-08-26","Florida","All","5.4","4.48","0.77","0.21"
"2023-08-26","Louisiana","All","4.48","4.15","0.29","0.07"
"2023-08-26","Maine","All","1.7","1.65","0.03","0.01"
"2023-08-26","Missouri","All",,"0.07","0","0"
"2023-08-26","Nevada","All","2.12","1.9","0.21","0.02"
"2023-08-26","Tennessee","All","3.49","3.21","0.28","0.05"
"2023-08-26","Texas","All","3.98","3.58","0.34","0.11"
"2023-09-02","Alabama","All","4.82","4.32","0.48","0.1"
"2023-09-02","Alaska","All","2.68","2.34","0.38","0.03"
"2023-09-02","Connecticut","All","2.08","1.97","0.09","0.02"
"2023-09-02","Idaho","All","1.92","1.87","0.06","0.02"
"2023-09-02","Iowa","All","2.74","2.49","0.26","0.04"
"2023-09-02","Minnesota","All","1.65","1.56","0.07","0.02"
"2023-09-02","New Mexico","All","2.28","2.16","0.12","0.01"
"2023-09-02","North Dakota","All","1.1","1.06","0.02","0.02"
"2023-09-02","Ohio","All","1.81","1.72","0.07","0"
"2023-09-02","Oregon","All","2.57","2.48","0.06","0.02"
"2023-09-02","Rhode Island","All","1.56","1.49","0.07","0"
"2023-09-02","South Carolina","All","4.46","4.05","0.34","0.11"
"2023-09-02","Utah","All","1.88","1.73","0.14","0.01"
"2023-09-02","Wyoming","All","1.86","1.77","0.09","0.03"
"2023-09-09","Arizona","All","1.98","1.81","0.14","0.03"
"2023-09-09","Arkansas","All","3.74","3.52","0.25","0.03"
"2023-09-09","Delaware","All","1.98","1.79","0.13","0.07"
"2023-09-09","Georgia","All","1.93","1.51","0.25","0.17"
"2023-09-09","Hawaii","All","5.26","3.89","1.32","0.1"
"2023-09-09","Indiana","All","1.96","1.82","0.11","0.04"
"2023-09-09","Iowa","All","2.71","2.51","0.15","0.06"
"2023-09-09","Nevada","All","2.09","1.9","0.18","0.01"
"2023-09-09","New Mexico","All","2.1","1.93","0.15","0.03"
"2023-09-09","New York","All","1.96","1.87","0.08","0.03"
"2023-09-09","Rhode Island","All","1.89","1.75","0.08","0.09"
"2023-09-09","Tennessee","All","2.7","2.35","0.26","0.1"
"2023-09-09","United States","All","2.72","2.42","0.25","0.08"
"2023-09-16","Illinois","All","1.94","1.76","0.13","0.05"
"2023-09-16","Maine","All","1.73","1.69","0.04","0"
"2023-09-16","Missouri","All",,"0.11","0.01","0"
"2023-09-16","Montana","All","2.5","2.4","0.09","0.02"
"2023-09-16","New Mexico","All","2.2","2.02","0.19","0.02"
"2023-09-16","North Dakota","All","1.77","1.66","0.05","0.05"
"2023-09-16","Oregon","All","3.41","3.27","0.13","0.02"
"2023-09-16","Tennessee","All","2.12","1.7","0.31","0.13"
"2023-09-16","United States","All","2.38","2.06","0.26","0.09"
"2023-09-16","Washington","All","3.31","3.11","0.2","0.02"
"2023-09-16","Wyoming","All","2.14","2.11","0.03","0"
"2023-09-23","Connecticut","All","2.55","2.39","0.12","0.04"
"2023-09-23","Georgia","All","1.56","0.96","0.32","0.3"
"2023-09-23","Indiana","All","1.67","1.52","0.09","0.06"
"2023-09-23","Kansas","All","1.71","1.63","0.07","0.02"
"2023-09-23","Minnesota","All","2.6","2.43","0.15","0.02"
"2023-09-23","Mississippi","All","2.76","1.86","0.49","0.44"
"2023-09-23","New Jersey","All","2.1","1.91","0.13","0.06"
"2023-09-23","New York","All","2.08","1.94","0.11","0.04"
"2023-09-23","North Carolina","All","3.7","3","0.71","0.08"
"2023-09-23","North Dakota","All","1.43","1.32","0.05","0.07"
"2023-09-23","Ohio","All","1.87","1.73","0.09","0.04"
"2023-09-23","Oklahoma","All","1.37","1.24","0.09","0.04"
"2023-09-23","Pennsylvania","All","1.74","1.64","0.09","0.02"
"2023-09-23","South Carolina","All","2.97","2.34","0.43","0.23"
"2023-09-23","Tennessee","All","1.84","1.34","0.25","0.27"
"2023-09-23","Texas","All","2.41","1.8","0.42","0.21"
"2023-09-23","United States","All","2.3","1.89","0.29","0.13"
"2023-09-23","Vermont","All","2.37","2.29","0.06","0.02"
"2023-09-23","Wyoming","All","2.54","2.25","0.16","0.16"
"2023-09-30","Alaska","All","4.24","1.83","2.42","0.05"
"2023-09-30","Connecticut","All","2.37","2.23","0.11","0.03"
"2023-09-30","Delaware","All","1.97","1.68","0.1","0.2"
"2023-09-30","Illinois","All","1.72","1.46","0.14","0.13"
"2023-09-30","Montana","All","3.17","3.07","0.1","0"
"2023-09-30","New Mexico","All","3","2.81","0.12","0.08"
"2023-09-30","North Dakota","All","1.71","1.55","0.15","0.04"
"2023-09-30","Oklahoma","All","1.08","0.99","0.04","0.05"
"2023-09-30","South Carolina","All","2.63","1.98","0.43","0.23"
"2023-09-30","Tennessee","All","1.84","1.19","0.34","0.34"
"2023-09-30","United States","All","2.18","1.69","0.33","0.17"
"2023-09-30","Utah","All","2.14","1.92","0.2","0.03"
"2023-09-30","Virginia","All","2.36","1.93","0.24","0.2"
"2023-09-30","Wisconsin","All","1.81","1.73","0.06","0.02"
"2023-10-07","Alaska","All","4.01","1.47","2.48","0.09"
"2023-10-07","Florida","All","3.45","1.22","1.65","0.63"
"2023-10-07","Idaho","All","2.52","2.37","0.1","0.05"
"2023-10-07","Massachusetts","All","2.44","2.07","0.14","0.24"
"2023-10-07","Missouri","All",,"0.08","0.01","0"
"2023-10-07","Montana","All","3.02","2.98","0.02","0.01"
"2023-10-07","New Hampshire","All",,"1.98","0.23","0.1"
"2023-10-07","New York","All","1.76","1.56","0.13","0.08"
"2023-10-07","Pennsylvania","All","1.53","1.43","0.06","0.05"
"2023-10-07","South Carolina","All","2.63","1.78","0.54","0.34"
"2023-10-07","Vermont","All","2.2","2.16","0.04","0"
"2023-10-07","Washington","All","2.79","2.57","0.19","0.05"
"2023-10-07","West Virginia","All","2.33","2.17","0.1","0.05"
"2023-10-14","Alabama","All","2.51","1.17","0.72","0.65"
"2023-10-14","Colorado","All","2.62","2.32","0.24","0.07"
"2023-10-14","Georgia","All","1.66","0.65","0.43","0.59"
"2023-10-14","Kansas","All","1.34","1.18","0.11","0.06"
"2023-10-14","Michigan","All","1.53","1.35","0.12","0.06"
"2023-10-14","Minnesota","All","2.04","1.83","0.15","0.07"
"2023-10-14","Nevada","All","2.03","1.69","0.32","0.04"
"2023-10-14","New Hampshire","All",,"1.48","0.1","0.07"
"2023-10-14","New Jersey","All","1.64","1.24","0.17","0.23"
"2023-10-14","New Mexico","All","3.34","3.09","0.16","0.12"
"2023-10-14","North Dakota","All","1.51","1.42","0.06","0.04"
"2023-10-14","Tennessee","All","2.06","1.03","0.45","0.62"
"2023-10-14","Vermont","All","1.83","1.77","0.04","0.02"
"2023-10-14","Virginia","All","2.3","1.62","0.31","0.39"
"2023-10-14","Washington","All","2.54","2.28","0.19","0.08"
"2023-10-21","California","All","1.51","1.16","0.19","0.14"
"2023-10-21","Hawaii","All","5.46","2.01","2.82","0.63"
"2023-10-21","Iowa","All","2.45","2.12","0.17","0.19"
"2023-10-21","Kentucky","All","2.35","1.73","0.28","0.37"
"2023-10-21","Louisiana","All","2.68","0.98","1.01","0.71"
"2023-10-21","Maine","All","1.73","1.57","0.06","0.09"
"2023-10-21","Montana","All","2.62","2.55","0.06","0.01"
"2023-10-21","New Jersey","All","1.57","1.06","0.23","0.29"
"2023-10-21","New York","All","1.39","1.09","0.12","0.18"
"2023-10-21","Ohio","All","1.65","1.37","0.14","0.1"
"2023-10-21","Oklahoma","All","1.73","1.43","0.2","0.11"
"2023-10-21","Oregon","All","2.22","2.03","0.11","0.08"
"2023-10-21","South Carolina","All","2.43","1.36","0.45","0.64"
"2023-10-21","Texas","All","2.59","1.1","0.82","0.73"
"2023-10-21","United States","All","2.27","1.35","0.55","0.38"
"2023-10-21","Vermont","All","1.96","1.79","0.08","0.1"
"2023-10-21","Wisconsin","All","1.76","1.6","0.08","0.09"
"2023-10-28","California","All","1.46","1.06","0.21","0.2"
"2023-10-28","Connecticut","All","1.96","1.56","0.17","0.25"
"2023-10-28","Kentucky","All","2.61","1.88","0.33","0.43"
"2023-10-28","Louisiana","All","3.11","1.01","1.32","0.82"
"2023-10-28","Massachusetts","All","2.19","1.37","0.18","0.66"
"2023-10-28","New Hampshire","All",,"1.37","0.07","0.23"
"2023-10-28","New York","All","1.51","1.08","0.15","0.29"
"2023-10-28","South Dakota","All",,"1.84","0.06","0.06"
"2023-10-28","Vermont","All","1.85","1.81","0.02","0.06"
"2023-10-28","Washington","All","1.89","1.55","0.21","0.14"
"2023-11-04","Alabama","All","4.09","1.09","1.94","1.09"
"2023-11-04","Colorado","All","3.12","2.44","0.62","0.1"
"2023-11-04","Delaware","All","2.66","1.15","0.12","1.41"
"2023-11-04","Illinois","All","2.72","1.76","0.36","0.61"
"2023-11-04","North Dakota","All","1.83","1.76","0.02","0.06"
"2023-11-04","Oklahoma","All","2.06","1.49","0.22","0.36"
"2023-11-04","Texas","All","3.59","1.07","1.43","1.17"
"2023-11-04","Vermont","All","2.24","1.84","0.21","0.16"
"2023-11-04","Washington","All","2.12","1.58","0.36","0.19"
"2023-11-04","West Virginia","All","3.08","2.42","0.28","0.43"
"2023-11-04","Wisconsin","All","1.95","1.68","0.14","0.14"
"2023-11-11","Illinois","All","3.38","2.06","0.52","0.82"
"2023-11-11","Iowa","All","2.76","2.04","0.5","0.24"
"2023-11-11","Louisiana","All","5.47","1.05","3.26","1.22"
"2023-11-11","Maine","All","2.18","1.92","0.17","0.11"
"2023-11-11","Missouri","All",,"0.13","0.02","0.03"
"2023-11-11","New Mexico","All","6.07","5.19","0.5","0.44"
"2023-11-11","Ohio","All","2.33","1.8","0.23","0.3"
"2023-11-11","Oklahoma","All","2.91","2.07","0.3","0.55"
"2023-11-11","Tennessee","All","3.53","1.42","0.84","1.32"
"2023-11-11","West Virginia","All","3.72","2.83","0.36","0.57"
"2023-11-18","Alabama","All","6.68","1.24","3.93","1.62"
"2023-11-18","California","All","2.62","1.36","0.9","0.49"
"2023-11-18","Delaware","All","3.97","1.31","0.44","2.28"
"2023-11-18","Hawaii","All","5.27","1.51","3.23","0.67"
"2023-11-18","Michigan","All","3.1","2.32","0.35","0.45"
"2023-11-18","North Carolina","All","5.16","1.61","2.45","1.22"
"2023-11-18","North Dakota","All","2.81","2.47","0.25","0.11"
"2023-11-18","Oklahoma","All","3.62","2.27","0.51","0.85"
"2023-11-18","South Carolina","All","5.25","1.43","2.82","1.03"
"2023-11-18","South Dakota","All",,"2.66","0.13","0.13"
"2023-11-18","United States","All","3.82","1.61","1.41","0.84"
"2023-11-18","Virginia","All","3.61","1.75","0.93","0.97"
"2023-11-25","Alabama","All","7.36","1.34","4.34","1.79"
"2023-11-25","Alaska","All","5.41","1.14","3.24","1.04"
"2023-11-25","Arkansas","All","4.85","1.7","1.18","2.08"
"2023-11-25","Florida","All","5.79","0.93","4.21","0.71"
"2023-11-25","Indiana","All","4.78","2.91","0.95","0.94"
"2023-11-25","Montana","All","3.84","2.79","0.93","0.17"
"2023-11-25","New Hampshire","All",,"1.88","0.35","0.94"
"2023-11-25","New Mexico","All","6.67","4.49","1.09","1.19"
"2023-11-25","North Dakota","All","3.55","2.93","0.5","0.14"
"2023-11-25","South Carolina","All","6.36","1.54","3.64","1.27"
"2023-11-25","Washington","All","3.48","1.58","1.04","0.9"
"2023-12-02","Arizona","All","4.8","2.47","2.02","0.4"
"2023-12-02","Arkansas","All","4.93","1.68","1.01","2.31"
"2023-12-02","Colorado","All","5.37","2.6","2.28","0.57"
"2023-12-02","Connecticut","All","4.38","2.45","1.12","0.86"
"2023-12-02","District of Columbia","All","3.39","1.26","0.9","1.26"
"2023-12-02","Hawaii","All","4.62","1.14","2.93","0.59"
"2023-12-02","Idaho","All","4","2.92","0.84","0.29"
"2023-12-02","Kentucky","All","5.95","3.04","1.09","1.94"
"2023-12-02","Maryland","All","4.72","2.13","1.16","1.52"
"2023-12-02","Missouri","All",,"0.26","0.12","0.08"
"2023-12-02","Montana","All","4.04","2.85","1.09","0.14"
"2023-12-02","Nevada","All","4.01","1.66","1.72","0.7"
"2023-12-02","New York","All","3.79","1.75","1.18","0.89"
"2023-12-02","Oregon","All","3.14","2.02","0.59","0.56"
"2023-12-02","Washington","All","4.08","1.8","1.33","1.01"
"2023-12-02","Wyoming","All","5.41","3.18","1.96","0.42"
"2023-12-09","Connecticut","All","4.24","2.33","1.17","0.78"
"2023-12-09","Florida","All","5.82","1.2","4.17","0.52"
"2023-12-09","Hawaii","All","5.63","1.46","3.66","0.58"
"2023-12-09","Minnesota","All","6.59","3.85","1.48","1.32"
"2023-12-09","Oklahoma","All","4.53","2.72","0.65","1.21"
"2023-12-09","Oregon","All","3.26","1.8","0.79","0.7"
"2023-12-09","South Carolina","All","8.53","1.66","6.16","0.81"
"2023-12-09","South Dakota","All",,"2.92","0.87","0.39"
"2023-12-09","Washington","All","4.59","1.79","1.76","1.13"
"2023-12-16","Colorado","All","6.73","2.02","3.8","1.04"
"2023-12-16","Connecticut","All","5.51","3.05","1.72","0.8"
"2023-12-16","Hawaii","All","5.67","1.23","4.07","0.48"
"2023-12-16","Kansas","All","5.14","2.86","1.41","0.92"
"2023-12-16","Minnesota","All","7.96","4.27","2.21","1.63"
"2023-12-16","New York","All","5.63","2.22","2.59","0.9"
"2023-12-16","Rhode Island","All","5.5","2.81","1.83","0.99"
"2023-12-16","Washington","All","5.23","1.9","2.21","1.22"
"2023-12-16","Wisconsin","All","6.66","3.53","2.15","1.06"
"2023-12-23","Alabama","All","14.36","2.72","10.96","0.87"
"2023-12-23","California","All","7.09","2.47","4.15","0.9"
"2023-12-23","District of Columbia","All","7.29","2.25","4.44","0.72"
"2023-12-23","Idaho","All","6.95","2.77","3.36","0.91"
"2023-12-23","Maine","All","6.53","3.68","1.88","1.04"
"2023-12-23","Nevada","All","7.3","1.96","4.51","0.95"
"2023-12-23","Texas","All","9.7","2.25","6.75","0.86"
"2023-12-23","Virginia","All","10.83","3.84","6.42","0.76"
"2023-12-23","Wisconsin","All","7.94","3.64","3.19","1.24"
"2023-12-23","Wyoming","All","8.64","3.24","4.73","0.75"
"2023-12-30","Arizona","All","10.69","3.02","6.89","1.02"
"2023-12-30","California","All","7.39","2.8","3.96","0.96"
"2023-12-30","Connecticut","All","8.93","4.89","3.51","0.71"
"2023-12-30","Florida","All","8.62","2.51","5.83","0.4"
"2023-12-30","Georgia","All","9.99","2.21","7.67","0.29"
"2023-12-30","Idaho","All","9.22","3.51","4.9","0.99"
"2023-12-30","Kansas","All","7.06","3.61","2.19","1.43"
"2023-12-30","Maine","All","8.76","4.97","2.78","1.11"
"2023-12-30","Michigan","All","9.51","4.79","3.53","1.36"
"2023-12-30","Mississippi","All","13.32","3","10.15","0.38"
"2023-12-30","Nevada","All","7.55","2.15","4.32","1.22"
"2023-12-30","New York","All","8.93","3.71","4.55","0.86"
"2023-12-30","North Dakota","All","7.37","2.8","4.02","0.72"
"2023-12-30","Pennsylvania","All","9.68","3.71","5.14","1.03"
"2023-12-30","Rhode Island","All","8.65","3.99","3.9","0.9"
"2023-12-30","South Dakota","All",,"3.61","3.01","0.93"
"2023-12-30","United States","All","10.04","3.44","5.86","0.98"
"2024-01-06","Arkansas","All","8.91","2.78","4.85","1.49"
"2024-01-06","Colorado","All","7.27","2.15","4.2","1.08"
"2024-01-06","Florida","All","7.87","2.84","4.83","0.33"
"2024-01-06","Hawaii","All","7.31","2.65","4.2","0.58"
"2024-01-06","Idaho","All","8.01","3.26","3.46","1.41"
"2024-01-06","Illinois","All","8.29","3.66","3.53","1.27"
"2024-01-06","Iowa","All","9.05","4.37","3.08","1.84"
"2024-01-06","Kansas","All","6.56","2.84","2.41","1.44"
"2024-01-06","Kentucky","All","9.09","3.38","4.55","1.36"
"2024-01-06","North Dakota","All","6.13","2.36","3.16","0.67"
"2024-01-06","Texas","All","8.64","2.67","5.46","0.66"
"2024-01-13","Alaska","All","5.94","3.86","1.14","1.09"
"2024-01-13","Florida","All","6.57","2.71","3.69","0.27"
"2024-01-13","Georgia","All","5.78","1.84","3.87","0.18"
"2024-01-13","Montana","All","9.91","2.27","7.06","0.74"
"2024-01-13","New Mexico","All","7.87","1.84","4.74","1.49"
"2024-01-13","New York","All","6.05","2.91","2.81","0.45"
"2024-01-13","North Carolina","All","9.65","3.18","6.07","0.73"
"2024-01-13","North Dakota","All","5.29","1.94","2.7","0.67"
"2024-01-13","Ohio","All","6.1","2.57","3.04","0.5"
"2024-01-13","Rhode Island","All","6.01","3.02","2.67","0.4"
"2024-01-13","Tennessee","All","8.37","2.24","5.77","0.54"
"2024-01-13","United States","All","6.58","2.67","3.52","0.61"
"2024-01-13","Wisconsin","All","7.32","3.03","3.16","1.28"
"2024-01-20","California","All","4.26","1.95","2.04","0.52"
"2024-01-20","Florida","All","6.12","2.59","3.41","0.21"
"2024-01-20","Massachusetts","All","5.61","2.88","2.43","0.39"
"2024-01-20","Minnesota","All","7.41","2.57","3.5","1.49"
"2024-01-20","Missouri","All",,"1.94","2.4","0.83"
"2024-01-20","Nebraska","All","3.43","1.61","1.34","0.53"
"2024-01-20","North Carolina","All","7.85","2.86","4.79","0.49"
"2024-01-20","Oregon","All","3.83","1.89","1.4","0.6"
"2024-01-20","Texas","All","7.85","2.44","5.22","0.33"
"2024-01-20","Vermont","All","5.98","2.54","2.44","1.22"
"2024-01-20","West Virginia","All","8.62","2.71","4.64","1.59"
"2024-01-27","Alaska","All","6.54","3.98","2.01","0.7"
"2024-01-27","Connecticut","All","4.93","2.57","2.29","0.13"
"2024-01-27","Florida","All","5.99","2.57","3.33","0.19"
"2024-01-27","Iowa","All","6.03","1.73","3.25","1.19"
"2024-01-27","Maine","All","4.85","2.14","2.27","0.51"
"2024-01-27","Mississippi","All","6","2.44","3.52","0.13"
"2024-01-27","New Hampshire","All",,"1.91","2.36","0.67"
"2024-01-27","North Carolina","All","7.98","3.07","4.81","0.41"
"2024-01-27","Oklahoma","All","6.91","1.74","4.66","0.56"
"2024-01-27","Pennsylvania","All","4.41","1.75","2.41","0.31"
"2024-01-27","Rhode Island","All","4.84","2.23","2.43","0.24"
"2024-01-27","South Dakota","All",,"1.88","2.65","0.97"
"2024-01-27","Tennessee","All","4.91","1.48","3.24","0.28"
"2024-01-27","Virginia","All","5.77","2.43","3.24","0.2"
"2024-02-03","Arkansas","All","8.7","1.74","6.82","0.39"
"2024-02-03","Hawaii","All","4.63","2.47","1.98","0.29"
"2024-02-03","Louisiana","All","5.91","2.83","3.09","0.11"
"2024-02-03","Michigan","All","5.31","1.87","3.08","0.42"
"2024-02-03","Minnesota","All","7.16","2.01","4.13","1.17"
"2024-02-03","Missouri","All",,"1.53","2.87","0.59"
"2024-02-03","New York","All","4.23","1.59","2.45","0.25"
"2024-02-03","Rhode Island","All","4.17","1.71","2.33","0.21"
"2024-02-03","Texas","All","9.47","2.72","6.69","0.24"
"2024-02-03","United States","All","5.47","2","3.29","0.36"
"2024-02-03","Utah","All","5.36","1.55","2.62","1.29"
"2024-02-03","Washington","All","4.38","2.25","1.62","0.59"
"2024-02-03","West Virginia","All","6.41","1.61","3.98","0.95"
"2024-02-03","Wisconsin","All","5.51","1.74","3.03","0.83"
"2024-02-10","Colorado","All","4.16","1.16","2.53","0.53"
"2024-02-10","Delaware","All","5.57","1.91","3.43","0.29"
"2024-02-10","District of Columbia","All","3.09","1.45","1.59","0.1"
"2024-02-10","Florida","All","5.39","2.3","3.04","0.13"
"2024-02-10","Georgia","All","4.87","2.01","2.85","0.1"
"2024-02-10","Kentucky","All","7.74","2.28","5.32","0.26"
"2024-02-10","Mississippi","All","5.23","2.77","2.45","0.08"
"2024-02-10","Montana","All","5.9","1.26","3.75","0.99"
"2024-02-10","Nebraska","All","4.9","1.4","3.05","0.55"
"2024-02-10","Oregon","All","3.28","1.61","1.18","0.53"
"2024-02-10","South Dakota","All",,"1.76","3.3","0.9"
"2024-02-10","United States","All","5.35","1.96","3.25","0.31"
"2024-02-10","Utah","All","4.51","1.24","2.16","1.2"
"2024-02-10","Vermont","All","5.04","1.71","2.19","1.18"
"2024-02-17","Indiana","All","6.46","1.48","4.82","0.24"
"2024-02-17","Kentucky","All","7.62","2.24","5.27","0.2"
"2024-02-17","Maine","All","5.21","1.58","3.28","0.46"
"2024-02-17","Massachusetts","All","4.68","1.51","3.05","0.2"
"2024-02-17","Mississippi","All","4.81","2.7","2.13","0.09"
"2024-02-17","Nebraska","All","4.32","1.07","2.86","0.49"
"2024-02-17","New Jersey","All","4.48","1.48","2.96","0.12"
"2024-02-17","New York","All","4.01","1.26","2.65","0.16"
"2024-02-17","North Dakota","All","3.72","1.05","1.89","0.86"
"2024-02-17","Oregon","All","3.27","1.63","1.3","0.38"
"2024-02-17","Rhode Island","All","3.49","1","2.45","0.12"
"2024-02-17","Washington","All","3.58","1.91","1.26","0.47"
"2024-02-17","Wyoming","All","8.13","1.58","5.57","1.13"
"2024-02-24","Arizona","All","3.25","1.22","1.66","0.41"
"2024-02-24","California","All","1.97","0.9","0.89","0.21"
"2024-02-24","Connecticut","All","3.94","1.47","2.45","0.05"
"2024-02-24","Illinois","All","5.47","1.73","3.49","0.33"
"2024-02-24","Louisiana","All","4.62","2.52","2.1","0.07"
"2024-02-24","Massachusetts","All","4.59","1.27","3.22","0.17"
"2024-02-24","Michigan","All","7.21","1.81","5.21","0.3"
"2024-02-24","Missouri","All",,"1.31","4.12","0.32"
"2024-02-24","North Carolina","All","5.91","2.61","3.32","0.19"
"2024-02-24","North Dakota","All","4.02","1.38","2.01","0.74"
"2024-02-24","Tennessee","All","5.42","2.34","2.99","0.16"
"2024-02-24","Virginia","All","5.34","1.88","3.43","0.1"
"2024-03-02","Alaska","All","3.51","1.3","1.86","0.45"
"2024-03-02","Hawaii","All","3.45","1.56","1.81","0.11"
"2024-03-02","Idaho","All","3.48","1.05","1.86","0.64"
"2024-03-02","Kentucky","All","6.81","1.93","4.78","0.22"
"2024-03-02","Maine","All","3.88","1.32","2.31","0.32"
"2024-03-02","Missouri","All",,"1.1","4.1","0.32"
"2024-03-02","Montana","All","3.69","1.16","1.76","0.83"
"2024-03-02","New Jersey","All","4.21","1.08","3.08","0.09"
"2024-03-02","New York","All","3.39","0.81","2.49","0.12"
"2024-03-02","North Carolina","All","5.24","2.19","3.05","0.19"
"2024-03-02","Oklahoma","All","4.95","1.14","3.61","0.27"
"2024-03-02","Rhode Island","All","3.52","0.69","2.78","0.1"
"2024-03-02","Vermont","All","5.6","0.94","3.99","0.67"
"2024-03-02","Wyoming","All","4.02","0.96","2.45","0.77"
"2024-03-09","Arkansas","All","6.02","1.31","4.65","0.15"
"2024-03-09","Florida","All","3.15","1.05","2.06","0.08"
"2024-03-09","Louisiana","All","2.97","1.58","1.36","0.06"
"2024-03-09","Nebraska","All","4.9","0.83","3.78","0.32"
"2024-03-09","North Carolina","All","4.1","1.58","2.46","0.17"
"2024-03-09","North Dakota","All","3.41","0.88","2.03","0.56"
"2024-03-09","Ohio","All","5.85","0.89","4.86","0.12"
"2024-03-09","Pennsylvania","All","3.92","0.79","3.05","0.12"
"2024-03-09","South Dakota","All",,"0.74","5.04","1.01"
"2024-03-09","United States","All","3.57","1.03","2.5","0.17"
"2024-03-09","Virginia","All","4.4","1.22","3.15","0.08"
"2024-03-16","Alabama","All","2.57","1.24","1.28","0.07"
"2024-03-16","District of Columbia","All","2.59","0.69","1.76","0.17"
"2024-03-16","Illinois","All","3.94","0.94","2.81","0.22"
"2024-03-16","Maine","All","2.74","0.87","1.58","0.28"
"2024-03-16","Massachusetts","All","2.65","0.64","1.94","0.1"
"2024-03-16","Minnesota","All","4.87","0.67","3.87","0.36"
"2024-03-16","Mississippi","All","2.03","1.05","0.94","0.04"
"2024-03-16","Missouri","All",,"0.76","2.73","0.26"
"2024-03-16","Montana","All","3.29","0.79","1.49","1.07"
"2024-03-16","Nebraska","All","4.39","0.63","3.45","0.37"
"2024-03-16","New Hampshire","All",,"0.58","1.58","0.18"
"2024-03-16","North Carolina","All","3.07","1.16","1.85","0.14"
"2024-03-16","Rhode Island","All","2.33","0.46","1.9","0.04"
"2024-03-16","South Dakota","All",,"0.6","4.35","0.94"
"2024-03-16","Utah","All","2.17","0.7","0.99","0.49"
"2024-03-23","Arkansas","All","3.06","0.9","2.06","0.12"
"2024-03-23","California","All","1.15","0.42","0.62","0.09"
"2024-03-23","Connecticut","All","2.11","0.6","1.51","0.01"
"2024-03-23","Delaware","All","3.37","0.72","2.56","0.1"
"2024-03-23","Florida","All","2.28","0.71","1.5","0.09"
"2024-03-23","Massachusetts","All","2.29","0.56","1.69","0.08"
"2024-03-23","Missouri","All",,"0.56","2.03","0.19"
"2024-03-23","Montana","All","2.98","0.77","1.48","0.77"
"2024-03-23","New York","All","2.03","0.5","1.48","0.06"
"2024-03-23","North Carolina","All","2.48","0.93","1.5","0.11"
"2024-03-23","Oregon","All","2.45","0.8","1.42","0.25"
"2024-03-23","South Carolina","All","1.63","0.81","0.78","0.04"
"2024-03-23","Tennessee","All","2.09","0.87","1.15","0.1"
"2024-03-23","Washington","All","2.09","0.91","1.04","0.17"
"2024-03-30","California","All","1.03","0.4","0.54","0.07"
"2024-03-30","Illinois","All","3.44","0.76","2.54","0.17"
"2024-03-30","Maine","All","1.86","0.52","1.24","0.11"
"2024-03-30","Massachusetts","All","2.46","0.59","1.82","0.09"
"2024-03-30","Minnesota","All","3.73","0.54","2.89","0.32"
"2024-03-30","Montana","All","2.12","0.52","1.07","0.55"
"2024-03-30","New Hampshire","All",,"0.52","1.65","0.1"
"2024-03-30","New Mexico","All","3.35","1.01","2.22","0.14"
"2024-03-30","New York","All","2.04","0.44","1.57","0.04"
"2024-03-30","Ohio","All","2.72","0.6","2.02","0.08"
"2024-03-30","Oklahoma","All","1.64","0.52","1.04","0.09"
"2024-03-30","Oregon","All","2.05","0.67","1.26","0.12"
"2024-03-30","Pennsylvania","All","2.08","0.45","1.6","0.05"
"2024-03-30","South Carolina","All","1.59","0.81","0.71","0.08"
"2024-03-30","West Virginia","All","2.68","0.64","1.91","0.17"
"2024-04-06","Arizona","All","1.3","0.52","0.71","0.09"
"2024-04-06","Connecticut","All","1.81","0.48","1.32","0.01"
"2024-04-06","Delaware","All","2.45","0.44","1.92","0.11"
"2024-04-06","District of Columbia","All","1.7","0.42","1.23","0.05"
"2024-04-06","Hawaii","All","1.79","0.47","1.3","0.06"
"2024-04-06","Idaho","All","1.38","0.44","0.77","0.19"
"2024-04-06","Illinois","All","2.68","0.64","1.94","0.13"
"2024-04-06","Kansas","All","2.11","0.53","1.45","0.16"
"2024-04-06","Maine","All","1.95","0.56","1.29","0.11"
"2024-04-06","Maryland","All","1.92","0.5","1.39","0.06"
"2024-04-06","Michigan","All","3.19","0.59","2.53","0.1"
"2024-04-06","Minnesota","All","2.99","0.57","2.14","0.28"
"2024-04-06","New York","All","1.93","0.44","1.46","0.05"
"2024-04-06","Texas","All","1.19","0.48","0.66","0.07"
"2024-04-06","Washington","All","1.32","0.62","0.61","0.1"
"2024-04-13","Arizona","All","1.19","0.55","0.57","0.08"
"2024-04-13","Colorado","All","1.03","0.34","0.59","0.11"
"2024-04-13","Florida","All","1.45","0.46","0.96","0.04"
"2024-04-13","Idaho","All","1.15","0.44","0.47","0.24"
"2024-04-13","Kentucky","All","1.56","0.59","0.91","0.07"
"2024-04-13","Missouri","All",,"0.36","0.86","0.17"
"2024-04-13","Montana","All","1.23","0.53","0.44","0.27"
"2024-04-13","New Hampshire","All",,"0.39","1.02","0.08"
"2024-04-13","New Jersey","All","1.47","0.4","1.05","0.04"
"2024-04-13","North Carolina","All","1.6","0.63","0.96","0.05"
"2024-04-13","Oregon","All","1.32","0.51","0.72","0.1"
"2024-04-13","South Dakota","All",,"0.28","1.61","0.47"
"2024-04-13","United States","All","1.37","0.45","0.88","0.07"
"2024-04-13","Utah","All","0.99","0.46","0.44","0.1"
"2024-04-13","Vermont","All","1.68","0.28","1.17","0.21"
"2024-04-13","Virginia","All","1.43","0.52","0.89","0.03"
"2024-04-13","West Virginia","All","1.36","0.55","0.68","0.14"
"2024-04-13","Wisconsin","All","1.99","0.52","1.32","0.15"
"2024-04-20","Alabama","All","0.91","0.36","0.49","0.06"
"2024-04-20","Arizona","All","1.19","0.46","0.69","0.05"
"2024-04-20","Connecticut","All","1.18","0.37","0.8","0.01"
"2024-04-20","Indiana","All","1.11","0.34","0.71","0.06"
"2024-04-20","Iowa","All","1.58","0.3","1.09","0.19"
"2024-04-20","Kentucky","All","0.93","0.4","0.51","0.03"
"2024-04-20","Maryland","All","1.17","0.5","0.65","0.03"
"2024-04-20","Nevada","All","0.95","0.29","0.62","0.05"
"2024-04-20","New York","All","1.02","0.33","0.67","0.03"
"2024-04-20","Ohio","All","0.82","0.32","0.46","0.04"
"2024-04-20","Texas","All","0.84","0.36","0.44","0.05"
"2024-04-27","Hawaii","All","2.16","0.93","1.22","0.01"
"2024-04-27","Illinois","All","1.28","0.42","0.8","0.07"
"2024-04-27","Indiana","All","0.75","0.25","0.45","0.04"
"2024-04-27","Kansas","All","0.88","0.26","0.53","0.1"
"2024-04-27","Kentucky","All","0.91","0.43","0.44","0.04"
"2024-04-27","Maryland","All","0.81","0.36","0.42","0.04"
"2024-04-27","Montana","All","0.6","0.26","0.28","0.08"
"2024-04-27","New York","All","0.91","0.32","0.57","0.03"
"2024-04-27","South Carolina","All","0.57","0.35","0.19","0.03"
"2024-04-27","West Virginia","All","0.65","0.38","0.22","0.06"
"2024-04-27","Wisconsin","All","1.14","0.39","0.67","0.08"
"2024-05-04","Hawaii","All","2.33","1.08","1.24","0.01"
"2024-05-04","Idaho","All","0.64","0.33","0.22","0.09"
"2024-05-04","Illinois","All","1.03","0.36","0.61","0.07"
"2024-05-04","Kentucky","All","0.71","0.34","0.32","0.06"
"2024-05-04","Michigan","All","1.02","0.37","0.61","0.04"
"2024-05-04","New Mexico","All","1.21","0.58","0.6","0.04"
"2024-05-04","New York","All","0.83","0.36","0.45","0.02"
"2024-05-04","Oregon","All","1.17","0.46","0.67","0.04"
"2024-05-04","United States","All","0.81","0.34","0.45","0.04"
"2024-05-04","Washington","All","1.06","0.54","0.49","0.04"
"2024-05-11","Alabama","All","0.58","0.26","0.29","0.04"
"2024-05-11","Arkansas","All","0.64","0.23","0.4","0.03"
"2024-05-11","Kansas","All","0.44","0.18","0.22","0.06"
"2024-05-11","Maryland","All","0.62","0.37","0.25","0.01"
"2024-05-11","Montana","All","0.84","0.45","0.27","0.11"
"2024-05-11","Nevada","All","0.77","0.38","0.37","0.03"
"2024-05-11","New Mexico","All","1.23","0.66","0.54","0.04"
"2024-05-11","North Carolina","All","0.84","0.31","0.52","0.03"
"2024-05-11","Ohio","All","0.36","0.19","0.14","0.02"
"2024-05-11","Oklahoma","All","0.47","0.19","0.26","0.02"
"2024-05-11","Oregon","All","1.08","0.51","0.54","0.04"
"2024-05-11","Pennsylvania","All","0.4","0.23","0.16","0.01"
"2024-05-11","South Dakota","All",,"0.13","0.23","0.18"
"2024-05-11","Texas","All","0.62","0.28","0.31","0.04"
"2024-05-11","United States","All","0.7","0.34","0.34","0.03"
"2024-05-18","Alabama","All","0.48","0.18","0.29","0.02"
"2024-05-18","Colorado","All","0.79","0.45","0.3","0.05"
"2024-05-18","Connecticut","All","0.74","0.47","0.28","0"
"2024-05-18","Illinois","All","0.59","0.34","0.22","0.03"
"2024-05-18","Indiana","All","0.34","0.15","0.16","0.02"
"2024-05-18","Kentucky","All","0.57","0.32","0.22","0.03"
"2024-05-18","Maryland","All","0.57","0.39","0.15","0.03"
"2024-05-18","New Mexico","All","1.24","0.66","0.57","0.02"
"2024-05-18","New York","All","0.64","0.42","0.21","0.01"
"2024-05-18","Tennessee","All","0.5","0.22","0.25","0.04"
"2024-05-18","Utah","All","0.75","0.5","0.22","0.02"
"2024-05-25","Colorado","All","0.75","0.47","0.25","0.03"
"2024-05-25","Indiana","All","0.32","0.22","0.09","0.02"
"2024-05-25","Kansas","All","0.36","0.18","0.14","0.05"
"2024-05-25","Kentucky","All","0.49","0.33","0.14","0.02"
"2024-05-25","Montana","All","0.64","0.52","0.07","0.05"
"2024-05-25","Nevada","All","0.93","0.58","0.35","0.02"
"2024-05-25","New Hampshire","All",,"0.37","0.11","0"
"2024-05-25","North Carolina","All","0.85","0.33","0.52","0.02"
"2024-05-25","North Dakota","All","0.18","0.1","0.07","0.02"
"2024-05-25","Oregon","All","1.08","0.61","0.46","0.02"
"2024-05-25","South Dakota","All",,"0.2","0.09","0.05"
"2024-05-25","Tennessee","All","0.48","0.24","0.22","0.04"
"2024-05-25","Texas","All","0.71","0.38","0.3","0.04"
"2024-05-25","Virginia","All","0.58","0.39","0.17","0.02"
"2024-05-25","Washington","All","1.02","0.67","0.33","0.02"
"2024-05-25","West Virginia","All","0.45","0.32","0.09","0.05"
"2024-06-01","Alaska","All","2.05","1.1","1","0.01"
"2024-06-01","Arizona","All","1.66","0.99","0.67","0.01"
"2024-06-01","Arkansas","All","0.6","0.31","0.28","0.03"
"2024-06-01","Idaho","All","0.89","0.61","0.25","0.02"
"2024-06-01","Illinois","All","0.52","0.37","0.13","0.02"
"2024-06-01","New Jersey","All","0.62","0.45","0.16","0.01"
"2024-06-01","Ohio","All","0.32","0.23","0.07","0.01"
"2024-06-01","South Carolina","All","0.48","0.36","0.1","0.01"
"2024-06-01","Utah","All","0.94","0.66","0.27","0.01"
"2024-06-01","West Virginia","All","0.33","0.22","0.1","0.01"
"2024-06-08","Arizona","All","1.74","1.15","0.6","0.01"
"2024-06-08","Colorado","All","0.83","0.71","0.12","0.01"
"2024-06-08","District of Columbia","All","0.67","0.5","0.15","0.03"
"2024-06-08","Hawaii","All","6.18","4.45","1.83","0.03"
"2024-06-08","Louisiana","All","0.69","0.5","0.18","0.03"
"2024-06-08","Missouri","All",,"0.36","0.08","0.02"
"2024-06-08","Montana","All","0.85","0.68","0.15","0.02"
"2024-06-08","New Jersey","All","0.75","0.58","0.15","0.01"
"2024-06-08","North Carolina","All","0.88","0.45","0.43","0.03"
"2024-06-08","North Dakota","All","0.28","0.23","0.05","0"
"2024-06-08","Ohio","All","0.35","0.28","0.06","0.01"
"2024-06-08","Oklahoma","All","0.25","0.2","0.04","0.01"
"2024-06-08","Rhode Island","All","0.59","0.47","0.16","0"
"2024-06-08","Texas","All","0.85","0.58","0.25","0.03"
"2024-06-08","Virginia","All","0.69","0.56","0.13","0.01"
"2024-06-08","West Virginia","All","0.49","0.39","0.07","0.03"
"2024-06-08","Wyoming","All","1.08","0.82","0.18","0.07"
"2024-06-15","Alabama","All","0.8","0.5","0.28","0.04"
"2024-06-15","Alaska","All","2.26","1.34","0.96","0.03"
"2024-06-15","Arizona","All","1.86","1.39","0.48","0.01"
"2024-06-15","California","All","1.23","0.92","0.27","0.01"
"2024-06-15","Colorado","All","0.85","0.71","0.13","0.01"
"2024-06-15","Illinois","All","0.64","0.52","0.11","0.02"
"2024-06-15","Kentucky","All","0.59","0.47","0.11","0.02"
"2024-06-15","Maine","All","0.76","0.66","0.11","0.01"
"2024-06-15","Michigan","All","0.42","0.35","0.06","0.01"
"2024-06-15","New Mexico","All","1.59","1.4","0.18","0.01"
"2024-06-15","South Dakota","All",,"0.55","0.07","0.05"
"2024-06-15","Tennessee","All","0.54","0.38","0.15","0.02"
"2024-06-15","Utah","All","0.99","0.81","0.17","0.02"
"2024-06-15","Vermont","All","0.64","0.55","0.05","0.02"
"2024-06-15","West Virginia","All","0.43","0.39","0.03","0"
"2024-06-22","Arizona","All","2.14","1.76","0.41","0"
"2024-06-22","Arkansas","All","0.71","0.48","0.19","0.04"
"2024-06-22","Colorado","All","0.99","0.88","0.1","0.01"
"2024-06-22","Idaho","All","1.02","0.88","0.14","0.02"
"2024-06-22","Iowa","All","0.49","0.39","0.09","0.01"
"2024-06-22","Kentucky","All","0.77","0.6","0.17","0.01"
"2024-06-22","Michigan","All","0.51","0.44","0.06","0"
"2024-06-22","Ohio","All","0.5","0.43","0.05","0.01"
"2024-06-22","South Carolina","All","0.78","0.65","0.13","0"
"2024-06-22","South Dakota","All",,"0.6","0.11","0"
"2024-06-22","United States","All","1.1","0.9","0.19","0.02"
"2024-06-22","Washington","All","2","1.65","0.35","0.01"
"2024-06-22","West Virginia","All","0.6","0.55","0.04","0.01"
"2024-06-29","Delaware","All","0.89","0.84","0.04","0.02"
"2024-06-29","Hawaii","All","5.36","4.36","1.01","0.03"
"2024-06-29","Maine","All","0.72","0.63","0.08","0.01"
"2024-06-29","Maryland","All","1","0.87","0.12","0.02"
"2024-06-29","Minnesota","All","1.03","0.97","0.07","0.01"
"2024-06-29","Mississippi","All","0.86","0.67","0.17","0.02"
"2024-06-29","Nevada","All","1.46","1.15","0.31","0.01"
"2024-06-29","New Hampshire","All",,"0.81","0.11","0"
"2024-06-29","North Carolina","All","1.31","0.91","0.46","0"
"2024-06-29","Oklahoma","All","0.57","0.49","0.09","0"
"2024-06-29","United States","All","1.26","1.09","0.18","0.01"
"2024-06-29","West Virginia","All","0.64","0.58","0.05","0.02"
"2024-07-06","Connecticut","All","1.3","1.25","0.05","0"
"2024-07-06","Idaho","All","1.43","1.37","0.07","0.02"
"2024-07-06","Massachusetts","All","1.45","1.36","0.1","0.01"
"2024-07-06","Missouri","All",,"0.77","0.05","0.01"
"2024-07-06","Nevada","All","1.46","1.3","0.16","0.01"
"2024-07-06","New York","All","1.2","1.12","0.07","0.02"
"2024-07-06","North Dakota","All","0.65","0.6","0.05","0"
"2024-07-06","Pennsylvania","All","0.65","0.6","0.05","0"
"2024-07-06","South Dakota","All",,"1.01","0.02","0.03"
"2024-07-06","Texas","All","2.11","1.89","0.21","0.03"
"2024-07-06","Virginia","All","1.45","1.32","0.13","0.01"
"2024-07-06","West Virginia","All","0.79","0.72","0.07","0.01"
"2024-07-13","Alaska","All","2.49","2.15","0.32","0.01"
"2024-07-13","Delaware","All","1.09","1.04","0.04","0.01"
"2024-07-13","Idaho","All","1.63","1.54","0.08","0.01"
"2024-07-13","Illinois","All","1.3","1.2","0.09","0.01"
"2024-07-13","Indiana","All","1","0.95","0.04","0"
"2024-07-13","Kansas","All","0.82","0.72","0.1","0.01"
"2024-07-13","Maine","All","1.15","1.1","0.06","0"
"2024-07-13","Nevada","All","1.79","1.62","0.18","0"
"2024-07-13","North Carolina","All","1.86","1.51","0.44","0.01"
"2024-07-13","North Dakota","All","0.68","0.65","0.03","0"
"2024-07-13","Oklahoma","All","1.05","0.99","0.05","0"
"2024-07-13","Pennsylvania","All","0.82","0.78","0.04","0"
"2024-07-13","Rhode Island","All","0.98","0.98","0.04","0.01"
"2024-07-13","South Carolina","All","1.65","1.56","0.1","0.01"
"2024-07-13","Vermont","All","1.05","0.97","0.05","0"
"2024-07-13","Virginia","All","1.6","1.5","0.11","0.01"
"2024-07-13","Wisconsin","All","1.05","1.03","0.03","0.01"
"2024-07-20","Alabama","All","2.38","2.09","0.28","0.04"
"2024-07-20","Illinois","All","1.59","1.51","0.07","0.01"
"2024-07-20","Iowa","All","1.22","1.17","0.05","0"
"2024-07-20","Kentucky","All","1.87","1.77","0.08","0.01"
"2024-07-20","Michigan","All","1.09","1.06","0.04","0"
"2024-07-20","Nebraska","All","0.9","0.9","0","0"
"2024-07-20","New Mexico","All","2.4","2.31","0.11","0"
"2024-07-20","North Dakota","All","0.79","0.77","0.02","0"
"2024-07-20","Oklahoma","All","1.4","1.32","0.06","0"
"2024-07-20","Oregon","All","2.15","2.04","0.11","0"
"2024-07-20","Tennessee","All","1.55","1.42","0.13","0.02"
"2024-07-20","Virginia","All","1.98","1.89","0.1","0.01"
"2024-07-27","Arizona","All","2.13","2.04","0.13","0"
"2024-07-27","Hawaii","All","4.39","3.38","1.03","0.03"
"2024-07-27","Iowa","All","1.79","1.73","0.06","0.02"
"2024-07-27","Massachusetts","All","1.89","1.82","0.07","0.01"
"2024-07-27","Mississippi","All","3.32","3.05","0.28","0.03"
"2024-07-27","Missouri","All",,"1.85","0.07","0.01"
"2024-07-27","Nebraska","All","1.16","1.16","0.01","0.01"
"2024-07-27","Nevada","All","1.78","1.65","0.12","0.01"
"2024-07-27","North Dakota","All","0.91","0.91","0","0"
"2024-07-27","Oregon","All","2.54","2.47","0.07","0"
"2024-07-27","Rhode Island","All","1.15","1.2","0.07","0"
"2024-07-27","Utah","All","1.72","1.66","0.07","0.01"
"2024-07-27","Vermont","All","1.54","1.45","0.05","0"
"2024-07-27","Virginia","All","2.5","2.39","0.11","0.01"
"2024-07-27","Wyoming","All",,"2.12","0.05","0"
"2024-08-03","Arizona","All","2.03","1.93","0.12","0"
"2024-08-03","Florida","All","4.3","3.93","0.36","0.05"
"2024-08-03","Hawaii","All","3.49","2.58","0.95","0.01"
"2024-08-03","Kansas","All","1.76","1.71","0.04","0.02"
"2024-08-03","Kentucky","All","2.94","2.83","0.08","0.02"
"2024-08-03","Massachusetts","All","2.11","2.04","0.08","0.02"
"2024-08-03","New Hampshire","All",,"1.7","0.07","0"
"2024-08-03","New York","All","1.64","1.58","0.05","0.01"
"2024-08-03","Rhode Island","All","1.39","1.54","0.06","0"
"2024-08-03","South Carolina","All","3.56","3.42","0.15","0.01"
"2024-08-03","Texas","All","4.04","3.86","0.21","0.02"
"2024-08-03","Vermont","All","1.84","1.72","0.07","0.02"
"2024-08-03","Virginia","All","2.96","2.85","0.13","0.01"
"2024-08-03","Washington","All","2.58","2.5","0.08","0.01"
"2024-08-03","Wyoming","All",,"2.11","0.11","0"
"2024-08-10","Alabama","All","4.42","4.21","0.23","0.02"
"2024-08-10","Arizona","All","2.16","2.08","0.1","0"
"2024-08-10","Delaware","All","2.42","2.38","0.05","0.01"
"2024-08-10","District of Columbia","All","2.29","2.22","0.07","0.01"
"2024-08-10","Florida","All","3.67","3.32","0.35","0.05"
"2024-08-10","Iowa","All","2.28","2.26","0.04","0"
"2024-08-10","Maine","All","2","1.97","0.06","0"
"2024-08-10","Massachusetts","All","2.02","1.94","0.09","0.01"
"2024-08-10","Minnesota","All","2.06","1.94","0.1","0.01"
"2024-08-10","Missouri","All",,"2.1","0.07","0.01"
"2024-08-10","Ohio","All","1.91","1.84","0.03","0.01"
"2024-08-10","Pennsylvania","All","1.64","1.6","0.04","0.01"
"2024-08-10","South Carolina","All","3.99","3.87","0.12","0.01"
"2024-08-10","Vermont","All","2.17","2.14","0","0.02"
"2024-08-17","Alabama","All","4.7","4.5","0.19","0.04"
"2024-08-17","Connecticut","All","2.36","2.34","0.02","0.01"
"2024-08-17","Hawaii","All","2.87","2.33","0.58","0"
"2024-08-17","Illinois","All","2.71","2.62","0.07","0.02"
"2024-08-17","Kentucky","All","3.91","3.76","0.12","0.02"
"2024-08-17","Michigan","All","1.84","1.84","0.04","0"
"2024-08-17","Nebraska","All","1.79","1.73","0.04","0.01"
"2024-08-17","New Hampshire","All",,"1.95","0.16","0"
"2024-08-17","Ohio","All","2.18","2.11","0.03","0.01"
"2024-08-17","Oklahoma","All","2.39","2.28","0.1","0.01"
"2024-08-17","Utah","All","1.92","1.84","0.08","0.01"
"2024-08-17","Washington","All","2.4","2.32","0.09","0.01"
"2024-08-17","West Virginia","All","2.95","2.92","0.04","0"
"2024-08-17","Wisconsin","All","2.58","2.55","0.03","0"
"2024-08-17","Wyoming","All",,"2.63","0.08","0"
"2024-08-24","Arizona","All","2.06","1.97","0.11","0.01"
"2024-08-24","Colorado","All","1.98","1.91","0.05","0.01"
"2024-08-24","Delaware","All","2.5","2.45","0.02","0.03"
"2024-08-24","Florida","All","3.07","2.66","0.38","0.06"
"2024-08-24","Iowa","All","2.82","2.73","0.07","0.03"
"2024-08-24","Missouri","All",,"2.37","0.08","0.01"
"2024-08-24","New Hampshire","All",,"2.47","0.1","0"
"2024-08-24","Ohio","All","2.35","2.26","0.03","0.01"
"2024-08-24","Oklahoma","All","2.77","2.61","0.16","0"
"2024-08-24","Vermont","All","2.78","2.77","0.02","0"
"2024-08-24","Wyoming","All",,"2.99","0.11","0"
"2024-08-31","Alabama","All","3.74","3.54","0.18","0.04"
"2024-08-31","Idaho","All","2.53","2.46","0.09","0.01"
"2024-08-31","Illinois","All","2.74","2.67","0.07","0.01"
"2024-08-31","Maine","All","2.18","2.18","0.04","0"
"2024-08-31","Minnesota","All","2.06","1.99","0.08","0.01"
"2024-08-31","Mississippi","All","2.94","2.59","0.33","0.03"
"2024-08-31","Montana","All","1.86","1.92","0.01","0"
"2024-08-31","Nebraska","All","1.61","1.56","0.05","0.01"
"2024-08-31","Nevada","All","1.91","1.76","0.17","0.01"
"2024-08-31","New Hampshire","All",,"2.25","0.03","0.02"
"2024-08-31","New York","All","1.48","1.45","0.03","0.01"
"2024-08-31","Ohio","All","2.72","2.62","0.04","0.01"
"2024-08-31","Oklahoma","All","2.59","2.46","0.12","0.01"
"2024-08-31","Rhode Island","All","1.51","1.58","0.04","0"
"2024-08-31","Washington","All","2.43","2.39","0.07","0"
"2024-09-07","Alaska","All","2.82","2.23","0.59","0.07"
"2024-09-07","Georgia","All","1.41","1.3","0.08","0.04"
"2024-09-07","Illinois","All","2.35","2.27","0.08","0.02"
"2024-09-07","Minnesota","All","2.12","2.04","0.09","0"
"2024-09-07","Nebraska","All","1.66","1.62","0.03","0.01"
"2024-09-07","New Hampshire","All",,"2.22","0.18","0.01"
"2024-09-07","Virginia","All","3.03","2.88","0.14","0.03"
"2024-09-07","West Virginia","All","4.93","4.92","0.09","0.01"
"2024-09-07","Wisconsin","All","2.17","2.14","0.05","0"
"2024-09-14","California","All","1.53","1.42","0.11","0.01"
"2024-09-14","Colorado","All","1.65","1.62","0.03","0.01"
"2024-09-14","Florida","All","2.12","1.48","0.55","0.11"
"2024-09-14","Indiana","All","1.67","1.61","0.05","0.01"
"2024-09-14","Iowa","All","2.57","2.53","0.05","0.02"
"2024-09-14","Mississippi","All","1.75","1.49","0.27","0.05"
"2024-09-14","Nebraska","All","1.25","1.24","0.03","0"
"2024-09-14","Nevada","All","1.67","1.56","0.14","0.01"
"2024-09-14","New Jersey","All","1.36","1.24","0.09","0.03"
"2024-09-14","Ohio","All","2.46","2.38","0.06","0.01"
"2024-09-14","Rhode Island","All","1.21","1.24","0.05","0.02"
"2024-09-14","South Carolina","All","2.27","2.07","0.19","0.03"
"2024-09-14","Utah","All","1.96","1.87","0.1","0.01"
"2024-09-14","Vermont","All","3.1","3.1","0.02","0.05"
"2024-09-21","Idaho","All","2.23","2.13","0.08","0.08"
"2024-09-21","Maine","All","2.56","2.65","0.07","0.01"
"2024-09-21","Michigan","All","2.02","1.97","0.06","0.02"
"2024-09-21","Mississippi","All","1.25","1.01","0.26","0.05"
"2024-09-21","Nebraska","All","1.2","1.1","0.11","0"
"2024-09-21","North Dakota","All","1.25","1.12","0.12","0"
"2024-09-21","Ohio","All","1.86","1.8","0.07","0.01"
"2024-09-21","Oklahoma","All","1.57","1.47","0.11","0.02"
"2024-09-21","Oregon","All","2.39","2.35","0.06","0.01"
"2024-09-21","Pennsylvania","All","1.71","1.7","0.06","0.01"
"2024-09-21","Rhode Island","All","1.19","1.23","0.04","0"
"2024-09-21","Utah","All","1.84","1.73","0.1","0.01"
"2024-09-21","Wisconsin","All","2.06","2.01","0.08","0"
"2024-09-21","Wyoming","All",,"2.01","0.08","0.03"
"2024-09-28","Alaska","All","1.45","1.17","0.4","0.12"
"2024-09-28","Connecticut","All","1.77","1.73","0.04","0.03"
"2024-09-28","Florida","All","1.81","0.94","0.75","0.21"
"2024-09-28","Kansas","All","1.02","0.93","0.1","0.05"
"2024-09-28","Kentucky","All","1.52","1.45","0.12","0.02"
"2024-09-28","Maryland","All","1.19","1.09","0.08","0.05"
"2024-09-28","Massachusetts","All","1.21","1.31","0.06","0.03"
"2024-09-28","Nevada","All","1.1","0.99","0.19","0.02"
"2024-09-28","New Hampshire","All",,"1.83","0.13","0.01"
"2024-09-28","New Jersey","All","1.14","0.99","0.14","0.04"
"2024-09-28","Ohio","All","1.41","1.35","0.06","0.02"
"2024-09-28","South Dakota","All",,"1.27","0.09","0.02"
"2024-09-28","Texas","All","1.02","0.69","0.28","0.1"
"2024-09-28","Wisconsin","All","1.61","1.6","0.07","0"
"2024-09-28","Wyoming","All",,"2.15","0.06","0"
"2024-10-05","Colorado","All",,"1.06","0.07","0.01"
"2024-10-05","Delaware","All",,"1.14","0.05","0.05"
"2024-10-05","Hawaii","All",,"1.04","0.5","0.13"
"2024-10-05","Kansas","All",,"0.9","0.06","0.04"
"2024-10-05","Kentucky","All",,"1.11","0.11","0.05"
"2024-10-05","Mississippi","All",,"0.69","0.35","0.15"
"2024-10-05","New Jersey","All",,"0.75","0.16","0.06"
"2024-10-05","New Mexico","All",,"1.29","0.11","0"
"2024-10-05","New York","All",,"0.89","0.05","0.04"
"2024-10-05","Oregon","All",,"1.71","0.05","0.02"
"2024-10-05","Rhode Island","All",,"0.88","0.12","0.02"
"2024-10-12","Georgia","All",,"0.29","0.1","0.17"
"2024-10-12","Hawaii","All",,"0.64","0.3","0.27"
"2024-10-12","North Dakota","All",,"0.76","0.06","0.02"
"2024-10-12","Ohio","All",,"0.73","0.06","0.03"
"2024-10-12","Oklahoma","All",,"0.76","0.12","0.01"
"2024-10-12","Rhode Island","All",,"0.7","0.07","0.04"
"2024-10-12","Wisconsin","All",,"1.14","0.07","0.01"
"2024-10-19","Delaware","All",,"0.52","0.06","0.14"
"2024-10-19","Florida","All",,"0.45","0.68","0.35"
"2024-10-19","Maine","All",,"1.18","0.03","0"
"2024-10-19","Maryland","All",,"0.61","0.1","0.16"
"2024-10-19","Montana","All",,"1.37","0.04","0.01"
"2024-10-19","Nebraska","All",,"0.54","0.04","0"
"2024-10-19","New Jersey","All",,"0.46","0.12","0.1"
"2024-10-19","North Dakota","All",,"0.66","0.13","0"
"2024-10-19","Oklahoma","All",,"0.66","0.19","0.05"
"2024-10-19","Rhode Island","All",,"0.71","0.21","0.04"
"2024-10-19","Tennessee","All",,"0.54","0.32","0.22"
"2024-10-19","Texas","All",,"0.35","0.38","0.26"
"2024-10-19","United States","All",,"0.63","0.23","0.11"
"2024-10-19","Virginia","All",,"0.65","0.21","0.09"
"2024-10-19","Washington","All",,"0.98","0.16","0.04"
"2024-10-19","Wyoming","All",,"1.48","0.09","0"
"2024-10-26","Arkansas","All",,"0.75","0.22","0.11"
"2024-10-26","Connecticut","All",,"0.83","0.12","0.07"
"2024-10-26","Florida","All",,"0.4","0.79","0.39"
"2024-10-26","Louisiana","All",,"0.43","0.45","0.16"
"2024-10-26","Maryland","All",,"0.58","0.14","0.24"
"2024-10-26","New Jersey","All",,"0.48","0.16","0.14"
"2024-10-26","North Dakota","All",,"0.57","0.08","0"
"2024-10-26","United States","All",,"0.6","0.28","0.14"
"2024-11-02","Alabama","All",,"0.45","0.58","0.47"
"2024-11-02","Colorado","All",,"0.84","0.29","0.01"
"2024-11-02","Florida","All",,"0.35","1.01","0.47"
"2024-11-02","Indiana","All",,"0.58","0.15","0.07"
"2024-11-02","Mississippi","All",,"0.52","0.54","0.49"
"2024-11-02","New Hampshire","All",,"0.79","0.18","0.02"
"2024-11-02","Texas","All",,"0.3","0.51","0.46"
"2024-11-02","Washington","All",,"0.67","0.22","0.06"
"2024-11-09","Alaska","All",,"0.62","0.71","0.3"
"2024-11-09","District of Columbia","All",,"0.31","0.15","0.32"
"2024-11-09","Florida","All",,"0.36","1.29","0.5"
"2024-11-09","Georgia","All",,"0.3","0.22","0.52"
"2024-11-09","Idaho","All",,"0.68","0.3","0.08"
"2024-11-09","Kentucky","All",,"0.87","0.25","0.21"
"2024-11-09","Maryland","All",,"0.45","0.17","0.49"
"2024-11-09","Nebraska","All",,"0.48","0.1","0.01"
"2024-11-09","Nevada","All",,"0.54","0.63","0.06"
"2024-11-09","New Jersey","All",,"0.43","0.2","0.31"
"2024-11-09","Ohio","All",,"0.57","0.15","0.1"
"2024-11-09","Oklahoma","All",,"0.52","0.15","0.05"
"2024-11-09","Pennsylvania","All",,"0.56","0.19","0.11"
"2024-11-09","Tennessee","All",,"0.46","0.35","0.53"
"2024-11-16","Arizona","All",,"1.41","1.66","0.04"
"2024-11-16","District of Columbia","All",,"0.28","0.2","0.54"
"2024-11-16","Georgia","All",,"0.2","0.26","0.65"
"2024-11-16","Kentucky","All",,"0.86","0.27","0.3"
"2024-11-16","Pennsylvania","All",,"0.47","0.18","0.19"
"2024-11-16","United States","All",,"0.49","0.51","0.36"
"2024-11-16","Utah","All",,"0.78","0.32","0.04"
"2024-11-16","Vermont","All",,"0.61","0.12","0.02"
"2024-11-23","Delaware","All",,"0.47","0.24","0.88"
"2024-11-23","Florida","All",,"0.29","1.54","0.67"
"2024-11-23","Kansas","All",,"0.56","0.32","0.11"
"2024-11-23","Kentucky","All",,"0.75","0.32","0.44"
"2024-11-23","Louisiana","All",,"0.28","1.5","0.9"
"2024-11-23","Maryland","All",,"0.43","0.23","0.82"
"2024-11-23","Nevada","All",,"0.47","1.14","0.22"
"2024-11-23","New Jersey","All",,"0.43","0.31","0.54"
"2024-11-23","New Mexico","All",,"1.9","0.64","0.06"
"2024-11-23","North Dakota","All",,"1.02","0.16","0.05"
"2024-11-23","Texas","All",,"0.34","0.91","1.02"
"2024-11-23","Virginia","All",,"0.44","0.29","0.54"
"2024-11-30","Delaware","All",,"0.6","0.36","1.27"
"2024-11-30","District of Columbia","All",,"0.24","0.2","1.12"
"2024-11-30","Indiana","All",,"0.87","0.39","0.34"
"2024-11-30","Kentucky","All",,"0.9","0.38","0.56"
"2024-11-30","Maryland","All",,"0.44","0.3","1.05"
"2024-11-30","Nebraska","All",,"0.69","0.16","0.08"
"2024-11-30","New Mexico","All",,"2.23","1.17","0.08"
"2024-11-30","North Dakota","All",,"0.86","0.19","0.02"
"2024-11-30","Oklahoma","All",,"0.65","0.3","0.2"
"2024-11-30","South Dakota","All",,"1.25","0.47","0.08"
"2024-11-30","Tennessee","All",,"0.59","0.78","1.1"
"2024-11-30","Texas","All",,"0.38","1.32","1.29"
"2024-11-30","Washington","All",,"0.43","0.84","0.39"
"2024-12-07","Alaska","All",,"0.46","2.13","0.84"
"2024-12-07","Arkansas","All",,"0.72","0.54","0.84"
"2024-12-07","Iowa","All",,"0.91","0.41","0.29"
"2024-12-07","Michigan","All",,"1.07","0.43","0.48"
"2024-12-07","North Carolina","All",,"0.59","1.45","0.72"
"2024-12-07","Ohio","All",,"0.85","0.34","0.39"
"2024-12-07","Oregon","All",,"0.5","1.86","0.21"
"2024-12-07","South Carolina","All",,"0.5","0.58","0.96"
"2024-12-07","Vermont","All",,"0.97","0.13","0.2"
"2024-12-14","Alaska","All",,"0.56","2.26","1.23"
"2024-12-14","Arkansas","All",,"0.71","1.3","1.25"
"2024-12-14","Colorado","All",,"1.07","1.28","0.22"
"2024-12-14","Connecticut","All",,"0.94","0.63","0.83"
"2024-12-14","Kansas","All",,"1.17","1.57","0.31"
"2024-12-14","Maine","All",,"1.46","0.15","0.13"
"2024-12-14","Minnesota","All",,"1.58","1.34","0.31"
"2024-12-14","New Mexico","All",,"2.23","1.86","0.2"
"2024-12-14","New York","All",,"0.51","1.05","0.68"
"2024-12-14","Oregon","All",,"0.55","3.92","0.34"
"2024-12-14","Rhode Island","All",,"0.92","0.83","0.6"
"2024-12-14","Tennessee","All",,"0.72","2.62","1.16"
"2024-12-14","Utah","All",,"0.99","2.64","0.14"
"2024-12-14","Washington","All",,"0.41","1.83","0.66"
"2024-12-21","Alabama","All",,"0.98","7.63","1.3"
"2024-12-21","Alaska","All",,"0.52","2.85","1.58"
"2024-12-21","Hawaii","All",,"0.35","4.14","0.51"
"2024-12-21","Kentucky","All",,"1.97","2.95","1.39"
"2024-12-21","Maine","All",,"1.87","0.51","0.26"
"2024-12-21","Minnesota","All",,"1.74","3.04","0.48"
"2024-12-21","Mississippi","All",,"0.87","4.47","1.16"
"2024-12-21","Montana","All",,"1.14","1.47","0.16"
"2024-12-21","New Jersey","All",,"0.85","2.58","1.15"
"2024-12-21","New York","All",,"0.63","1.84","0.85"
"2024-12-21","North Dakota","All",,"1.24","1.06","0.08"
"2024-12-21","Oregon","All",,"0.59","6.75","0.42"
"2024-12-21","Pennsylvania","All",,"1.05","1.81","0.89"
"2024-12-28","Colorado","All",,"1.65","4.55","0.54"
"2024-12-28","Delaware","All",,"1.61","4.62","2.56"
"2024-12-28","Florida","All",,"0.61","6.35","0.72"
"2024-12-28","Idaho","All",,"1.27","7.18","0.44"
"2024-12-28","Kentucky","All",,"2.63","6.75","1.61"
"2024-12-28","New Jersey","All",,"1.29","5.1","1.22"
"2024-12-28","New York","All",,"0.91","3.92","0.9"
"2024-12-28","North Carolina","All",,"1.21","5.41","2.08"
"2024-12-28","South Dakota","All",,"2.21","3.44","0.39"
"2024-12-28","United States","All",,"1.29","5.45","1.08"
"2024-12-28","Washington","All",,"0.68","5.23","1.08"
"2024-12-28","Wisconsin","All",,"2","2.77","0.65"
"2025-01-04","Arizona","All",,"1.5","8.38","0.46"
"2025-01-04","Georgia","All",,"0.75","4.8","0.7"
"2025-01-04","Iowa","All",,"2.07","3.49","1.06"
"2025-01-04","Maryland","All",,"1.42","3.68","1.19"
"2025-01-04","Mississippi","All",,"1.21","5.19","0.81"
"2025-01-04","New York","All",,"1.12","4.65","0.8"
"2025-01-04","Oregon","All",,"0.63","6.1","0.85"
"2025-01-04","South Dakota","All",,"2.7","3.72","0.41"
"2025-01-04","Utah","All",,"1.3","7.51","0.6"
"2025-01-04","Vermont","All",,"2.58","2.72","1.18"
"2025-01-04","Virginia","All",,"1.61","4.45","1.01"
"2025-01-04","West Virginia","All",,"2.53","3.42","2.22"
"2025-01-04","Wisconsin","All",,"2.09","3.1","0.76"
"2025-01-11","Alaska","All",,"0.36","3.29","1.2"
"2025-01-11","Arizona","All",,"1.22","6.15","0.49"
"2025-01-11","Idaho","All",,"0.89","3.44","0.63"
"2025-01-11","Illinois","All",,"1.88","5.12","1.09"
"2025-01-11","Iowa","All",,"1.83","3.63","1.01"
"2025-01-11","Kansas","All",,"1.24","3.4","0.8"
"2025-01-11","Maine","All",,"2.66","2.25","0.46"
"2025-01-11","Michigan","All",,"2.27","3.18","0.99"
"2025-01-11","Minnesota","All",,"2.03","8.26","1.02"
"2025-01-11","Montana","All",,"1","2.59","0.29"
"2025-01-11","Nebraska","All",,"1.18","3.09","0.36"
"2025-01-11","Pennsylvania","All",,"1.4","3.4","0.79"
"2025-01-11","Rhode Island","All",,"1.22","2.87","0.8"
"2025-01-11","South Carolina","All",,"0.94","4.65","0.68"
"2025-01-11","South Dakota","All",,"2.07","3.61","0.45"
"2025-01-11","Tennessee","All",,"1.04","4.59","0.9"
"2025-01-11","Texas","All",,"0.69","4.96","0.93"
"2025-01-11","Vermont","All",,"1.62","2.73","1.09"
"2025-01-18","Alabama","All",,"0.98","6.66","0.47"
"2025-01-18","Arizona","All",,"0.93","4.96","0.45"
"2025-01-18","Arkansas","All",,"0.71","4.11","1.06"
"2025-01-18","Delaware","All",,"1.23","5.1","1"
"2025-01-18","Georgia","All",,"0.6","5.46","0.32"
"2025-01-18","Hawaii","All",,"0.55","7.13","0.47"
"2025-01-18","Illinois","All",,"1.57","6.21","0.88"
"2025-01-18","Kansas","All",,"1.18","3.47","0.77"
"2025-01-18","Mississippi","All",,"1.03","6.27","0.34"
"2025-01-18","New Hampshire","All",,"2","5.37","1.15"
"2025-01-18","New Jersey","All",,"1.24","8.22","0.52"
"2025-01-18","New York","All",,"0.85","5.48","0.47"
"2025-01-18","Oregon","All",,"0.51","3.54","0.66"
"2025-01-18","South Dakota","All",,"1.94","5.91","0.63"
"2025-01-18","Washington","All",,"0.48","4.16","0.74"
"2025-01-25","Arizona","All",,"0.87","4.62","0.57"
"2025-01-25","California","All",,"0.63","6.11","0.5"
"2025-01-25","Delaware","All",,"1.07","7.9","0.83"
"2025-01-25","Illinois","All",,"1.61","7.97","0.77"
"2025-01-25","Maryland","All",,"1.15","7.06","0.41"
"2025-01-25","Montana","All",,"0.74","4.03","0.58"
"2025-01-25","Nevada","All",,"0.42","3.26","0.68"
"2025-01-25","North Carolina","All",,"1.26","11.36","1.13"
"2025-01-25","Tennessee","All",,"0.98","6.14","0.51"
"2025-01-25","United States","All",,"1.01","7.28","0.61"
"2025-01-25","Washington","All",,"0.54","5.5","0.73"
"2025-01-25","Wisconsin","All",,"1.69","8.9","1.01"
"2025-02-01","Illinois","All",,"1.53","9.06","0.68"
"2025-02-01","Indiana","All",,"1.36","10.27","0.56"
"2025-02-01","Maine","All",,"1.43","5.28","0.68"
"2025-02-01","Massachusetts","All",,"1.17","9.22","0.61"
"2025-02-01","Michigan","All",,"1.63","7.59","0.89"
"2025-02-01","Nebraska","All",,"0.74","5.56","0.54"
"2025-02-01","Nevada","All",,"0.45","3.06","0.69"
"2025-02-01","South Dakota","All",,"1.36","8.72","0.96"
"2025-02-01","Tennessee","All",,"1.19","8.44","0.48"
"2025-02-01","United States","All",,"1.01","8.33","0.55"
"2025-02-01","Wisconsin","All",,"1.39","9.6","0.99"
"2025-02-08","Delaware","All",,"1.5","11.13","0.5"
"2025-02-08","District of Columbia","All",,"0.95","8.39","0.3"
"2025-02-08","Maryland","All",,"1.29","11.13","0.31"
"2025-02-08","Nebraska","All",,"0.66","5.94","0.69"
"2025-02-08","Nevada","All",,"0.43","2.76","0.75"
"2025-02-08","New Hampshire","All",,"0.97","10","0.8"
"2025-02-08","New Jersey","All",,"1.35","9","0.3"
"2025-02-08","North Carolina","All",,"1.32","13.13","0.81"
"2025-02-08","Oregon","All",,"0.54","6","1.26"
"2025-02-08","South Carolina","All",,"1.15","10.8","0.26"
"2025-02-08","South Dakota","All",,"1.14","9.46","0.98"
"2025-02-08","Virginia","All",,"1.41","11.07","0.28"
"2025-02-08","West Virginia","All",,"1.35","10.68","1.26"
"2025-02-15","Arizona","All",,"0.76","3.11","0.79"
"2025-02-15","Arkansas","All",,"0.82","6.55","0.63"
"2025-02-15","Colorado","All",,"0.74","4.32","0.93"
"2025-02-15","Connecticut","All",,"1.06","7.53","0.21"
"2025-02-15","Delaware","All",,"1.29","10.58","0.37"
"2025-02-15","Michigan","All",,"1.39","9.73","0.8"
"2025-02-15","Nebraska","All",,"0.49","5.45","0.63"
"2025-02-15","New Hampshire","All",,"0.8","9.82","0.62"
"2025-02-15","New Mexico","All",,"0.72","5.58","1.86"
"2025-02-15","New York","All",,"0.86","5.14","0.26"
"2025-02-15","Rhode Island","All",,"0.59","5.35","0.22"
"2025-02-15","South Carolina","All",,"1.04","6.16","0.21"
"2025-02-15","Texas","All",,"0.88","5.54","0.38"
"2025-02-15","United States","All",,"0.95","6.65","0.51"
"2025-02-15","Washington","All",,"0.74","7.84","0.72"
"2025-02-22","Hawaii","All",,"0.43","5.67","0.28"
"2025-02-22","Illinois","All",,"1.36","6.36","0.44"
"2025-02-22","Kansas","All",,"1.04","6.76","0.8"
"2025-02-22","Maine","All",,"0.54","8.08","0.55"
"2025-02-22","Maryland","All",,"1.13","6.31","0.19"
"2025-02-22","Massachusetts","All",,"0.71","6.57","0.34"
"2025-02-22","South Dakota","All",,"0.94","5.88","1.23"
"2025-02-22","Tennessee","All",,"1.22","3.78","0.38"
"2025-02-22","Texas","All",,"0.84","4.28","0.33"
"2025-02-22","West Virginia","All",,"1.33","10.46","1.21"
"2025-03-01","Alabama","All",,"1.35","3.89","0.23"
"2025-03-01","Arizona","All",,"0.62","2.61","0.55"
"2025-03-01","Arkansas","All",,"0.76","3.75","0.44"
"2025-03-01","California","All",,"0.39","2.49","0.38"
"2025-03-01","Colorado","All",,"0.53","2.99","0.91"
"2025-03-01","Florida","All",,"0.49","3.09","0.23"
"2025-03-01","Louisiana","All",,"1.05","3.51","0.19"
"2025-03-01","Maryland","All",,"0.94","4.91","0.13"
"2025-03-01","Montana","All",,"0.55","6.1","1.46"
"2025-03-01","North Carolina","All",,"1.08","5.28","0.54"
"2025-03-01","Ohio","All",,"0.85","6.5","0.23"
"2025-03-01","Washington","All",,"0.54","4.83","0.73"
"2025-03-01","West Virginia","All",,"1.13","7.99","0.99"
"2025-03-01","Wyoming","All",,"0.43","4.4","0.95"
"2025-03-08","Alaska","All",,"0.68","5.37","0.51"
"2025-03-08","California","All",,"0.38","1.85","0.32"
"2025-03-08","Hawaii","All",,"0.38","4.61","0.31"
"2025-03-08","Illinois","All",,"1.16","3.6","0.34"
"2025-03-08","Indiana","All",,"0.98","4.82","0.39"
"2025-03-08","Kansas","All",,"0.71","3.18","0.62"
"2025-03-08","Kentucky","All",,"1.08","4.65","0.27"
"2025-03-08","Louisiana","All",,"1.26","3.46","0.15"
"2025-03-08","Michigan","All",,"0.94","4.85","0.55"
"2025-03-08","Montana","All",,"0.52","4.47","1.61"
"2025-03-08","Nebraska","All",,"0.37","1.82","0.68"
"2025-03-08","New Jersey","All",,"1.03","3.31","0.16"
"2025-03-08","North Carolina","All",,"1.24","4.64","0.39"
"2025-03-08","South Dakota","All",,"0.58","1.71","1.66"
"2025-03-08","Texas","All",,"0.87","2.65","0.23"
"2025-03-08","United States","All",,"0.79","3.21","0.36"
"2025-03-15","California","All",,"0.38","1.65","0.24"
"2025-03-15","Idaho","All",,"0.77","2.19","0.94"
"2025-03-15","Illinois","All",,"1.04","2.9","0.31"
"2025-03-15","Indiana","All",,"0.84","3.26","0.4"
"2025-03-15","Maryland","All",,"0.83","3.25","0.14"
"2025-03-15","Massachusetts","All",,"0.53","2.48","0.22"
"2025-03-15","New Mexico","All",,"0.53","2.67","1.04"
"2025-03-15","Pennsylvania","All",,"0.58","2.41","0.26"
"2025-03-15","South Carolina","All",,"1.2","2.21","0.14"
"2025-03-15","Wisconsin","All",,"0.59","2.25","0.69"
"2025-03-22","California","All",,"0.4","1.48","0.22"
"2025-03-22","Georgia","All",,"0.75","1.03","0.06"
"2025-03-22","Hawaii","All",,"0.35","3.01","0.16"
"2025-03-22","Iowa","All",,"0.64","1.3","0.76"
"2025-03-22","Michigan","All",,"0.76","2.72","0.38"
"2025-03-22","Montana","All",,"0.45","1.83","1.06"
"2025-03-22","Nebraska","All",,"0.3","0.69","0.5"
"2025-03-22","New Hampshire","All",,"0.53","3.08","0.28"
"2025-03-22","New Jersey","All",,"0.94","2.15","0.15"
"2025-03-22","North Dakota","All",,"0.18","0.8","0.74"
"2025-03-22","Oklahoma","All",,"0.91","0.7","0.42"
"2025-03-22","Oregon","All",,"0.42","1.75","0.55"
"2025-03-22","South Carolina","All",,"0.96","1.3","0.09"
"2025-03-22","Tennessee","All",,"1","1.72","0.19"
"2025-03-22","Texas","All",,"0.73","1.26","0.16"
"2025-03-29","Alabama","All",,"0.92","1.5","0.12"
"2025-03-29","Arizona","All",,"0.47","1.26","0.17"
"2025-03-29","Georgia","All",,"0.84","1.02","0.06"
"2025-03-29","Hawaii","All",,"0.41","2.36","0.13"
"2025-03-29","Louisiana","All",,"0.91","1.7","0.1"
"2025-03-29","Massachusetts","All",,"0.56","1.47","0.16"
"2025-03-29","Missouri","All",,"0.53","1","0.34"
"2025-03-29","New Mexico","All",,"0.47","1.58","0.48"
"2025-03-29","North Carolina","All",,"1.07","1.98","0.26"
"2025-03-29","Ohio","All",,"0.59","1.06","0.12"
"2025-03-29","Oklahoma","All",,"0.87","0.53","0.27"
"2025-04-05","California","All",,"0.35","0.93","0.13"
"2025-04-05","Delaware","All",,"0.44","1.19","0.14"
"2025-04-05","Indiana","All",,"0.57","0.98","0.21"
"2025-04-05","Iowa","All",,"0.47","0.56","0.37"
"2025-04-05","Maine","All",,"0.29","2.4","0.24"
"2025-04-05","Mississippi","All",,"0.61","0.84","0.12"
"2025-04-05","Nevada","All",,"0.32","0.8","0.14"
"2025-04-05","New York","All",,"0.81","1.32","0.09"
"2025-04-05","Oregon","All",,"0.35","0.96","0.3"
"2025-04-05","Rhode Island","All",,"0.23","0.98","0.12"
"2025-04-05","South Carolina","All",,"0.86","0.71","0.12"
"2025-04-05","South Dakota","All",,"0.22","0.35","0.71"
"2025-04-05","United States","All",,"0.57","1.11","0.17"
"2025-04-05","Wisconsin","All",,"0.44","0.97","0.35"
"2025-04-12","Arizona","All",,"0.44","1.14","0.13"
"2025-04-12","Colorado","All",,"0.36","0.52","0.26"
"2025-04-12","Delaware","All",,"0.4","0.75","0.07"
"2025-04-12","Illinois","All",,"0.54","0.95","0.15"
"2025-04-12","Michigan","All",,"0.43","0.86","0.2"
"2025-04-12","Nebraska","All",,"0.3","0.24","0.19"
"2025-04-12","Nevada","All",,"0.38","0.87","0.08"
"2025-04-12","New Hampshire","All",,"0.52","1.32","0.23"
"2025-04-12","Rhode Island","All",,"0.32","0.69","0.04"
"2025-04-12","South Carolina","All",,"0.6","0.44","0.09"
"2025-04-12","South Dakota","All",,"0.27","0.34","0.57"
"2025-04-12","Utah","All",,"0.46","0.88","0.19"
"2025-04-12","West Virginia","All",,"0.43","0.84","0.69"
"2025-04-19","Arkansas","All",,"0.37","0.53","0.06"
"2025-04-19","California","All",,"0.35","0.6","0.06"
"2025-04-19","Delaware","All",,"0.25","0.75","0.17"
"2025-04-19","District of Columbia","All",,"0.29","0.83","0.01"
"2025-04-19","Idaho","All",,"0.5","0.46","0.16"
"2025-04-19","Indiana","All",,"0.41","0.55","0.08"
"2025-04-19","Louisiana","All",,"0.67","0.67","0.06"
"2025-04-19","Maine","All",,"0.29","1.28","0.17"
"2025-04-19","Massachusetts","All",,"0.48","0.98","0.11"
"2025-04-19","Nevada","All",,"0.35","0.67","0.08"
"2025-04-19","New York","All",,"0.71","0.86","0.05"
"2025-04-19","Pennsylvania","All",,"0.34","0.75","0.08"
"2025-04-19","South Dakota","All",,"0.32","0.34","0.39"
"2025-04-19","Washington","All",,"0.47","0.62","0.14"
"2025-04-19","West Virginia","All",,"0.41","0.55","0.58"
"2025-04-26","Alaska","All",,"0.41","1.73","0.08"
"2025-04-26","Connecticut","All",,"0.56","0.75","0.03"
"2025-04-26","District of Columbia","All",,"0.22","0.75","0.04"
"2025-04-26","Hawaii","All",,"0.73","1.72","0.14"
"2025-04-26","Idaho","All",,"0.6","0.36","0.12"
"2025-04-26","Kansas","All",,"0.22","0.43","0.12"
"2025-04-26","Michigan","All",,"0.41","0.77","0.15"
"2025-04-26","Mississippi","All",,"0.56","0.46","0.03"
"2025-04-26","Missouri","All",,"0.33","0.34","0.13"
"2025-04-26","Nebraska","All",,"0.26","0.18","0.11"
"2025-04-26","Nevada","All",,"0.38","0.69","0.07"
"2025-04-26","New Hampshire","All",,"0.31","1.07","0.1"
"2025-04-26","New York","All",,"0.65","0.59","0.04"
"2025-04-26","Pennsylvania","All",,"0.32","0.59","0.06"
"2025-04-26","Washington","All",,"0.45","0.62","0.1"
"2025-04-26","Wisconsin","All",,"0.44","0.62","0.14"
"2025-04-26","Wyoming","All",,"0.31","0.28","0.18"
"2025-05-03","Alabama","All",,"0.48","0.43","0.09"
"2025-05-03","Arkansas","All",,"0.3","0.24","0.09"
"2025-05-03","Colorado","All",,"0.34","0.44","0.11"
"2025-05-03","Florida","All",,"0.44","0.57","0.08"
"2025-05-03","Louisiana","All",,"0.42","0.45","0.05"
"2025-05-03","Massachusetts","All",,"0.42","0.47","0.05"
"2025-05-03","Minnesota","All",,"0.49","0.5","0.1"
"2025-05-03","Missouri","All",,"0.22","0.17","0.15"
"2025-05-03","New Jersey","All",,"0.52","0.41","0.03"
"2025-05-03","New Mexico","All",,"0.26","0.5","0.1"
"2025-05-03","Oregon","All",,"0.47","0.5","0.08"
"2025-05-03","Vermont","All",,"0.39","0.35","0.05"
"2025-05-10","Alabama","All",,"0.4","0.39","0.08"
"2025-05-10","Arkansas","All",,"0.26","0.3","0.06"
"2025-05-10","California","All",,"0.42","0.4","0.03"
"2025-05-10","Kansas","All",,"0.19","0.2","0.05"
"2025-05-10","Maine","All",,"0.21","0.31","0.08"
"2025-05-10","Minnesota","All",,"0.5","0.29","0.08"
"2025-05-10","Nevada","All",,"0.5","0.52","0.03"
"2025-05-10","North Dakota","All",,"0.2","0.14","0.05"
"2025-05-10","Pennsylvania","All",,"0.17","0.29","0.03"
"2025-05-10","Rhode Island","All",,"0.26","0.3","0.02"
"2025-05-10","South Carolina","All",,"0.33","0.22","0.07"
"2025-05-10","South Dakota","All",,"0.14","0.05","0.07"
"2025-05-17","Indiana","All",,"0.23","0.2","0.03"
"2025-05-17","Michigan","All",,"0.23","0.31","0.06"
"2025-05-17","New Jersey","All",,"0.35","0.2","0.03"
"2025-05-17","New Mexico","All",,"0.33","0.4","0.03"
"2025-05-17","Tennessee","All",,"0.23","0.3","0.04"
"2025-05-17","Texas","All",,"0.46","0.46","0.04"
"2025-05-17","Virginia","All",,"0.32","0.35","0.06"
"2025-05-17","Wyoming","All",,"0.44","0.08","0.08"
"2025-05-24","Alabama","All",,"0.42","0.28","0.06"
"2025-05-24","California","All",,"0.46","0.32","0.02"
"2025-05-24","Kansas","All",,"0.12","0.16","0.05"
"2025-05-24","Montana","All",,"0.24","0.11","0.07"
"2025-05-24","New Hampshire","All",,"0.26","0.3","0"
"2025-05-24","New York","All",,"0.33","0.13","0.02"
"2025-05-24","North Dakota","All",,"0.1","0.06","0.02"
"2025-05-24","Tennessee","All",,"0.21","0.29","0.04"
"2025-05-24","Texas","All",,"0.45","0.42","0.03"
"2025-05-24","Utah","All",,"0.36","0.22","0.02"
"2025-05-31","Arizona","All",,"0.54","0.57","0.01"
"2025-05-31","District of Columbia","All",,"0.38","0.17","0.04"
"2025-05-31","Hawaii","All",,"0.95","1.72","0.07"
"2025-05-31","Indiana","All",,"0.19","0.11","0.01"
"2025-05-31","Iowa","All",,"0.18","0.07","0.02"
"2025-05-31","Minnesota","All",,"0.29","0.14","0.03"
"2025-05-31","Montana","All",,"0.29","0.09","0.04"
"2025-05-31","New Mexico","All",,"0.46","0.34","0.04"
"2025-05-31","Ohio","All",,"0.16","0.06","0.01"
"2025-05-31","South Dakota","All",,"0.26","0.02","0.08"
"2025-05-31","Tennessee","All",,"0.22","0.23","0.03"
"2025-05-31","Utah","All",,"0.38","0.3","0.02"
"2025-05-31","Vermont","All",,"0.25","0.1","0.02"
"2025-05-31","Virginia","All",,"0.27","0.26","0.02"
"2025-05-31","West Virginia","All",,"0.13","0.17","0.08"
"2025-06-07","Arkansas","All",,"0.15","0.12","0.07"
"2025-06-07","Florida","All",,"0.76","0.53","0.08"
"2025-06-07","Illinois","All",,"0.24","0.09","0.02"
"2025-06-07","Indiana","All",,"0.16","0.08","0.01"
"2025-06-07","Kansas","All",,"0.15","0.05","0.02"
"2025-06-07","Michigan","All",,"0.19","0.12","0.03"
"2025-06-07","Montana","All",,"0.21","0.1","0.02"
"2025-06-07","New Mexico","All",,"0.43","0.26","0.02"
"2025-06-07","North Carolina","All",,"0.31","0.53","0.03"
"2025-06-07","South Carolina","All",,"0.3","0.13","0.01"
"2025-06-07","Vermont","All",,"0.15","0.05","0.02"
"2025-06-07","Wisconsin","All",,"0.18","0.11","0.01"
"2025-06-14","Alaska","All",,"0.49","0.74","0.04"
"2025-06-14","District of Columbia","All",,"0.18","0.14","0.01"
"2025-06-14","Florida","All",,"0.85","0.5","0.08"
"2025-06-14","Illinois","All",,"0.22","0.08","0.01"
"2025-06-14","Kansas","All",,"0.12","0.04","0"
"2025-06-14","Massachusetts","All",,"0.3","0.07","0.02"
"2025-06-14","Montana","All",,"0.21","0.08","0"
"2025-06-14","New Hampshire","All",,"0.11","0.14","0.01"
"2025-06-14","New Jersey","All",,"0.33","0.13","0.01"
"2025-06-14","Oregon","All",,"0.41","0.22","0.01"
"2025-06-14","South Dakota","All",,"0.15","0.05","0.03"
"2025-06-14","United States","All",,"0.35","0.19","0.02"
"2025-06-14","Washington","All",,"0.49","0.29","0.01"
"2025-06-14","Wyoming","All",,"0.22","0.05","0.03"
"2025-06-21","Alabama","All",,"0.33","0.23","0.07"
"2025-06-21","Arizona","All",,"0.51","0.15","0"
"2025-06-21","Iowa","All",,"0.17","0.03","0.01"
"2025-06-21","Louisiana","All",,"0.58","0.18","0.01"
"2025-06-21","Massachusetts","All",,"0.32","0.08","0.01"
"2025-06-21","Montana","All",,"0.38","0.1","0.01"
"2025-06-21","New Hampshire","All",,"0.15","0.07","0"
"2025-06-21","Pennsylvania","All",,"0.13","0.06","0.01"
"2025-06-21","Wisconsin","All",,"0.15","0.04","0.01"
"2025-06-28","California","All",,"0.57","0.17","0.01"
"2025-06-28","Connecticut","All",,"0.27","0.03","0.01"
"2025-06-28","Delaware","All",,"0.26","0.04","0.03"
"2025-06-28","Florida","All",,"1.22","0.44","0.06"
"2025-06-28","Hawaii","All",,"1.18","0.92","0.06"
"2025-06-28","Idaho","All",,"0.45","0.15","0.02"
"2025-06-28","Iowa","All",,"0.16","0.04","0.02"
"2025-06-28","Kentucky","All",,"0.16","0.04","0.04"
"2025-06-28","Oregon","All",,"0.65","0.2","0.01"
"2025-06-28","South Dakota","All",,"0.13","0","0.02"
"2025-06-28","Virginia","All",,"0.27","0.11","0.02"
"2025-06-28","Wyoming","All",,"0.19","0.05","0.03"
"2025-07-05","Colorado","All",,"0.32","0.08","0.01"
"2025-07-05","District of Columbia","All",,"0.42","0.1","0.04"
"2025-07-05","Kansas","All",,"0.18","0.04","0.01"
"2025-07-05","Kentucky","All",,"0.26","0.04","0.02"
"2025-07-05","Maine","All",,"0.23","0.03","0.01"
"2025-07-05","Maryland","All",,"0.38","0.04","0.01"
"2025-07-05","New Hampshire","All",,"0.34","0.1","0"
"2025-07-05","South Dakota","All",,"0.13","0.05","0"
"2025-07-05","West Virginia","All",,"0.25","0.03","0.01"
"2025-07-05","Wisconsin","All",,"0.16","0.04","0.01"
"2025-07-05","Wyoming","All",,"0.16","0.11","0"
"2025-07-12","Alaska","All",,"0.61","0.26","0"
"2025-07-12","California","All",,"0.76","0.11","0.01"
"2025-07-12","Hawaii","All",,"2.06","0.39","0.05"
"2025-07-12","Idaho","All",,"0.39","0.12","0"
"2025-07-12","Louisiana","All",,"0.85","0.07","0.01"
"2025-07-12","Oregon","All",,"0.62","0.05","0.01"
"2025-07-12","Utah","All",,"0.45","0.1","0.01"
"2025-07-12","Virginia","All",,"0.47","0.07","0.02"
"2025-07-12","West Virginia","All",,"0.23","0.03","0.01"
"2025-07-12","Wisconsin","All",,"0.16","0.02","0"
"2025-07-19","Alaska","All",,"0.88","0.19","0"
"2025-07-19","Florida","All",,"1.77","0.29","0.07"
"2025-07-19","Georgia","All",,"0.5","0.06","0.02"
"2025-07-19","Idaho","All",,"0.43","0.13","0.02"
"2025-07-19","Iowa","All",,"0.32","0.03","0.01"
"2025-07-19","Kentucky","All",,"0.39","0.05","0.02"
"2025-07-19","Minnesota","All",,"0.29","0.06","0.01"
"2025-07-19","Missouri","All",,"0.26","0.03","0.02"
"2025-07-19","Nevada","All",,"0.49","0.13","0"
"2025-07-19","New Mexico","All",,"0.43","0.07","0.01"
"2025-07-19","New York","All",,"0.36","0.05","0.01"
"2025-07-19","North Carolina","All",,"0.52","0.34","0.02"
"2025-07-19","North Dakota","All",,"0.14","0.02","0.02"
"2025-07-19","Texas","All",,"1.02","0.15","0.02"
"2025-07-19","Utah","All",,"0.56","0.08","0.02"
"2025-07-19","Vermont","All",,"0.26","0.02","0.02"
"2025-07-19","Virginia","All",,"0.53","0.08","0.01"
"2025-07-26","Delaware","All",,"0.41","0.01","0"
"2025-07-26","Georgia","All",,"0.58","0.06","0.01"
"2025-07-26","Indiana","All",,"0.32","0.02","0"
"2025-07-26","Kentucky","All",,"0.51","0.05","0.01"
"2025-07-26","Maine","All",,"0.25","0.04","0"
"2025-07-26","Nebraska","All",,"0.18","0.01","0.01"
"2025-07-26","New Jersey","All",,"0.46","0.07","0.01"
"2025-07-26","North Carolina","All",,"0.65","0.34","0.02"
"2025-07-26","Oklahoma","All",,"0.4","0.06","0.03"
"2025-07-26","Pennsylvania","All",,"0.29","0.03","0.01"
"2025-07-26","Rhode Island","All",,"0.23","0.05","0.01"
"2025-07-26","Tennessee","All",,"0.38","0.08","0.01"
"2025-07-26","United States","All",,"0.73","0.1","0.02"
"2025-07-26","Utah","All",,"0.85","0.07","0.01"
"2025-07-26","Wisconsin","All",,"0.29","0.03","0"
"2025-08-02","Arizona","All",,"0.84","0.08","0.01"
"2025-08-02","Delaware","All",,"0.73","0.02","0.03"
"2025-08-02","Illinois","All",,"0.49","0.05","0.01"
"2025-08-02","Indiana","All",,"0.44","0.03","0.01"
"2025-08-02","Iowa","All",,"0.41","0.03","0.01"
"2025-08-02","Louisiana","All",,"1.53","0.09","0.02"
"2025-08-02","Maine","All",,"0.25","0.07","0.01"
"2025-08-02","Maryland","All",,"0.92","0.05","0.01"
"2025-08-02","Massachusetts","All",,"0.61","0.05","0.01"
"2025-08-02","Montana","All",,"0.48","0.07","0.02"
"2025-08-02","Nebraska","All",,"0.29","0.01","0"
"2025-08-02","New Mexico","All",,"0.58","0.07","0.01"
"2025-08-02","North Dakota","All",,"0.22","0.02","0.02"
"2025-08-02","Oklahoma","All",,"0.41","0.05","0.01"
"2025-08-02","South Carolina","All",,"0.94","0.07","0.01"
"2025-08-02","Washington","All",,"1.09","0.07","0.01"
"2025-08-09","Alaska","All",,"1.07","0.1","0"
"2025-08-09","California","All",,"1.39","0.11","0.01"
"2025-08-09","Connecticut","All",,"0.72","0.04","0"
"2025-08-09","Iowa","All",,"0.54","0.03","0"
"2025-08-09","Minnesota","All",,"0.49","0.07","0.02"
"2025-08-09","Nevada","All",,"0.96","0.11","0"
"2025-08-09","New Mexico","All",,"0.79","0.05","0"
"2025-08-09","Tennessee","All",,"0.73","0.13","0"
"2025-08-09","Virginia","All",,"1.15","0.07","0.02"
"2025-08-09","Wyoming","All",,"0.74","0.05","0"
"2025-08-16","Alabama","All",,"1.49","0.14","0.05"
"2025-08-16","Alaska","All",,"0.84","0.18","0"
"2025-08-16","Arizona","All",,"1.31","0.08","0"
"2025-08-16","Colorado","All",,"0.91","0.04","0.01"
"2025-08-16","Kansas","All",,"0.62","0.06","0"
"2025-08-16","Kentucky","All",,"1.07","0.04","0.02"
"2025-08-16","Louisiana","All",,"2.26","0.15","0.01"
"2025-08-16","Minnesota","All",,"0.44","0.06","0.03"
"2025-08-16","Mississippi","All",,"2.24","0.27","0.03"
"2025-08-16","Missouri","All",,"0.58","0.04","0.02"
"2025-08-16","New Jersey","All",,"0.82","0.08","0.01"
"2025-08-16","South Carolina","All",,"1.93","0.07","0.01"
"2025-08-16","Virginia","All",,"1.42","0.06","0.01"
"2025-08-16","Wisconsin","All",,"0.45","0.02","0.01"
"2025-08-23","Arkansas","All",,"0.93","0.01","0.01"
"2025-08-23","Connecticut","All",,"0.89","0.03","0"
"2025-08-23","Delaware","All",,"0.95","0.05","0.01"
"2025-08-23","Iowa","All",,"0.79","0.03","0.03"
"2025-08-23","New Hampshire","All",,"0.62","0.06","0"
"2025-08-23","North Dakota","All",,"0.34","0.06","0"
"2025-08-23","Ohio","All",,"0.57","0.03","0"
"2025-08-23","Oklahoma","All",,"0.59","0.09","0.02"
"2025-08-23","Vermont","All",,"0.45","0.02","0"
"2025-08-30","California","All",,"2.11","0.12","0.01"
"2025-08-30","District of Columbia","All",,"1.32","0.2","0.07"
"2025-08-30","Iowa","All",,"0.95","0.05","0.02"
"2025-08-30","Maryland","All",,"1.44","0.09","0.02"
"2025-08-30","Massachusetts","All",,"0.96","0.05","0.01"
"2025-08-30","Minnesota","All",,"0.71","0.06","0.02"
"2025-08-30","Montana","All",,"0.79","0.08","0"
"2025-08-30","Nevada","All",,"1.44","0.11","0"
"2025-08-30","Rhode Island","All",,"0.67","0.06","0"
"2025-08-30","South Dakota","All",,"0.65","0.02","0"
"2025-08-30","Washington","All",,"1.7","0.08","0.01"
"2025-08-30","West Virginia","All",,"1.05","0.03","0"
"2025-08-30","Wisconsin","All",,"0.69","0.05","0.01"
"2025-09-06","Alaska","All",,"1.17","0.4","0.03"
"2025-09-06","Florida","All",,"2.49","0.33","0.1"
"2025-09-06","Maryland","All",,"1.58","0.09","0.03"
"2025-09-06","Michigan","All",,"0.79","0.06","0.01"
"2025-09-06","Nevada","All",,"1.37","0.09","0.01"
"2025-09-06","New Hampshire","All",,"0.94","0.11","0.01"
"2025-09-06","New York","All",,"0.79","0.05","0.01"
"2025-09-06","Pennsylvania","All",,"0.85","0.06","0.02"
"2025-09-06","Rhode Island","All",,"0.94","0.03","0"
"2025-09-06","South Carolina","All",,"2.41","0.11","0"
"2025-09-06","Tennessee","All",,"1.14","0.16","0.03"
"2025-09-06","Vermont","All",,"0.7","0.02","0"
"2025-09-06","Virginia","All",,"1.74","0.13","0.02"
"2025-09-13","Alabama","All",,"1.26","0.27","0.09"
"2025-09-13","Alaska","All",,"1.06","0.36","0.01"
"2025-09-13","Illinois","All",,"0.89","0.05","0.02"
"2025-09-13","Kentucky","All",,"1.24","0.07","0.01"
"2025-09-13","Missouri","All",,"1","0.08","0.01"
"2025-09-13","New Mexico","All",,"0.91","0.05","0.01"
"2025-09-13","Pennsylvania","All",,"0.85","0.07","0.01"
"2025-09-13","South Carolina","All",,"1.66","0.12","0.01"
"2025-09-13","South Dakota","All",,"1.04","0.06","0.03"
"2025-09-20","Alabama","All",,"0.87","0.2","0.11"
"2025-09-20","Arkansas","All",,"0.92","0.09","0.07"
"2025-09-20","Georgia","All",,"0.59","0.07","0.05"
"2025-09-20","Maine","All",,"0.75","0.09","0.03"
"2025-09-20","Nevada","All",,"0.98","0.09","0.01"
"2025-09-20","New Hampshire","All",,"0.88","0.09","0.01"
"2025-09-20","New York","All",,"0.83","0.06","0.02"
"2025-09-20","Oregon","All",,"1.57","0.04","0"
"2025-09-20","South Carolina","All",,"1.19","0.09","0.02"
"2025-09-20","Tennessee","All",,"0.77","0.15","0.02"
"2025-09-20","West Virginia","All",,"1.13","0.04","0.02"
"2025-09-20","Wisconsin","All",,"0.95","0.07","0.01"
"2025-09-27","California","All",,"1.04","0.11","0.02"
"2025-09-27","Connecticut","All",,"1.02","0.08","0.01"
"2025-09-27","Florida","All",,"0.86","0.36","0.19"
"2025-09-27","Indiana","All",,"0.42","0.04","0.02"
"2025-09-27","Massachusetts","All",,"0.98","0.1","0.04"
"2025-09-27","Minnesota","All",,"0.67","0.12","0.02"
"2025-09-27","Nevada","All",,"0.67","0.12","0"
"2025-09-27","South Carolina","All",,"0.88","0.17","0.03"
"2025-09-27","South Dakota","All",,"0.81","0.03","0"
"2025-09-27","Vermont","All",,"0.78","0","0.03"
"2025-10-04","Alaska","All",,"0.54","0.13","0"
"2025-10-04","Arkansas","All",,"0.61","0.08","0.11"
"2025-10-04","Hawaii","All",,"0.6","0.21","0.1"
"2025-10-04","Nebraska","All",,"0.18","0.01","0.01"
"2025-10-04","New Jersey","All",,"0.59","0.13","0.04"
"2025-10-04","North Carolina","All",,"0.8","0.66","0.04"
"2025-10-04","Oklahoma","All",,"0.38","0.08","0.02"
"2025-10-04","Oregon","All",,"1.04","0.09","0"
"2025-10-04","Pennsylvania","All",,"0.42","0.08","0.01"
"2025-10-04","Utah","All",,"0.52","0.11","0.01"
"2025-10-04","Wyoming","All",,"0.78","0","0.03"
"2025-10-11","Alabama","All",,"0.35","0.22","0.16"
"2025-10-11","Alaska","All",,"0.48","0.21","0.02"
"2025-10-11","Arizona","All",,"0.56","0.11","0.01"
"2025-10-11","Delaware","All",,"0.49","0.1","0.04"
"2025-10-11","Georgia","All",,"0.28","0.08","0.11"
"2025-10-11","Idaho","All",,"0.79","0.09","0.03"
"2025-10-11","Indiana","All",,"0.33","0.08","0.04"
"2025-10-11","Kentucky","All",,"0.42","0.11","0.06"
"2025-10-11","Maine","All",,"0.47","0.08","0.03"
"2025-10-11","Minnesota","All",,"0.37","0.08","0.05"
"2025-10-11","Missouri","All",,"0.39","0.06","0.04"
"2025-10-11","North Dakota","All",,"0.22","0.03","0"
"2025-10-11","Oklahoma","All",,"0.24","0.06","0.02"
"2025-10-11","Oregon","All",,"0.95","0.06","0"
"2025-10-11","South Carolina","All",,"0.52","0.12","0.1"
"2025-10-11","West Virginia","All",,"0.57","0.04","0.03"
"2025-10-11","Wisconsin","All",,"0.38","0.06","0.01"
"2025-10-18","Colorado","All",,"0.35","0.09","0.01"
"2025-10-18","Illinois","All",,"0.28","0.08","0.03"
"2025-10-18","Iowa","All",,"0.36","0.05","0.02"
"2025-10-18","Maine","All",,"0.49","0.07","0.01"
"2025-10-18","New Hampshire","All",,"0.56","0.09","0.03"
"2025-10-18","New Mexico","All",,"0.54","0.13","0.01"
"2025-10-18","Oklahoma","All",,"0.27","0.05","0.05"
"2025-10-18","South Dakota","All",,"0.39","0.05","0.02"
"2025-10-18","Utah","All",,"0.41","0.11","0.02"
"2025-10-18","West Virginia","All",,"0.5","0.06","0.02"
"2025-10-25","Alabama","All",,"0.24","0.29","0.2"
"2025-10-25","Alaska","All",,"0.25","0.29","0.01"
"2025-10-25","Arkansas","All",,"0.42","0.09","0.22"
"2025-10-25","District of Columbia","All",,"0.21","0.14","0.08"
"2025-10-25","Georgia","All",,"0.23","0.19","0.17"
"2025-10-25","Kentucky","All",,"0.34","0.12","0.08"
"2025-10-25","Louisiana","All",,"0.29","0.62","0.1"
"2025-10-25","Massachusetts","All",,"0.41","0.09","0.07"
"2025-10-25","Michigan","All",,"0.27","0.08","0.01"
"2025-10-25","New York","All",,"0.3","0.12","0.05"
"2025-10-25","North Carolina","All",,"0.32","0.73","0.07"
"2025-10-25","South Carolina","All",,"0.31","0.14","0.12"
"2025-10-25","West Virginia","All",,"0.46","0.1","0.07"
"2025-11-01","Alaska","All",,"0.31","0.13","0.09"
"2025-11-01","Colorado","All",,"0.27","0.23","0.02"
"2025-11-01","Connecticut","All",,"0.39","0.13","0.01"
"2025-11-01","Delaware","All",,"0.27","0.17","0.07"
"2025-11-01","District of Columbia","All",,"0.11","0.12","0.08"
"2025-11-01","Idaho","All",,"0.55","0.22","0.03"
"2025-11-01","Illinois","All",,"0.28","0.14","0.05"
"2025-11-01","Louisiana","All",,"0.23","0.84","0.13"
"2025-11-01","Maryland","All",,"0.25","0.25","0.08"
"2025-11-01","Michigan","All",,"0.25","0.1","0.03"
"2025-11-01","New York","All",,"0.28","0.17","0.06"
"2025-11-01","North Carolina","All",,"0.35","0.75","0.1"
"2025-11-01","Ohio","All",,"0.27","0.1","0.03"
"2025-11-01","Oklahoma","All",,"0.22","0.13","0.02"
"2025-11-01","South Carolina","All",,"0.27","0.19","0.12"
"2025-11-01","South Dakota","All",,"0.54","0.07","0.04"
"2025-11-01","Tennessee","All",,"0.43","0.26","0.04"
"2025-11-01","Vermont","All",,"0.59","0.18","0.04"
"2025-11-01","Virginia","All",,"0.35","0.16","0.16"
"2025-11-01","West Virginia","All",,"0.4","0.12","0.1"
"2025-11-08","Alaska","All",,"0.29","0.2","0.06"
"2025-11-08","California","All",,"0.18","0.25","0.05"
"2025-11-08","District of Columbia","All",,"0.14","0.16","0.14"
"2025-11-08","Minnesota","All",,"0.3","0.2","0.08"
"2025-11-08","Pennsylvania","All",,"0.33","0.16","0.05"
"2025-11-08","Wisconsin","All",,"0.27","0.13","0.03"
"2025-11-15","Alabama","All",,"0.24","0.78","0.35"
"2025-11-15","Connecticut","All",,"0.44","0.33","0.04"
"2025-11-15","Delaware","All",,"0.37","0.3","0.18"
"2025-11-15","District of Columbia","All",,"0.16","0.48","0.23"
"2025-11-15","Florida","All",,"0.23","1.27","0.53"
"2025-11-15","Hawaii","All",,"0.19","2.38","0.19"
"2025-11-15","Kansas","All",,"0.33","0.18","0.03"
"2025-11-15","Michigan","All",,"0.31","0.27","0.04"
"2025-11-15","Missouri","All",,"0.43","0.29","0.1"
"2025-11-15","Montana","All",,"0.57","0.32","0"
"2025-11-15","Nebraska","All",,"0.23","0.1","0.01"
"2025-11-15","Nevada","All",,"0.3","0.35","0.02"
"2025-11-15","New Hampshire","All",,"0.51","0.24","0.04"
"2025-11-15","New Mexico","All",,"0.77","0.35","0.02"
"2025-11-15","North Dakota","All",,"0.18","0.1","0.02"
"2025-11-15","Pennsylvania","All",,"0.37","0.29","0.07"
"2025-11-15","Rhode Island","All",,"0.31","0.26","0.11"
"2025-11-15","South Dakota","All",,"0.46","0.03","0"
"2025-11-15","Washington","All",,"0.31","0.49","0.11"
"2025-11-22","Idaho","All",,"0.42","1.05","0.02"
"2025-11-22","Iowa","All",,"0.43","0.2","0.05"
"2025-11-22","Kentucky","All",,"0.53","0.47","0.19"
"2025-11-22","Maine","All",,"0.4","0.28","0"
"2025-11-22","Michigan","All",,"0.41","0.53","0.05"
"2025-11-22","New Jersey","All",,"0.34","0.87","0.19"
"2025-11-22","Ohio","All",,"0.5","0.37","0.05"
"2025-11-22","West Virginia","All",,"0.72","0.23","0.22"
"2025-11-22","Wisconsin","All",,"0.34","0.31","0.01"
"2025-11-29","Alabama","All",,"0.28","1.17","0.68"
"2025-11-29","Colorado","All",,"0.54","2.4","0.06"
"2025-11-29","Delaware","All",,"0.35","0.82","0.46"
"2025-11-29","District of Columbia","All",,"0.27","1.71","0.25"
"2025-11-29","Hawaii","All",,"0.11","4.74","0.29"
"2025-11-29","Illinois","All",,"0.58","0.87","0.17"
"2025-11-29","Kentucky","All",,"0.65","0.87","0.27"
"2025-11-29","Michigan","All",,"0.55","0.92","0.07"
"2025-11-29","Minnesota","All",,"0.52","1.44","0.14"
"2025-11-29","Nebraska","All",,"0.25","0.2","0.01"
"2025-11-29","New Jersey","All",,"0.4","1.87","0.26"
"2025-11-29","North Carolina","All",,"0.32","2.27","0.35"
"2025-11-29","Pennsylvania","All",,"0.53","0.86","0.13"
"2025-11-29","Texas","All",,"0.25","2.76","0.51"
"2025-11-29","United States","All",,"0.39","1.45","0.27"
"2025-11-29","Vermont","All",,"0.71","0.48","0.04"
"2025-11-29","West Virginia","All",,"0.87","0.35","0.29"
"2025-12-06","California","All",,"0.13","0.5","0.09"
"2025-12-06","Delaware","All",,"0.28","0.89","0.41"
"2025-12-06","Florida","All",,"0.22","2.22","0.52"
"2025-12-06","Hawaii","All",,"0.13","5.54","0.28"
"2025-12-06","Idaho","All",,"0.66","1.57","0.1"
"2025-12-06","Iowa","All",,"0.51","0.55","0.1"
"2025-12-06","Louisiana","All",,"0.24","3.2","0.42"
"2025-12-06","Missouri","All",,"0.54","0.69","0.28"
"2025-12-06","Nebraska","All",,"0.4","0.34","0.04"
"2025-12-06","New Hampshire","All",,"0.64","1.01","0.16"
"2025-12-06","Oklahoma","All",,"0.37","0.37","0.16"
"2025-12-06","Pennsylvania","All",,"0.57","1.18","0.21"
"2025-12-06","South Carolina","All",,"0.32","1.12","0.55"
"2025-12-06","Utah","All",,"0.25","1.7","0.04"
"2025-12-13","Connecticut","All",,"0.85","5.77","0.17"
"2025-12-13","Kansas","All",,"0.62","1.11","0.22"
"2025-12-13","Kentucky","All",,"0.84","1.75","0.42"
"2025-12-13","Maine","All",,"0.7","1.38","0.05"
"2025-12-13","Montana","All",,"0.83","2.01","0.07"
"2025-12-13","Nevada","All",,"0.27","1.65","0.13"
"2025-12-13","New Jersey","All",,"0.49","5.2","0.38"
"2025-12-13","New York","All",,"0.48","5.8","0.3"
"2025-12-13","North Carolina","All",,"0.36","5.23","0.47"
"2025-12-13","Oregon","All",,"0.23","0.87","0.1"
"2025-12-13","South Carolina","All",,"0.39","2.47","0.58"
"2025-12-13","Washington","All",,"0.23","1.41","0.3"
"2025-12-20","California","All",,"0.17","1.67","0.16"
"2025-12-20","Delaware","All",,"0.67","4.9","0.91"
"2025-12-20","District of Columbia","All",,"0.26","6.07","0.26"
"2025-12-20","Illinois","All",,"1.22","5.04","0.46"
"2025-12-20","Maryland","All",,"0.52","7.98","0.72"
"2025-12-20","Massachusetts","All",,"0.97","6.37","0.41"
"2025-12-20","Michigan","All",,"1.19","4.59","0.2"
"2025-12-20","Missouri","All",,"1.07","4.23","0.51"
"2025-12-20","New Jersey","All",,"0.6","8.78","0.53"
"2025-12-20","New Mexico","All",,"1.42","6.44","0.08"
"2025-12-20","Oklahoma","All",,"0.81","2.17","0.32"
"2025-12-20","Utah","All",,"0.37","5.51","0.07"
"2025-12-27","California","All",,"0.18","2.77","0.26"
"2025-12-27","Hawaii","All",,"0.12","9.26","0.5"
"2025-12-27","Minnesota","All",,"1.23","12.56","0.4"
"2025-12-27","Montana","All",,"1.05","6.21","0.13"
"2025-12-27","Nevada","All",,"0.31","5.47","0.23"
"2025-12-27","North Carolina","All",,"0.65","17.49","0.81"
"2025-12-27","South Dakota","All",,"1.14","4.67","0.19"
"2025-12-27","Washington","All",,"0.23","3.44","0.54"
"2025-12-27","West Virginia","All",,"2.55","5.16","0.67"
"2025-12-27","Wisconsin","All",,"1.39","9.14","0.18"
"2026-01-03","Connecticut","All",,"1.32","8.53","0.36"
"2026-01-03","Florida","All",,"0.37","5.56","0.58"
"2026-01-03","Illinois","All",,"2.17","6.92","0.66"
"2026-01-03","Montana","All",,"1.19","5.32","0.06"
"2026-01-03","Nebraska","All",,"1.14","3.95","0.09"
"2026-01-03","New Mexico","All",,"1.46","8.26","0.18"
"2026-01-03","Tennessee","All",,"1.1","5.95","0.81"
"2026-01-03","Texas","All",,"0.43","5.98","0.8"
"2026-01-03","Vermont","All",,"1.4","6.77","0.22"
"2026-01-03","Washington","All",,"0.28","3.87","0.58"
"2026-01-10","District of Columbia","All",,"0.5","5.11","0.53"
"2026-01-10","Indiana","All",,"1.71","3.92","0.44"
"2026-01-10","Louisiana","All",,"0.37","4.54","0.48"
"2026-01-10","Michigan","All",,"1.71","4.13","0.31"
"2026-01-10","Missouri","All",,"1.33","4.77","0.69"
"2026-01-10","Montana","All",,"1.16","3.32","0.11"
"2026-01-10","Nebraska","All",,"0.95","2.73","0.09"
"2026-01-10","New Hampshire","All",,"1.2","6.26","0.46"
"2026-01-10","North Dakota","All",,"1.14","4.88","0.11"
"2026-01-10","South Carolina","All",,"0.48","4.25","0.46"
"2026-01-17","Alaska","All",,"0.26","5.45","0.54"
"2026-01-17","Arizona","All",,"0.32","1.69","0.16"
"2026-01-17","Georgia","All",,"0.3","1.94","0.42"
"2026-01-17","Kentucky","All",,"1.15","3.37","0.65"
"2026-01-17","Maryland","All",,"0.66","3.1","0.75"
"2026-01-17","Massachusetts","All",,"0.97","3.94","0.66"
"2026-01-17","Montana","All",,"1.11","2.98","0.08"
"2026-01-17","Nebraska","All",,"0.92","3.03","0.12"
"2026-01-17","Rhode Island","All",,"0.96","2.72","0.66"
"2026-01-17","South Carolina","All",,"0.38","2.88","0.43"
"2026-01-17","United States","All",,"0.71","3.27","0.48"
"2026-01-17","Utah","All",,"0.34","3.37","0.27"
"2026-01-17","Wyoming","All",,"0.95","2.42","0.15"
"2026-01-24","Delaware","All",,"0.96","4.12","1.1"
"2026-01-24","Idaho","All",,"0.62","2.82","0.3"
"2026-01-24","Iowa","All",,"1.63","5.98","0.77"
"2026-01-24","Mississippi","All",,"0.67","3.51","0.82"
"2026-01-24","Montana","All",,"0.87","3.57","0.19"
"2026-01-24","North Carolina","All",,"0.55","4.08","0.76"
"2026-01-24","Oregon","All",,"0.2","4.28","0.28"
"2026-01-24","South Carolina","All",,"0.54","3.38","0.39"
"2026-01-24","Utah","All",,"0.33","3.16","0.42"
"2026-01-24","Virginia","All",,"0.87","3.92","0.49"
"2026-01-24","West Virginia","All",,"1.99","4.46","0.78"
"2026-01-31","Alaska","All",,"0.32","2.87","0.89"
"2026-01-31","Arkansas","All",,"0.75","5.81","1.36"
"2026-01-31","Delaware","All",,"1.18","3.61","1.08"
"2026-01-31","Idaho","All",,"0.5","3.01","0.43"
"2026-01-31","Iowa","All",,"1.53","5.29","0.64"
"2026-01-31","Kentucky","All",,"1.16","4.19","0.72"
"2026-01-31","Massachusetts","All",,"0.87","1.73","0.87"
"2026-01-31","Minnesota","All",,"0.84","2.54","0.58"
"2026-01-31","New Mexico","All",,"0.83","2.87","0.44"
"2026-01-31","North Dakota","All",,"1.34","3.33","0.37"
"2026-01-31","Rhode Island","All",,"0.63","1.16","0.32"
"2026-01-31","Texas","All",,"0.37","4.27","0.65"
"2026-01-31","Wisconsin","All",,"1.42","3.3","0.4"
"2026-02-07","Hawaii","All",,"0.21","2.6","0.61"
"2026-02-07","Maryland","All",,"0.57","0.85","0.54"
"2026-02-07","Massachusetts","All",,"0.82","1.47","0.79"
"2026-02-07","Minnesota","All",,"0.91","2.31","0.54"
"2026-02-07","Mississippi","All",,"0.77","5.27","0.56"
"2026-02-07","Montana","All",,"0.86","3.86","0.46"
"2026-02-07","Nebraska","All",,"0.76","3.61","0.27"
"2026-02-07","New Hampshire","All",,"1.05","2.72","0.58"
"2026-02-07","Oklahoma","All",,"1.25","3.59","0.74"
"2026-02-07","Rhode Island","All",,"0.67","1.21","0.59"
"2026-02-07","Washington","All",,"0.3","5.33","0.75"
"2026-02-07","Wyoming","All",,"1.08","1.86","0.47"
"2026-02-14","California","All",,"0.14","4.1","0.48"
"2026-02-14","Colorado","All",,"0.67","1.99","0.91"
"2026-02-14","Indiana","All",,"1.02","3.6","0.45"
"2026-02-14","Minnesota","All",,"0.94","2.32","0.72"
"2026-02-14","Mississippi","All",,"0.81","5.94","0.7"
"2026-02-14","Nevada","All",,"0.26","2.47","0.67"
"2026-02-14","New Jersey","All",,"0.61","1.85","0.63"
"2026-02-14","New Mexico","All",,"0.71","3.28","0.88"
"2026-02-14","North Dakota","All",,"1.33","1.76","0.53"
"2026-02-14","Tennessee","All",,"0.5","2.96","0.55"
"2026-02-14","Wisconsin","All",,"1.17","3.38","0.68"
"2026-02-14","Wyoming","All",,"1.11","1.88","0.91"
"2026-02-21","Alaska","All",,"0.59","2.5","0.8"
"2026-02-21","Arkansas","All",,"0.69","5.31","1.23"
"2026-02-21","California","All",,"0.16","3.13","0.49"
"2026-02-21","Colorado","All",,"0.59","2.29","1.14"
"2026-02-21","Hawaii","All",,"0.14","2.37","0.59"
"2026-02-21","Illinois","All",,"1.11","2.97","1.03"
"2026-02-21","Kansas","All",,"0.7","4.37","0.81"
"2026-02-21","Kentucky","All",,"1.01","3.77","0.66"
"2026-02-21","Maine","All",,"0.97","2.34","0.4"
"2026-02-21","Michigan","All",,"1.04","2.81","0.74"
"2026-02-21","North Carolina","All",,"0.65","3.18","0.7"
"2026-02-21","North Dakota","All",,"1.13","1.79","0.71"
"2026-02-21","South Carolina","All",,"0.64","3.38","0.28"
"2026-02-28","Alabama","All",,"0.5","4.5","0.35"
"2026-02-28","Arkansas","All",,"0.93","4.61","1.23"
"2026-02-28","Connecticut","All",,"0.61","1.93","0.59"
"2026-02-28","District of Columbia","All",,"0.59","0.79","0.42"
"2026-02-28","Hawaii","All",,"0.14","1.98","0.4"
"2026-02-28","Michigan","All",,"0.84","2.25","0.74"
"2026-02-28","Mississippi","All",,"0.51","3.08","0.4"
"2026-02-28","Nevada","All",,"0.2","1.54","0.71"
"2026-02-28","New Mexico","All",,"0.64","3.2","1.05"
"2026-02-28","North Carolina","All",,"0.7","2.84","0.73"
"2026-02-28","North Dakota","All",,"0.71","1.7","0.74"
"2026-02-28","Oklahoma","All",,"1.01","2.75","0.9"
"2026-02-28","Virginia","All",,"0.83","2.35","0.33"
"2026-03-07","Alabama","All",,"0.49","4.14","0.3"
"2026-03-07","Alaska","All",,"0.49","1.61","0.88"
"2026-03-07","Arkansas","All",,"0.8","4.52","1.13"
"2026-03-07","Indiana","All",,"0.69","3.88","0.67"
"2026-03-07","Kansas","All",,"0.62","2.72","0.86"
"2026-03-07","Michigan","All",,"0.65","2.05","0.86"
"2026-03-07","West Virginia","All",,"0.97","3.3","1.3"
"2026-03-07","Wisconsin","All",,"0.63","3.12","0.95"
"2026-03-14","Alabama","All",,"0.4","2.54","0.33"
"2026-03-14","Georgia","All",,"0.25","1.25","0.22"
"2026-03-14","Iowa","All",,"0.54","2.28","1.27"
"2026-03-14","Minnesota","All",,"0.58","2.56","0.86"
"2026-03-14","Mississippi","All",,"0.39","1.83","0.43"
"2026-03-14","New Mexico","All",,"0.46","2.96","0.96"
"2026-03-14","New York","All",,"0.41","1.06","0.43"
"2026-03-14","North Carolina","All",,"0.72","2.22","0.63"
"2026-03-14","Pennsylvania","All",,"0.48","2","0.5"
"2026-03-14","South Dakota","All",,"0.82","1.94","0.98"
"2026-03-14","Texas","All",,"0.27","1.57","0.38"
"2026-03-21","Alaska","All",,"0.39","1.16","0.71"
"2026-03-21","Arkansas","All",,"0.5","2.11","0.85"
"2026-03-21","Colorado","All",,"0.25","2.34","0.79"
"2026-03-21","Connecticut","All",,"0.54","2.23","0.35"
"2026-03-21","Florida","All",,"0.24","1.6","0.25"
"2026-03-21","Hawaii","All",,"0.09","2.89","0.56"
"2026-03-21","Louisiana","All",,"0.35","0.99","0.27"
"2026-03-21","Minnesota","All",,"0.48","2.26","0.68"
"2026-03-21","Mississippi","All",,"0.34","1.28","0.35"
"2026-03-21","Nevada","All",,"0.12","1.2","0.56"
"2026-03-21","South Dakota","All",,"0.52","1.92","1.1"
"2026-03-21","United States","All",,"0.34","1.57","0.48"
"2026-03-21","Utah","All",,"0.24","0.88","0.9"
"2026-03-28","Alabama","All",,"0.29","1.38","0.22"
"2026-03-28","Arkansas","All",,"0.57","1.53","0.91"
"2026-03-28","Colorado","All",,"0.21","1.84","0.69"
"2026-03-28","Connecticut","All",,"0.56","2.29","0.31"
"2026-03-28","Florida","All",,"0.22","1.26","0.24"
"2026-03-28","Illinois","All",,"0.29","1.53","0.64"
"2026-03-28","Massachusetts","All",,"0.43","1.98","0.53"
"2026-03-28","Missouri","All",,"0.35","0.87","0.61"
"2026-03-28","Nebraska","All",,"0.24","1.07","0.79"
"2026-03-28","North Carolina","All",,"0.55","1.55","0.43"
"2026-03-28","Wisconsin","All",,"0.27","1.85","0.71"
"2026-04-04","Hawaii","All",,"0.21","2.72","0.47"
"2026-04-04","Iowa","All",,"0.26","0.77","0.77"
"2026-04-04","Maryland","All",,"0.49","1.21","0.21"
"2026-04-04","Nevada","All",,"0.09","0.85","0.27"
"2026-04-04","Ohio","All",,"0.2","1.1","0.36"
"2026-04-04","South Dakota","All",,"0.17","1.61","0.67"
"2026-04-04","Tennessee","All",,"0.3","0.84","0.31"
"2026-04-11","Delaware","All",,"0.36","0.56","0.37"
"2026-04-11","Hawaii","All",,"0.21","2.68","0.51"
"2026-04-11","Louisiana","All",,"0.29","0.46","0.16"
"2026-04-11","Montana","All",,"0.17","0.74","0.66"
"2026-04-11","New Hampshire","All",,"0.3","1.12","0.48"
"2026-04-11","North Dakota","All",,"0.15","1.63","0.83"
"2026-04-11","Oklahoma","All",,"0.18","0.39","0.25"
"2026-04-11","Oregon","All",,"0.11","0.57","0.43"
"2026-04-11","Texas","All",,"0.19","0.62","0.19"
"2026-04-11","United States","All",,"0.23","0.8","0.29"
"2026-04-18","Colorado","All",,"0.14","0.86","0.29"
"2026-04-18","District of Columbia","All",,"0.24","0.47","0.13"
"2026-04-18","Indiana","All",,"0.12","0.41","0.27"
"2026-04-18","Kansas","All",,"0.12","0.19","0.19"
"2026-04-18","Louisiana","All",,"0.29","0.27","0.12"
"2026-04-18","Montana","All",,"0.13","0.44","0.59"
"2026-04-18","New York","All",,"0.24","0.52","0.18"
"2026-04-18","Oregon","All",,"0.11","0.46","0.28"
"2026-04-18","Pennsylvania","All",,"0.17","0.46","0.18"
"2026-04-18","Utah","All",,"0.11","0.34","0.24"
"2026-04-18","West Virginia","All",,"0.25","0.74","0.8"
"2026-04-25","Indiana","All",,"0.08","0.21","0.2"
"2026-04-25","Kentucky","All",,"0.16","0.18","0.23"
"2026-04-25","Louisiana","All",,"0.27","0.24","0.12"
"2026-04-25","Oklahoma","All",,"0.11","0.19","0.19"
"2026-04-25","Oregon","All",,"0.09","0.44","0.2"
"2026-04-25","Pennsylvania","All",,"0.11","0.26","0.12"
"2026-04-25","Texas","All",,"0.18","0.44","0.12"
"2026-04-25","Vermont","All",,"0.12","0.12","0.37"
"2026-04-25","West Virginia","All",,"0.15","0.33","0.59"
"2026-05-02","Alabama","All",,"0.17","0.38","0.13"
"2026-05-02","Louisiana","All",,"0.18","0.22","0.09"
"2026-05-02","Maine","All",,"0.07","0.45","0.33"
"2026-05-02","Massachusetts","All",,"0.12","0.39","0.14"
"2026-05-02","Michigan","All",,"0.07","0.08","0.25"
"2026-05-02","Minnesota","All",,"0.16","0.48","0.29"
"2026-05-02","Nebraska","All",,"0.05","0.13","0.25"
"2026-05-02","New Hampshire","All",,"0.17","0.31","0.2"
"2026-05-02","Pennsylvania","All",,"0.11","0.19","0.1"
"2026-05-02","South Carolina","All",,"0.18","0.21","0.07"
"2026-05-02","Texas","All",,"0.16","0.4","0.12"
"2026-05-09","California","All",,"0.08","0.42","0.07"
"2026-05-09","Florida","All",,"0.19","0.42","0.11"
"2026-05-09","Georgia","All",,"0.14","0.19","0.06"
"2026-05-09","Idaho","All",,"0.16","0.25","0.11"
"2026-05-09","Louisiana","All",,"0.23","0.18","0.09"
"2026-05-09","Maine","All",,"0.04","0.36","0.19"
"2026-05-09","Maryland","All",,"0.17","0.2","0.04"
"2026-05-09","Nebraska","All",,"0.02","0.12","0.24"
"2026-05-09","Nevada","All",,"0.13","0.91","0.1"
"2026-05-09","New Hampshire","All",,"0.05","0.28","0.08"
"2026-05-09","Ohio","All",,"0.04","0.06","0.06"
"2026-05-09","Utah","All",,"0.09","0.16","0.14"
"2026-05-09","Washington","All",,"0.08","0.78","0.14"
"2026-05-09","Wisconsin","All",,"0.07","0.13","0.13"
"2026-05-16","Hawaii","All",,"0.14","1.6","0.26"
"2026-05-16","Iowa","All",,"0","0","0"
"2026-05-16","Kentucky","All",,"0.1","0.15","0.15"
"2026-05-16","Nebraska","All",,"0.02","0.05","0.23"
"2026-05-16","New Jersey","All",,"0.16","0.26","0.06"
"2026-05-16","New York","All",,"0.12","0.21","0.06"
"2026-05-16","North Carolina","All",,"0.22","0.66","0.11"
"2026-05-16","Oregon","All",,"0.1","0.27","0.08"
"2026-05-16","Pennsylvania","All",,"0.09","0.14","0.06"
"2026-05-16","South Dakota","All",,"0.08","0.28","0.27"
"2026-05-16","Texas","All",,"0.17","0.35","0.09"
"2026-05-16","Virginia","All",,"0.18","0.25","0.08"
"2026-05-16","West Virginia","All",,"0.07","0.17","0.29"
"2026-05-23","Alabama","All",,"0.14","0.24","0.11"
"2026-05-23","Arizona","All",,"0.17","0.57","0.06"
"2026-05-23","Connecticut","All",,"0.13","0.15","0.03"
"2026-05-23","Iowa","All",,"0","0","0"
"2026-05-23","Maryland","All",,"0.11","0.14","0.05"
"2026-05-23","Missouri","All",,"0.08","0.08","0.06"
"2026-05-23","New Jersey","All",,"0.12","0.17","0.03"
"2026-05-23","Tennessee","All",,"0.1","0.25","0.1"
"2026-05-23","Utah","All",,"0.11","0.06","0.07"
"2026-05-30","Arizona","All",,"0.18","0.56","0.06"
"2026-05-30","District of Columbia","All",,"0.03","0.15","0.01"
"2026-05-30","Florida","All",,"0.23","0.31","0.07"
"2026-05-30","Iowa","All",,"0","0","0"
"2026-05-30","Kansas","All",,"0.04","0.08","0.03"
"2026-05-30","Maine","All",,"0.02","0.1","0.07"
"2026-05-30","Nebraska","All",,"0.04","0.05","0.11"
"2026-05-30","New Jersey","All",,"0.11","0.14","0.04"
"2026-05-30","Oregon","All",,"0.08","0.14","0.03"
"2026-05-30","Pennsylvania","All",,"0.07","0.1","0.04"
"2026-05-30","South Carolina","All",,"0.14","0.09","0.08"
"2026-05-30","South Dakota","All",,"0.12","0.16","0.16"
"2026-05-30","Washington","All",,"0.09","0.31","0.06"
"2026-05-30","West Virginia","All",,"0.08","0.15","0.23"
"2026-05-30","Wyoming","All",,"0.41","0.64","0.16"
"2026-06-06","Alaska","All",,"0.07","0.23","0.11"
"2026-06-06","California","All",,"0.07","0.36","0.03"
"2026-06-06","Colorado","All",,"0.04","0.1","0.03"
"2026-06-06","District of Columbia","All",,"0.06","0.08","0"
"2026-06-06","Illinois","All",,"0.05","0.05","0.03"
"2026-06-06","Indiana","All",,"0.04","0.04","0.06"
"2026-06-06","Louisiana","All",,"0.19","0.09","0.05"
"2026-06-06","New York","All",,"0.07","0.09","0.02"
"2026-06-06","North Carolina","All",,"0.13","0.47","0.07"
"2026-06-06","Texas","All",,"0.16","0.25","0.06"
"2026-06-06","Vermont","All",,"0.03","0","0.02"
"2026-06-06","Washington","All",,"0.07","0.25","0.04"
"2026-06-06","West Virginia","All",,"0.05","0.12","0.18"
"2026-06-13","Arizona","All",,"0.13","0.28","0.03"
"2026-06-13","Arkansas","All",,"0.07","0.08","0.07"
"2026-06-13","Mississippi","All",,"0.14","0.15","0.07"
"2026-06-13","Missouri","All",,"0.05","0.04","0.05"
"2026-06-13","Nebraska","All",,"0.03","0.02","0.02"
"2026-06-13","New Mexico","All",,"0.12","0.13","0.01"
"2026-06-13","North Dakota","All",,"0.07","0.05","0.07"
"2026-06-13","Pennsylvania","All",,"0.05","0.06","0.02"
"2026-06-13","South Dakota","All",,"0.07","0.05","0.08"
"2026-06-13","Wisconsin","All",,"0.03","0.04","0.03"
"2026-06-13","Wyoming","All",,"0.42","0.42","0.04"
"2026-06-20","Arizona","All",,"0.13","0.15","0.03"
"2026-06-20","Arkansas","All",,"0.04","0.08","0.07"
"2026-06-20","Connecticut","All",,"0.1","0.03","0"
"2026-06-20","Delaware","All",,"0.04","0.02","0.03"
"2026-06-20","Florida","All",,"0.27","0.2","0.08"
"2026-06-20","Illinois","All",,"0.04","0.02","0.02"
"2026-06-20","Indiana","All",,"0.03","0.01","0.02"
"2026-06-20","Kentucky","All",,"0.1","0.03","0.05"
"2026-06-20","Louisiana","All",,"0.24","0.06","0.03"
"2026-06-20","Minnesota","All",,"0.07","0.03","0.04"
"2026-06-20","New Mexico","All",,"0.04","0.08","0.02"
"2026-06-20","New York","All",,"0.05","0.05","0.01"
"2026-06-20","Oklahoma","All",,"0.03","0.06","0.02"
"2026-06-20","Pennsylvania","All",,"0.04","0.05","0.01"
"2026-06-20","South Dakota","All",,"0.03","0.03","0.03"
"2026-06-20","Utah","All",,"0.1","0.07","0.02"
"2026-06-20","Vermont","All",,"0.1","0.02","0.07"
"2026-06-20","Washington","All",,"0.08","0.29","0.03"
"2026-06-20","West Virginia","All",,"0.06","0.03","0.08"
"2026-06-27","Florida","All",,"0.35","0.18","0.07"
"2026-06-27","Iowa","All",,"0","0","0"
"2026-06-27","Kansas","All",,"0.06","0.02","0.01"
"2026-06-27","Minnesota","All",,"0.06","0.03","0.03"
"2026-06-27","Nebraska","All",,"0.02","0.07","0.02"
"2026-06-27","New Jersey","All",,"0.1","0.05","0.02"
"2026-06-27","Wisconsin","All",,"0.02","0.02","0.02"
"2026-06-27","Wyoming","All",,"0.27","0.43","0.08"
"2026-07-04","Arizona","All",,"0.12","0.13","0.01"
"2026-07-04","Kentucky","All",,"0.09","0.05","0.04"
"2026-07-04","Maine","All",,"0.04","0.03","0.03"
"2026-07-04","Massachusetts","All",,"0.07","0.04","0.03"
"2026-07-04","New Mexico","All",,"0.08","0.06","0"
"2026-07-04","North Carolina","All",,"0.13","0.32","0.04"
"2026-07-04","Oregon","All",,"0.08","0.05","0.01"
"2026-07-04","South Dakota","All",,"0.1","0.02","0.05"
"2026-07-04","Vermont","All",,"0","0","0.02"
"2026-07-04","Washington","All",,"0.11","0.2","0.02"
"2026-07-04","Wyoming","All",,"0.27","0.23","0.04"
"2026-07-11","Arizona","All",,"0.15","0.1","0.01"
"2026-07-11","Connecticut","All",,"0.11","0.01","0"
"2026-07-11","Kansas","All",,"0.1","0.02","0"
"2026-07-11","Louisiana","All",,"0.34","0.05","0.03"
"2026-07-11","Mississippi","All",,"0.2","0.06","0.03"
"2026-07-11","Missouri","All",,"0.06","0.04","0.01"
"2026-07-11","Ohio","All",,"0.03","0.01","0.01"
"2026-07-11","Oklahoma","All",,"0.05","0.04","0.03"
"2026-07-11","Rhode Island","All",,"0","0.08","0"
"2026-07-11","South Carolina","All",,"0.06","0.06","0.02"
"2026-07-11","Washington","All",,"0.1","0.14","0.02"
"2026-07-18","Alaska","All",,"0.18","0.33","0.04"
"2026-07-18","California","All",,"0.15","0.12","0.02"
"2026-07-18","Connecticut","All",,"0.15","0.02","0"
"2026-07-18","Delaware","All",,"0.06","0.02","0.01"
"2026-07-18","Maryland","All",,"0.07","0.04","0"
"2026-07-18","Massachusetts","All",,"0.08","0.02","0.01"
"2026-07-18","Michigan","All",,"0.05","0.05","0.01"
"2026-07-18","Minnesota","All",,"0.06","0.03","0.01"
"2026-07-18","Missouri","All",,"0.07","0.04","0.01"
"2026-07-18","Montana","All",,"0.03","0.04","0.02"
"2026-07-18","Oklahoma","All",,"0.04","0.05","0.03"
"2026-07-18","Tennessee","All",,"0.14","0.11","0.03"
"2026-07-18","Texas","All",,"0.41","0.12","0.03"
"2026-07-18","West Virginia","All",,"0.06","0.05","0.05"
"2026-07-25","Colorado","All",,"0.08","0.04","0"
"2026-07-25","Hawaii","All",,"0.58","0.26","0.1"
"2026-07-25","Kentucky","All",,"0.11","0.04","0.03"
"2026-07-25","Louisiana","All",,"0.51","0.08","0.02"
"2026-07-25","Maryland","All",,"0.1","0.05","0.01"
"2026-07-25","Michigan","All",,"0.05","0.03","0"
"2026-07-25","Missouri","All",,"0.11","0.05","0.01"
"2026-07-25","New Jersey","All",,"0.14","0.06","0.03"
"2026-07-25","New Mexico","All",,"0.19","0.04","0.02"
"2026-07-25","Pennsylvania","All",,"0.06","0.03","0.01"
"2026-07-25","South Dakota","All",,"0.13","0.02","0"
"2026-07-25","Virginia","All",,"0.16","0.07","0.03"
"2026-07-25","West Virginia","All",,"0.05","0.03","0.01"
"2026-07-25","Wisconsin","All",,"0.05","0.03","0.01"
"2026-08-01","Arizona","All",,"0.22","0.05","0.01"
"2026-08-01","California","All",,"0.29","0.11","0.01"
"2026-08-01","Delaware","All",,"0.1","0.08","0.01"
"2026-08-01","Florida","All",,"0.65","0.19","0.07"
"2026-08-01","Georgia","All",,"0.36","0.04","0.03"
"2026-08-01","Hawaii","All",,"0.66","0.42","0.1"
"2026-08-01","Kansas","All",,"0.08","0.02","0"
"2026-08-01","Kentucky","All",,"0.11","0.04","0.02"
"2026-08-01","Massachusetts","All",,"0.09","0.04","0.01"
"2026-08-01","Mississippi","All",,"0.44","0.1","0.03"
"2026-08-01","New Hampshire","All",,"0.1","0.09","0"
"2026-08-01","North Carolina","All",,"0.27","0.29","0.01"
"2026-08-01","Ohio","All",,"0.06","0.01","0"
"2026-08-01","Pennsylvania","All",,"0.07","0.04","0.01"
"2026-08-01","Rhode Island","All",,"0.03","0.03","0"
"2026-08-01","South Carolina","All",,"0.19","0.02","0.01"
"2026-08-01","South Dakota","All",,"0.1","0.02","0.05"
"2026-08-01","Virginia","All",,"0.17","0.07","0.02"
"2026-08-01","Washington","All",,"0.17","0.08","0"
"2026-08-08","Alaska","All",,"0.4","0.3","0"
"2026-08-08","California","All",,"0.37","0.1","0.02"
"2026-08-08","Delaware","All",,"0.13","0.05","0.02"
"2026-08-08","Georgia","All",,"0.46","0.08","0.03"
"2026-08-08","Missouri","All",,"0.12","0.05","0.01"
"2026-08-08","Ohio","All",,"0.07","0.01","0.01"
"2026-08-08","Utah","All",,"0.13","0.07","0"
"2026-08-15","Alabama","All",,"0.47","0.09","0.07"
"2026-08-15","District of Columbia","All",,"0.14","0.05","0.02"
"2026-08-15","Idaho","All",,"0.26","0.08","0"
"2026-08-15","Illinois","All",,"0.15","0.05","0.02"
"2026-08-15","Indiana","All",,"0.13","0.05","0.01"
"2026-08-15","Massachusetts","All",,"0.15","0.04","0.01"
"2026-08-15","Mississippi","All",,"0.88","0.13","0.05"
"2026-08-15","South Dakota","All",,"0.16","0.05","0.03"
"2026-08-15","Vermont","All",,"0.08","0.05","0"
"2026-08-15","Washington","All",,"0.33","0.1","0.02"
"2026-08-15","Wisconsin","All",,"0.06","0.04","0"
"2026-08-22","Alabama","All",,"0.68","0.16","0.09"
"2026-08-22","Arizona","All",,"0.56","0.09","0.01"
"2026-08-22","Colorado","All",,"0.24","0.04","0.01"
"2026-08-22","Connecticut","All",,"0.26","0.03","0"
"2026-08-22","District of Columbia","All",,"0.18","0.03","0.04"
"2026-08-22","Hawaii","All",,"1.34","0.55","0.09"
"2026-08-22","Idaho","All",,"0.4","0.1","0.01"
"2026-08-22","Illinois","All",,"0.17","0.05","0.02"
"2026-08-22","Maryland","All",,"0.21","0.05","0.01"
"2026-08-22","Michigan","All",,"0.08","0.04","0.01"
"2026-08-22","New Jersey","All",,"0.32","0.1","0.02"
"2026-08-22","North Carolina","All",,"0.57","0.44","0.03"
"2026-08-22","Vermont","All",,"0.14","0.02","0"
"2026-08-22","Washington","All",,"0.41","0.14","0.02"
"2026-08-29","California","All",,"0.76","0.2","0.02"
"2026-08-29","Delaware","All",,"0.25","0.12","0.01"
"2026-08-29","District of Columbia","All",,"0.19","0.06","0"
"2026-08-29","Florida","All",,"1.2","0.31","0.09"
"2026-08-29","Indiana","All",,"0.18","0.05","0.01"
"2026-08-29","Missouri","All",,"0.21","0.08","0.02"
"2026-08-29","Nebraska","All",,"0.08","0.05","0.01"
"2026-08-29","New York","All",,"0.33","0.06","0.01"
"2026-08-29","North Carolina","All",,"0.69","0.49","0.03"
"2026-08-29","Pennsylvania","All",,"0.16","0.07","0.01"
"2026-08-29","South Dakota","All",,"0.15","0.03","0"
"2026-08-29","Texas","All",,"1.71","0.29","0.04"
"2026-08-29","United States","All",,"0.63","0.16","0.03"
"2026-08-29","Utah","All",,"0.25","0.07","0.01"
"2026-08-29","Wisconsin","All",,"0.11","0.07","0"
"2026-09-05","Colorado","All",,"0.25","0.11","0.01"
"2026-09-05","Florida","All",,"1.23","0.35","0.12"
"2026-09-05","Idaho","All",,"0.35","0.2","0"
"2026-09-05","Indiana","All",,"0.22","0.07","0.01"
"2026-09-05","Kansas","All",,"0.22","0.09","0.01"
"2026-09-05","Maryland","All",,"0.3","0.11","0.02"
"2026-09-05","Nebraska","All",,"0.07","0.05","0"
"2026-09-05","North Carolina","All",,"0.83","0.66","0.03"
"2026-09-05","North Dakota","All",,"0.09","0.11","0"
"2026-09-05","Ohio","All",,"0.15","0.06","0"
"2026-09-05","Oregon","All",,"0.44","0.13","0.01"
"2026-09-05","South Dakota","All",,"0.13","0.08","0.03"
"2026-09-05","Virginia","All",,"0.47","0.14","0.04"
"2026-09-12","Alaska","All",,"0.48","1.71","0.01"
"2026-09-12","Arkansas","All",,"0.46","0.13","0.06"
"2026-09-12","Delaware","All",,"0.42","0.12","0.02"
"2026-09-12","Florida","All",,"1.1","0.49","0.12"
"2026-09-12","Georgia","All",,"0.59","0.12","0.03"
"2026-09-12","Louisiana","All",,"1.13","0.26","0.03"
"2026-09-12","Maine","All",,"0.11","0.15","0.01"
"2026-09-12","Maryland","All",,"0.37","0.14","0.01"
"2026-09-12","Michigan","All",,"0.18","0.09","0.01"
"2026-09-12","New Mexico","All",,"0.35","0.13","0.02"
"2026-09-12","Oklahoma","All",,"0.26","0.13","0.01"
"2026-09-12","Pennsylvania","All",,"0.24","0.1","0.01"
"2026-09-19","Arizona","All",,"0.44","0.22","0.01"
"2026-09-19","Arkansas","All",,"0.4","0.23","0.04"
"2026-09-19","Idaho","All",,"0.47","0.27","0.01"
"2026-09-19","Kentucky","All",,"0.25","0.16","0.02"
"2026-09-19","Massachusetts","All",,"0.29","0.13","0.01"
"2026-09-19","Montana","All",,"0.37","0.19","0"
"2026-09-19","New Mexico","All",,"0.2","0.2","0.01"
"2026-09-19","South Carolina","All",,"0.6","0.23","0.04"
"2022-10-01","Alaska","All","1.84","1.61","0.14","0.09"
"2022-10-01","Hawaii","All","5.11","2.9","1.4","0.88"
"2022-10-01","Idaho","All","2.48","2.35","0.07","0.08"
"2022-10-01","Indiana","All","2.97","1.45","0.21","1.33"
"2022-10-01","Kansas","All","2.14","1.72","0.09","0.35"
"2022-10-01","Massachusetts","All","3.77","3.23","0.09","0.47"
"2022-10-01","Minnesota","All","2.57","2.3","0.09","0.18"
"2022-10-01","Mississippi","All","2.84","1.04","0.83","1"
"2022-10-01","Montana","All","3.12","2.94","0.06","0.11"
"2022-10-01","New York","All","2.49","2.26","0.07","0.17"
"2022-10-01","Vermont","All","4.01","3.66","0.08","0.26"
"2022-10-01","Virginia","All","3.39","2.08","0.43","0.91"
"2022-10-01","West Virginia","All","3.37","2.56","0.07","0.77"
"2022-10-01","Wyoming","All","3.12","2.88","0.21","0.03"
"2022-10-08","Georgia","All","2.61","0.49","1.75","0.4"
"2022-10-08","Massachusetts","All","4.24","3.4","0.12","0.75"
"2022-10-08","Michigan","All","3.49","3.05","0.07","0.38"
"2022-10-08","Minnesota","All","2.59","2.09","0.14","0.36"
"2022-10-08","Mississippi","All","3.25","0.88","1.7","0.71"
"2022-10-08","Missouri","All",,"0.04","0","0.01"
"2022-10-08","New Hampshire","All",,"3.33","0.24","0.33"
"2022-10-08","North Carolina","All","4.07","2.18","0.9","1.05"
"2022-10-08","North Dakota","All","3.31","2.82","0","0.49"
"2022-10-08","Oklahoma","All","1.9","1.29","0.05","0.58"
"2022-10-08","South Dakota","All",,"1.27","0.06","0.04"
"2022-10-08","United States","All","2.92","1.67","0.67","0.6"
"2022-10-08","Utah","All","1.72","1.41","0.11","0.2"
"2022-10-08","Virginia","All","3.68","1.94","0.72","1.06"
"2022-10-08","Wisconsin","All","2.42","2.14","0.06","0.23"
"2022-10-15","Alabama","All","5.15","0.9","3.73","0.57"
"2022-10-15","Colorado","All","2.22","1.7","0.14","0.39"
"2022-10-15","Idaho","All","2.24","2.08","0.07","0.12"
"2022-10-15","Maryland","All","4.31","1.82","0.93","1.59"
"2022-10-15","Massachusetts","All","4.26","3.16","0.14","1.02"
"2022-10-15","Nebraska","All","1.81","1.01","0.04","0.81"
"2022-10-15","New Jersey","All","3.42","2.46","0.43","0.55"
"2022-10-15","Virginia","All","4.32","1.92","1.29","1.16"
"2022-10-15","Washington","All","2.51","1.94","0.18","0.4"
"2022-10-15","West Virginia","All","4.02","1.84","0.49","1.76"
"2022-10-15","Wisconsin","All","2.65","2.18","0.07","0.41"
"2022-10-22","Alabama","All","7.22","0.82","6.01","0.47"
"2022-10-22","Alaska","All","2.3","1.1","0.76","0.45"
"2022-10-22","Arizona","All","2.61","1.98","0.27","0.39"
"2022-10-22","District of Columbia","All","4.36","1.6","0.91","1.97"
"2022-10-22","Florida","All","2.69","1.07","1.2","0.44"
"2022-10-22","Maryland","All","5.56","1.93","1.8","1.94"
"2022-10-22","Minnesota","All","4.01","2.49","0.4","1.15"
"2022-10-22","Mississippi","All","5.21","0.74","4.17","0.35"
"2022-10-22","New Jersey","All","3.64","2.35","0.65","0.67"
"2022-10-22","Ohio","All","3.11","1.81","0.58","0.73"
"2022-10-22","Oklahoma","All","2.4","1.25","0.33","0.83"
"2022-10-22","Pennsylvania","All","3.13","1.94","0.33","0.91"
"2022-10-22","South Carolina","All","5.31","1.02","3.53","0.82"
"2022-10-22","Vermont","All","5.17","4.05","0.12","1.01"
"2022-10-22","Wisconsin","All","3.07","2.28","0.13","0.68"
"2022-10-29","Alabama","All","13.02","0.99","11.68","0.44"
"2022-10-29","Connecticut","All","4.73","2.69","1.34","0.74"
"2022-10-29","Maryland","All","7.9","2.04","3.74","2.26"
"2022-10-29","Minnesota","All","4.59","2.34","1.14","1.14"
"2022-10-29","Mississippi","All","8.15","0.73","7.17","0.32"
"2022-10-29","Nebraska","All","2.91","1.42","0.36","1.15"
"2022-10-29","New Jersey","All","4.75","2.36","1.55","0.88"
"2022-10-29","New Mexico","All","5.64","3.68","0.38","1.62"
"2022-10-29","Ohio","All","4.3","2.12","1.24","0.95"
"2022-10-29","South Carolina","All","9.44","1.32","7.45","0.75"
"2022-10-29","United States","All","5.1","1.67","2.47","1.01"
"2022-10-29","Washington","All","3.7","1.81","0.66","1.27"
"2022-10-29","Wisconsin","All","3.56","2.33","0.34","0.92"
"2022-11-05","Colorado","All","5.08","2.84","0.96","1.32"
"2022-11-05","Connecticut","All","5.9","2.56","2.5","0.88"
"2022-11-05","Illinois","All","7.53","2.42","3.21","2.02"
"2022-11-05","Maine","All","4.06","2.32","0.35","1.44"
"2022-11-05","Massachusetts","All","5.14","2.25","0.59","2.38"
"2022-11-05","New Jersey","All","6.7","2.29","3.35","1.15"
"2022-11-05","New York","All","4.2","2.1","1.17","0.98"
"2022-11-05","Oregon","All","3.53","1.84","0.9","0.81"
"2022-11-05","Rhode Island","All","3.54","1.71","0.69","1.19"
"2022-11-05","South Carolina","All","11.77","1.25","9.94","0.66"
"2022-11-05","Texas","All","7.44","0.76","5.68","1.09"
"2022-11-05","Utah","All","4.4","2.63","0.56","1.27"
"2022-11-12","Alaska","All","7.31","1.63","3.73","2.13"
"2022-11-12","Delaware","All","8.17","1.65","4.44","2.13"
"2022-11-12","Idaho","All","4.26","2.18","0.76","1.35"
"2022-11-12","Kansas","All","6.28","2.01","2.84","1.48"
"2022-11-12","Louisiana","All","7.49","0.9","6.14","0.51"
"2022-11-12","Maine","All","4.54","1.97","0.67","1.94"
"2022-11-12","Massachusetts","All","5.33","2.15","0.79","2.46"
"2022-11-12","Nebraska","All","5.47","2.06","1.64","1.82"
"2022-11-12","New York","All","4.71","2.08","1.59","1.08"
"2022-11-12","Oregon","All","5.1","2.02","1.85","1.3"
"2022-11-12","South Carolina","All","9.74","1.16","8.1","0.54"
"2022-11-19","Alaska","All","10.72","1.56","6.82","2.47"
"2022-11-19","Arizona","All","9.34","4.9","3.17","1.41"
"2022-11-19","Indiana","All","8.69","2.07","5.48","1.2"
"2022-11-19","Kentucky","All","9.85","1.65","7.11","1.22"
"2022-11-19","Maine","All","4.59","1.63","1.06","1.97"
"2022-11-19","Massachusetts","All","5.36","2.06","1.27","2.09"
"2022-11-19","Minnesota","All","11.96","2.66","7.21","2.4"
"2022-11-19","Montana","All","4.66","2.27","1.53","0.9"
"2022-11-19","Nevada","All","6.65","2.48","2.86","1.45"
"2022-11-19","New Hampshire","All",,"1.56","1.09","1.42"
"2022-11-19","North Dakota","All","6.01","2.6","1.29","2.22"
"2022-11-19","Ohio","All","7.42","1.91","4.41","1.1"
"2022-11-19","Oregon","All","8.08","2.17","4.4","1.6"
"2022-11-19","Virginia","All","9.21","1.68","6.97","0.69"
"2022-11-19","Wisconsin","All","4.9","1.77","1.77","1.41"
"2022-11-26","Florida","All","5.57","1.59","3.64","0.42"
"2022-11-26","Illinois","All","13.88","3.02","10.04","1.05"
"2022-11-26","Kentucky","All","16.1","2.24","13.19","0.93"
"2022-11-26","Louisiana","All","9.23","1.76","7.13","0.46"
"2022-11-26","Maryland","All","10.83","2.24","7.7","1.09"
"2022-11-26","Michigan","All","6.53","2.51","2.27","1.83"
"2022-11-26","Minnesota","All","15.58","2.14","11.47","2.24"
"2022-11-26","Montana","All","7.89","2.66","3.99","1.32"
"2022-11-26","New Hampshire","All",,"1.78","2.46","1.4"
"2022-11-26","New Mexico","All","16.42","5.46","8.28","3.14"
"2022-11-26","New York","All","7.32","2.41","4.19","0.84"
"2022-11-26","North Dakota","All","8.96","3.61","2.85","2.65"
"2022-11-26","Ohio","All","11.07","2.34","7.83","0.92"
"2022-11-26","Utah","All","10.69","3.99","3.84","3.14"
"2022-11-26","Wyoming","All","13.79","4.02","7.59","2.46"
"2022-12-03","Idaho","All","11.01","3.05","5.16","3.02"
"2022-12-03","Indiana","All","15.24","3.52","11.21","0.71"
"2022-12-03","Iowa","All","9.41","3.58","4.13","2.06"
"2022-12-03","Louisiana","All","7.5","1.95","5.31","0.31"
"2022-12-03","Michigan","All","7.9","2.98","3.51","1.54"
"2022-12-03","Minnesota","All","15.29","2.61","10.94","2.09"
"2022-12-03","Mississippi","All","8.87","2.04","6.84","0.18"
"2022-12-03","Missouri","All",,"0.06","0.15","0.03"
"2022-12-03","North Carolina","All","10.66","2.23","7.96","0.66"
"2022-12-03","North Dakota","All","10.95","3.87","4.22","3.04"
"2022-12-03","Oregon","All","14.19","2.97","9.71","1.82"
"2022-12-03","South Carolina","All","7.87","2.49","5.14","0.34"
"2022-12-03","Texas","All","9.09","2.1","6.36","0.78"
"2022-12-03","Washington","All","15.63","2.84","11.13","2.05"
"2022-12-03","Wyoming","All","11.18","3.43","5.59","2.43"
"2022-12-10","Connecticut","All","10.46","3.36","6.96","0.26"
"2022-12-10","Delaware","All","10.28","2.47","7.35","0.6"
"2022-12-10","Indiana","All","14.93","3.62","10.99","0.5"
"2022-12-10","Maine","All","10.54","2.18","7.68","0.82"
"2022-12-10","Michigan","All","9.83","3.07","5.84","1.08"
"2022-12-10","Minnesota","All","13.05","2.73","8.57","1.95"
"2022-12-10","Missouri","All",,"0.08","0.21","0.02"
"2022-12-10","Montana","All","10.18","2.85","5.58","1.94"
"2022-12-10","North Dakota","All","14.05","3.25","8.38","2.72"
"2022-12-10","Rhode Island","All","8.88","2.61","6.06","0.27"
"2022-12-10","Wisconsin","All","9.13","2.44","5.85","1"
"2022-12-17","Arkansas","All","5.97","2.19","3.56","0.3"
"2022-12-17","California","All","8.02","3.02","4.38","0.66"
"2022-12-17","Delaware","All","9.86","2.97","6.56","0.53"
"2022-12-17","Florida","All","6.31","2.41","3.73","0.26"
"2022-12-17","Hawaii","All","5.86","2.47","3.09","0.32"
"2022-12-17","Kentucky","All","8.03","2.71","4.91","0.55"
"2022-12-17","Maine","All","13.08","2.14","10.44","0.65"
"2022-12-17","Maryland","All","7.54","3.82","3.28","0.59"
"2022-12-17","Montana","All","11.58","2.84","7.07","1.95"
"2022-12-17","North Carolina","All","7.86","3.61","4.01","0.44"
"2022-12-17","North Dakota","All","16.43","3.58","10.16","3.08"
"2022-12-17","West Virginia","All","9.82","2.92","6.3","0.76"
"2022-12-17","Wyoming","All","10.73","2.36","5.54","3.21"
"2022-12-24","Arizona","All","9.3","3.83","4.94","0.73"
"2022-12-24","Arkansas","All","5.58","2.65","2.78","0.25"
"2022-12-24","Georgia","All","3.45","2.18","1.18","0.13"
"2022-12-24","Hawaii","All","7.28","3.2","4.06","0.13"
"2022-12-24","Maine","All","12.31","2.36","9.68","0.45"
"2022-12-24","Michigan","All","12.95","3.43","9.17","0.58"
"2022-12-24","New Mexico","All","15.36","3.22","11.29","1.2"
"2022-12-24","North Dakota","All","11.19","2.9","6.57","2.05"
"2022-12-24","Ohio","All","9.22","3.32","5.65","0.28"
"2022-12-24","Rhode Island","All","9.43","3.33","6.07","0.23"
"2022-12-24","Tennessee","All","6.37","3.22","2.93","0.35"
"2022-12-24","Texas","All","7.25","3.19","3.68","0.49"
"2022-12-24","Utah","All","12.18","3.17","7.5","1.86"
"2022-12-24","Washington","All","9.53","3.08","5.67","1.01"
"2022-12-31","Alaska","All","8.28","2.41","4.58","1.4"
"2022-12-31","Florida","All","7.5","3.65","3.73","0.24"
"2022-12-31","Idaho","All","9.69","2.18","6.24","1.51"
"2022-12-31","Kentucky","All","6.5","3.7","2.44","0.48"
"2022-12-31","Minnesota","All","6.95","2.9","2.97","1.21"
"2022-12-31","Missouri","All",,"0.09","0.17","0.01"
"2022-12-31","Nevada","All","6.24","2.6","3.09","0.68"
"2022-12-31","New Mexico","All","12.05","3.44","7.83","1.04"
"2022-12-31","North Carolina","All","9.71","6.14","3.46","0.35"
"2022-12-31","South Dakota","All",,"1.04","2.65","0.87"
"2022-12-31","Virginia","All","8.46","6","2.34","0.25"
"2022-12-31","West Virginia","All","9.42","4.89","4.16","0.55"
"2022-12-31","Wisconsin","All","7.66","2.77","4.51","0.51"
"2023-01-07","Arizona","All","5.11","2.71","1.87","0.6"
"2023-01-07","Arkansas","All","4.39","2.82","1.45","0.25"
"2023-01-07","California","All","4.58","2.84","1.32","0.48"
"2023-01-07","Colorado","All","4.72","1.74","2.4","0.65"
"2023-01-07","Idaho","All","5.88","1.92","2.84","1.23"
"2023-01-07","Indiana","All","5.95","3.03","2.73","0.24"
"2023-01-07","Louisiana","All","5.56","3.89","1.56","0.17"
"2023-01-07","Michigan","All","6.48","2.76","3.43","0.39"
"2023-01-07","Mississippi","All","5.56","4.12","1.44","0.12"
"2023-01-07","Montana","All","5.78","1.81","2.7","1.4"
"2023-01-07","New Jersey","All","5.84","4","1.7","0.22"
"2023-01-07","New Mexico","All","7.4","2.84","3.79","0.91"
"2023-01-07","New York","All","4.99","3.2","1.71","0.15"
"2023-01-07","North Carolina","All","7.77","5.38","2.24","0.33"
"2023-01-07","South Carolina","All","6.69","4.88","1.74","0.14"
"2023-01-07","Tennessee","All","4.8","3.29","1.32","0.28"
"2023-01-07","Texas","All","5.63","3.63","1.79","0.31"
"2023-01-07","United States","All","5.54","3.32","1.96","0.33"
"2023-01-07","Utah","All","7.27","2.65","3.45","1.35"
"2023-01-07","Virginia","All","6.6","5.05","1.43","0.2"
"2023-01-07","Wyoming","All","5.36","1.85","2.28","1.39"
"2023-01-14","Alabama","All","4.04","3.27","0.71","0.11"
"2023-01-14","Arizona","All","3.07","1.87","0.82","0.42"
"2023-01-14","Colorado","All","2.63","1.2","1.15","0.32"
"2023-01-14","Connecticut","All","4.53","3.77","0.71","0.09"
"2023-01-14","District of Columbia","All","4.52","3.77","0.53","0.36"
"2023-01-14","Indiana","All","3.4","2.21","1.02","0.18"
"2023-01-14","Iowa","All","4.25","2.47","1.5","0.4"
"2023-01-14","Louisiana","All","4.16","3.18","0.91","0.11"
"2023-01-14","Maryland","All","4.13","3.29","0.63","0.24"
"2023-01-14","Nevada","All","2.59","1.44","0.77","0.42"
"2023-01-14","New Hampshire","All",,"2.66","1.71","0.13"
"2023-01-14","North Carolina","All","5.33","3.99","1.24","0.22"
"2023-01-14","Ohio","All","2.76","1.85","0.8","0.12"
"2023-01-14","Rhode Island","All","3.83","2.73","0.96","0.16"
"2023-01-14","Utah","All","3.89","1.8","1.41","0.77"
"2023-01-14","Vermont","All","4.36","2.49","1.34","0.58"
"2023-01-21","Delaware","All","3.48","2.72","0.62","0.15"
"2023-01-21","Hawaii","All","4.85","2.81","1.93","0.11"
"2023-01-21","Illinois","All","2.84","2.24","0.46","0.17"
"2023-01-21","Maryland","All","3.26","2.7","0.45","0.14"
"2023-01-21","Montana","All","3.36","1.63","0.91","0.83"
"2023-01-21","Nebraska","All","1.88","1.17","0.61","0.12"
"2023-01-21","Ohio","All","2.24","1.63","0.52","0.09"
"2023-01-21","Oklahoma","All","3.44","2.61","0.65","0.22"
"2023-01-21","South Carolina","All","3.92","3","0.87","0.07"
"2023-01-21","United States","All","3.15","2.29","0.71","0.18"
"2023-01-21","Utah","All","2.84","1.54","0.76","0.59"
"2023-01-21","Washington","All","3.45","2.6","0.42","0.45"
"2023-01-28","Alaska","All","3.81","2.34","0.64","0.88"
"2023-01-28","Florida","All","3.9","2.47","1.36","0.12"
"2023-01-28","Georgia","All","2.39","1.79","0.55","0.07"
"2023-01-28","Illinois","All","2.43","1.98","0.31","0.16"
"2023-01-28","Indiana","All","2.23","1.76","0.4","0.08"
"2023-01-28","Maine","All","3.24","2.81","0.32","0.11"
"2023-01-28","Maryland","All","3.06","2.58","0.36","0.13"
"2023-01-28","Minnesota","All","3.17","2.48","0.35","0.38"
"2023-01-28","Montana","All","2.99","1.58","0.67","0.76"
"2023-01-28","New Hampshire","All",,"1.6","0.78","0.12"
"2023-01-28","North Carolina","All","3.94","3.09","0.81","0.12"
"2023-01-28","Ohio","All","2.01","1.58","0.35","0.06"
"2023-01-28","Pennsylvania","All","2.46","2.03","0.34","0.11"
"2023-01-28","Tennessee","All","2.91","2.4","0.39","0.15"
"2023-01-28","United States","All","2.81","2.13","0.55","0.15"
"2023-01-28","Vermont","All","4.55","3.58","0.57","0.42"
"2023-02-04","Arkansas","All","2.08","1.35","0.65","0.12"
"2023-02-04","Delaware","All","3.27","3.01","0.13","0.15"
"2023-02-04","Florida","All","3.47","2.23","1.17","0.11"
"2023-02-04","Georgia","All","2.23","1.72","0.48","0.06"
"2023-02-04","Kentucky","All","2.72","2.34","0.26","0.14"
"2023-02-04","Louisiana","All","3.24","2.65","0.55","0.07"
"2023-02-04","Maryland","All","2.62","2.21","0.33","0.11"
"2023-02-04","Michigan","All","2.25","1.7","0.47","0.1"
"2023-02-04","Missouri","All",,"0.04","0","0"
"2023-02-04","North Carolina","All","3.81","2.89","0.91","0.11"
"2023-02-04","Pennsylvania","All","2.23","1.94","0.22","0.08"
"2023-02-04","South Dakota","All",,"1.36","0.45","0.26"
"2023-02-04","Texas","All","2.86","2.08","0.67","0.15"
"2023-02-11","Arizona","All","2.19","1.66","0.37","0.17"
"2023-02-11","Connecticut","All","2.48","2.2","0.23","0.06"
"2023-02-11","Florida","All","2.95","1.93","0.94","0.11"
"2023-02-11","Iowa","All","3.08","2.45","0.43","0.26"
"2023-02-11","Louisiana","All","3.12","2.62","0.47","0.05"
"2023-02-11","Maine","All","3.33","3.08","0.16","0.08"
"2023-02-11","Massachusetts","All","2.87","2.45","0.34","0.09"
"2023-02-11","Michigan","All","2.22","1.8","0.36","0.09"
"2023-02-11","Minnesota","All","3.42","2.82","0.3","0.32"
"2023-02-11","Mississippi","All","2.88","2.3","0.56","0.07"
"2023-02-11","Missouri","All",,"0.05","0.01","0"
"2023-02-11","Nebraska","All","1.89","1.52","0.25","0.12"
"2023-02-11","North Dakota","All","4.46","3.27","0.79","0.44"
"2023-02-11","South Carolina","All","2.78","2.11","0.62","0.07"
"2023-02-11","United States","All","2.44","1.95","0.4","0.11"
"2023-02-11","Wyoming","All","1.94","1.54","0.2","0.23"
"2023-02-18","Alabama","All","2.86","2.32","0.52","0.04"
"2023-02-18","Alaska","All","3.61","2.78","0.47","0.37"
"2023-02-18","Arizona","All","2.31","1.85","0.36","0.14"
"2023-02-18","Connecticut","All","2.07","1.8","0.25","0.03"
"2023-02-18","Illinois","All","2.37","2.09","0.19","0.1"
"2023-02-18","Iowa","All","3.24","2.77","0.32","0.17"
"2023-02-18","Louisiana","All","2.79","2.33","0.43","0.04"
"2023-02-18","Maryland","All","2","1.72","0.19","0.09"
"2023-02-18","Nevada","All","1.76","1.37","0.26","0.15"
"2023-02-18","New Mexico","All","2.28","1.89","0.23","0.17"
"2023-02-18","New York","All","1.66","1.4","0.22","0.05"
"2023-02-18","Ohio","All","1.99","1.75","0.22","0.04"
"2023-02-18","Rhode Island","All","1.89","1.64","0.25","0.03"
"2023-02-18","United States","All","2.27","1.84","0.36","0.09"
"2023-02-18","Wisconsin","All","2.05","1.81","0.16","0.09"
"2023-02-18","Wyoming","All","2.92","2.33","0.26","0.36"
"2023-02-25","Alaska","All","3.61","2.57","0.57","0.47"
"2023-02-25","Arkansas","All","1.73","1.17","0.52","0.09"
"2023-02-25","Illinois","All","2.41","2.14","0.2","0.08"
"2023-02-25","Maryland","All","1.75","1.44","0.22","0.09"
"2023-02-25","Massachusetts","All","2.27","1.94","0.26","0.09"
"2023-02-25","Ohio","All","1.94","1.72","0.19","0.03"
"2023-02-25","South Dakota","All",,"2.1","0.41","0.17"
"2023-02-25","Tennessee","All","2.28","1.83","0.37","0.11"
"2023-02-25","Texas","All","2.24","1.64","0.52","0.11"
"2023-02-25","United States","All","2.13","1.73","0.34","0.08"
"2023-02-25","Virginia","All","2.06","1.57","0.43","0.08"
"2023-02-25","Wisconsin","All","2.2","2","0.12","0.08"
"2023-03-04","California","All","1.77","1.54","0.16","0.08"
"2023-03-04","Connecticut","All","1.49","1.29","0.18","0.03"
"2023-03-04","Delaware","All","1.48","1.28","0.14","0.06"
"2023-03-04","Hawaii","All","2.16","1.65","0.48","0.05"
"2023-03-04","Idaho","All","2.65","2.44","0.13","0.1"
"2023-03-04","Indiana","All","1.85","1.56","0.23","0.07"
"2023-03-04","Iowa","All","3.29","2.81","0.34","0.23"
"2023-03-04","Louisiana","All","2.04","1.73","0.29","0.04"
"2023-03-04","Montana","All","2.67","2.24","0.26","0.19"
"2023-03-04","Nebraska","All","2.06","1.87","0.11","0.08"
"2023-03-04","Nevada","All","1.54","1.23","0.25","0.08"
"2023-03-04","New Jersey","All","1.45","1.11","0.29","0.05"
"2023-03-04","New Mexico","All","2.42","1.95","0.36","0.12"
"2023-03-04","New York","All","1.29","1.06","0.19","0.04"
"2023-03-04","United States","All","1.87","1.51","0.3","0.07"
"2023-03-11","District of Columbia","All","0.93","0.66","0.2","0.08"
"2023-03-11","Georgia","All","0.97","0.61","0.34","0.04"
"2023-03-11","Kentucky","All","1.52","1.26","0.21","0.06"
"2023-03-11","Nebraska","All","2.12","1.91","0.15","0.07"
"2023-03-11","Rhode Island","All","1.05","0.91","0.09","0.06"
"2023-03-11","Texas","All","1.74","1.26","0.41","0.1"
"2023-03-11","United States","All","1.66","1.32","0.28","0.07"
"2023-03-11","Virginia","All","1.44","1.07","0.31","0.07"
"2023-03-18","Arkansas","All","1.12","0.68","0.39","0.05"
"2023-03-18","Connecticut","All","1.13","0.91","0.18","0.03"
"2023-03-18","Georgia","All","1.1","0.65","0.43","0.03"
"2023-03-18","Illinois","All","1.99","1.78","0.17","0.04"
"2023-03-18","Michigan","All","2.14","1.91","0.17","0.06"
"2023-03-18","Montana","All","2.48","2.27","0.14","0.1"
"2023-03-18","Nebraska","All","1.77","1.65","0.08","0.04"
"2023-03-18","Pennsylvania","All","1.18","1.01","0.14","0.03"
"2023-03-18","South Dakota","All",,"1.16","0.18","0.08"
"2023-03-25","Alabama","All","1.46","1.06","0.37","0.04"
"2023-03-25","Arizona","All","2.01","1.66","0.33","0.05"
"2023-03-25","Arkansas","All","1.3","0.83","0.41","0.07"
"2023-03-25","Delaware","All","0.92","0.84","0.07","0.03"
"2023-03-25","Hawaii","All","3.1","2.51","0.58","0.01"
"2023-03-25","Idaho","All","1.72","1.57","0.09","0.06"
"2023-03-25","Iowa","All","3.07","2.64","0.31","0.15"
"2023-03-25","Maine","All","1.92","1.8","0.11","0.02"
"2023-03-25","Missouri","All",,"0.04","0","0"
"2023-03-25","Nebraska","All","1.84","1.61","0.21","0.02"
"2023-03-25","New Jersey","All","1.13","0.66","0.46","0.02"
"2023-03-25","New York","All","0.98","0.68","0.28","0.03"
"2023-03-25","Rhode Island","All","0.95","0.7","0.18","0.07"
"2023-03-25","Virginia","All","1.23","0.91","0.3","0.03"
"2023-04-01","Colorado","All","1.55","1.36","0.16","0.04"
"2023-04-01","Hawaii","All","3.79","3.13","0.61","0.09"
"2023-04-01","Illinois","All","1.98","1.72","0.23","0.05"
"2023-04-01","Maine","All","1.83","1.7","0.12","0.02"
"2023-04-01","Maryland","All","0.98","0.7","0.27","0.03"
"2023-04-01","Massachusetts","All","1.32","1.07","0.21","0.06"
"2023-04-01","Michigan","All","2.11","1.94","0.15","0.03"
"2023-04-01","Mississippi","All","1.44","0.96","0.48","0.03"
"2023-04-01","New Jersey","All","1.02","0.51","0.49","0.02"
"2023-04-01","Pennsylvania","All","0.99","0.8","0.17","0.03"
"2023-04-01","Vermont","All","1.49","1.35","0.1","0.04"
"2023-04-08","Alabama","All","1.16","0.82","0.33","0.04"
"2023-04-08","Illinois","All","1.71","1.5","0.18","0.04"
"2023-04-08","Kansas","All","1.02","0.87","0.13","0.02"
"2023-04-08","Kentucky","All","1.4","1.02","0.32","0.06"
"2023-04-08","Maryland","All","0.8","0.6","0.18","0.02"
"2023-04-08","Mississippi","All","1.46","0.95","0.47","0.05"
"2023-04-08","Ohio","All","1.19","1.03","0.14","0.01"
"2023-04-08","West Virginia","All","1.3","1.1","0.18","0.03"
"2023-04-15","Arkansas","All","1.09","0.77","0.28","0.05"
"2023-04-15","Idaho","All","1.23","1.04","0.13","0.05"
"2023-04-15","Illinois","All","1.44","1.25","0.16","0.03"
"2023-04-15","Iowa","All","2.19","1.96","0.21","0.06"
"2023-04-15","Kansas","All","0.86","0.77","0.07","0.01"
"2023-04-15","Michigan","All","1.52","1.35","0.15","0.03"
"2023-04-15","Montana","All","1.28","1.12","0.09","0.08"
"2023-04-15","New Hampshire","All",,"0.76","0.09","0.02"
"2023-04-15","New Jersey","All","0.88","0.46","0.4","0.03"
"2023-04-15","New Mexico","All","2.43","2.26","0.18","0.01"
"2023-04-15","New York","All","0.83","0.54","0.28","0.02"
"2023-04-15","North Carolina","All","1.19","0.75","0.45","0.02"
"2023-04-15","Oregon","All","1.22","1.17","0.05","0.01"
"2023-04-22","Arizona","All","2.18","1.7","0.47","0.02"
"2023-04-22","Colorado","All","1","0.82","0.17","0.02"
"2023-04-22","Connecticut","All","0.65","0.51","0.13","0.01"
"2023-04-22","Indiana","All","0.77","0.62","0.12","0.03"
"2023-04-22","Iowa","All","1.95","1.69","0.22","0.09"
"2023-04-22","Nebraska","All","0.8","0.71","0.08","0.02"
"2023-04-22","New York","All","0.65","0.42","0.21","0.02"
"2023-04-22","North Carolina","All","1.12","0.72","0.4","0.02"
"2023-04-22","Vermont","All","0.79","0.67","0.06","0.06"
"2023-04-22","Wisconsin","All","1.04","0.94","0.07","0.02"
"2023-04-29","California","All","0.88","0.77","0.08","0.02"
"2023-04-29","Indiana","All","0.9","0.7","0.17","0.03"
"2023-04-29","Montana","All","0.93","0.79","0.07","0.07"
"2023-04-29","New Jersey","All","0.54","0.29","0.24","0.01"
"2023-04-29","North Carolina","All","0.99","0.65","0.33","0.02"
"2023-04-29","Ohio","All","0.64","0.53","0.09","0.01"
"2023-04-29","Rhode Island","All","0.4","0.34","0.05","0.01"
"2023-04-29","Virginia","All","0.68","0.48","0.18","0.03"
"2023-04-29","Washington","All","1.36","1.26","0.09","0.01"
"2023-05-06","Alaska","All","1.73","1.23","0.31","0.21"
"2023-05-06","Delaware","All","0.39","0.3","0.08","0.02"
"2023-05-06","District of Columbia","All","0.59","0.45","0.1","0.04"
"2023-05-06","Hawaii","All","2.16","1.91","0.17","0.08"
"2023-05-06","Illinois","All","1.13","0.89","0.22","0.02"
"2023-05-06","Indiana","All","0.82","0.65","0.13","0.04"
"2023-05-06","Kentucky","All","0.93","0.7","0.19","0.04"
"2023-05-06","Louisiana","All","0.97","0.74","0.21","0.02"
"2023-05-06","Maryland","All","0.51","0.41","0.09","0.01"
"2023-05-06","Massachusetts","All","0.78","0.63","0.13","0.02"
"2023-05-06","Missouri","All",,"0.03","0","0"
"2023-05-06","Nebraska","All","0.59","0.52","0.07","0"
"2023-05-06","New Mexico","All","1.87","1.66","0.18","0.03"
"2023-05-06","Pennsylvania","All","0.45","0.35","0.09","0.01"
"2023-05-06","Rhode Island","All","0.42","0.33","0.09","0"
"2023-05-06","South Carolina","All","0.98","0.61","0.35","0.03"
"2023-05-06","South Dakota","All",,"0.49","0.15","0"
"2023-05-06","Texas","All","1.05","0.66","0.34","0.06"
"2023-05-06","Utah","All","1.05","0.81","0.24","0"
"2023-05-13","Arizona","All","1.94","1.23","0.7","0.02"
"2023-05-13","Arkansas","All","0.71","0.45","0.24","0.03"
"2023-05-13","Connecticut","All","0.59","0.47","0.11","0.01"
"2023-05-13","District of Columbia","All","0.57","0.44","0.11","0.02"
"2023-05-13","Indiana","All","0.68","0.53","0.14","0.01"
"2023-05-13","Michigan","All","1.1","0.84","0.25","0.02"
"2023-05-13","Minnesota","All","1.05","0.74","0.28","0.02"
"2023-05-13","Nebraska","All","0.53","0.48","0.04","0.01"
"2023-05-13","Nevada","All","1.09","0.72","0.36","0.02"
"2023-05-13","New Mexico","All","1.72","1.49","0.22","0.02"
"2023-05-13","New York","All","0.58","0.36","0.21","0.02"
"2023-05-13","North Carolina","All","1.03","0.62","0.41","0.03"
"2023-05-13","North Dakota","All","0.92","0.86","0.06","0.02"
"2023-05-13","Oregon","All","0.86","0.83","0.03","0"
"2023-05-13","South Dakota","All",,"0.35","0.19","0"
"2023-05-13","Vermont","All","0.53","0.44","0.1","0"
"2023-05-13","Virginia","All","0.75","0.54","0.18","0.04"
"2023-05-13","West Virginia","All","0.62","0.46","0.14","0.02"
"2023-05-20","Alabama","All","0.85","0.57","0.25","0.04"
"2023-05-20","Arizona","All","1.96","1.17","0.79","0.01"
"2023-05-20","Connecticut","All","0.57","0.44","0.1","0.02"
"2023-05-20","Delaware","All","0.46","0.39","0.07","0"
"2023-05-20","Georgia","All","0.8","0.31","0.48","0.01"
"2023-05-20","Maine","All","0.65","0.55","0.07","0.03"
"2023-05-20","Maryland","All","0.46","0.34","0.11","0.01"
"2023-05-20","Minnesota","All","0.53","0.45","0.07","0"
"2023-05-20","Mississippi","All","1.16","0.65","0.47","0.05"
"2023-05-20","Missouri","All",,"0.01","0","0"
"2023-05-20","Nebraska","All","0.36","0.31","0.04","0"
"2023-05-20","Nevada","All","1.13","0.76","0.38","0.01"
"2023-05-20","Oklahoma","All","0.4","0.32","0.05","0.02"
"2023-05-20","Texas","All","0.97","0.56","0.37","0.05"
"2023-05-20","United States","All","0.87","0.58","0.27","0.02"
"2023-05-27","Delaware","All","0.34","0.28","0.06","0"
"2023-05-27","Idaho","All","0.48","0.39","0.08","0.02"
"2023-05-27","Nebraska","All","0.27","0.2","0.06","0.01"
"2023-05-27","Nevada","All","1.11","0.7","0.41","0.02"
"2023-05-27","Oregon","All","0.75","0.7","0.05","0"
"2023-05-27","Pennsylvania","All","0.36","0.28","0.08","0"
"2023-05-27","Rhode Island","All","0.51","0.43","0.07","0.01"
"2023-05-27","South Dakota","All",,"0.27","0.02","0"
"2023-05-27","Vermont","All","0.65","0.6","0.06","0"
"2023-05-27","Washington","All","0.97","0.83","0.13","0.01"
"2023-05-27","Wyoming","All","0.91","0.8","0.09","0.03"
"2023-06-03","Colorado","All","0.48","0.37","0.1","0.01"
"2023-06-03","Delaware","All","0.34","0.25","0.07","0.02"
"2023-06-03","District of Columbia","All","0.51","0.33","0.13","0.05"
"2023-06-03","Kansas","All","0.33","0.27","0.05","0.01"
"2023-06-03","Kentucky","All","0.49","0.38","0.09","0.02"
"2023-06-03","Louisiana","All","0.98","0.74","0.22","0.03"
"2023-06-03","Mississippi","All","0.99","0.57","0.4","0.03"
"2023-06-03","Nebraska","All","0.3","0.23","0.04","0.02"
"2023-06-03","New Mexico","All","0.99","0.86","0.13","0"
"2023-06-03","Rhode Island","All","0.61","0.49","0.12","0.01"
"2023-06-03","South Dakota","All",,"0.23","0.07","0.02"
"2023-06-03","Utah","All","1","0.74","0.26","0.01"
"2023-06-10","Arizona","All","1.51","0.85","0.66","0.01"
"2023-06-10","Colorado","All","0.49","0.39","0.09","0.01"
"2023-06-10","Florida","All","2.12","1.07","0.98","0.08"
"2023-06-10","Hawaii","All","2.62","1.74","0.86","0.03"
"2023-06-10","Indiana","All","0.36","0.28","0.06","0.01"
"2023-06-10","Kansas","All","0.3","0.25","0.05","0"
"2023-06-10","Kentucky","All","0.43","0.28","0.12","0.02"
"2023-06-10","Nevada","All","0.99","0.67","0.33","0"
"2023-06-10","New Jersey","All","0.51","0.33","0.17","0.01"
"2023-06-10","Oklahoma","All","0.24","0.18","0.06","0.02"
"2023-06-10","Oregon","All","0.73","0.63","0.09","0.01"
"2023-06-10","South Dakota","All",,"0.18","0.02","0"
"2023-06-10","Tennessee","All","0.63","0.37","0.22","0.04"
"2023-06-10","United States","All","0.76","0.49","0.25","0.02"
"2023-06-10","West Virginia","All","0.35","0.28","0.06","0.02"
"2023-06-17","Colorado","All","0.5","0.41","0.09","0.01"
"2023-06-17","District of Columbia","All","0.39","0.31","0.07","0.01"
"2023-06-17","Hawaii","All","2.31","1.33","0.95","0.03"
"2023-06-17","Missouri","All",,"0.01","0","0"
"2023-06-17","Montana","All","0.3","0.3","0","0"
"2023-06-17","New Hampshire","All",,"0.56","0.07","0"
"2023-06-17","New York","All","0.49","0.35","0.14","0"
"2023-06-17","North Dakota","All","0.26","0.13","0.13","0"
"2023-06-17","Ohio","All","0.29","0.24","0.04","0"
"2023-06-17","Oregon","All","0.72","0.66","0.06","0.01"
"2023-06-17","Texas","All","0.67","0.38","0.25","0.05"
"2023-06-17","United States","All","0.73","0.49","0.22","0.02"
"2023-06-24","Alabama","All","0.7","0.49","0.18","0.05"
"2023-06-24","Alaska","All","2.22","1.68","0.59","0.01"
"2023-06-24","Arkansas","All","0.45","0.3","0.14","0.01"
"2023-06-24","Delaware","All","0.32","0.25","0.05","0.02"
"2023-06-24","Florida","All","2.08","1.19","0.83","0.09"
"2023-06-24","Hawaii","All","2.41","1.73","0.68","0.01"
"2023-06-24","Idaho","All","0.46","0.37","0.09","0"
"2023-06-24","Indiana","All","0.33","0.24","0.06","0.03"
"2023-06-24","Kansas","All","0.32","0.26","0.06","0"
"2023-06-24","Montana","All","0.5","0.48","0.03","0"
"2023-06-24","New Jersey","All","0.45","0.32","0.13","0"
"2023-06-24","Tennessee","All","0.51","0.36","0.13","0.03"
"2023-06-24","United States","All","0.72","0.51","0.2","0.02"
"2023-06-24","Utah","All","0.57","0.44","0.13","0.01"
"2023-06-24","Vermont","All","0.72","0.69","0.04","0.04"
"2023-06-24","Virginia","All","0.56","0.44","0.1","0.02"
"2023-06-24","Washington","All","1.17","1.02","0.16","0"
"2023-06-24","West Virginia","All","0.44","0.38","0.05","0.01"
"2023-06-24","Wisconsin","All","0.34","0.3","0.04","0"
"2023-07-01","Colorado","All","0.48","0.42","0.06","0"
"2023-07-01","Hawaii","All","2.99","1.95","1.01","0.04"
"2023-07-01","Indiana","All","0.29","0.23","0.05","0.01"
"2023-07-01","Maryland","All","0.53","0.45","0.07","0.01"
"2023-07-01","Minnesota","All","0.44","0.37","0.07","0.01"
"2023-07-01","New York","All","0.41","0.32","0.09","0.01"
"2023-07-01","North Carolina","All","0.8","0.53","0.28","0.01"
"2023-07-01","Oklahoma","All","0.36","0.32","0.05","0"
"2023-07-01","Oregon","All","0.77","0.72","0.05","0.01"
"2023-07-01","Rhode Island","All","0.44","0.36","0.07","0.02"
"2023-07-01","South Dakota","All",,"0.31","0.11","0"
"2023-07-01","Texas","All","0.75","0.49","0.21","0.06"
"2023-07-01","Wisconsin","All","0.28","0.23","0.04","0"
"2023-07-01","Wyoming","All","0.58","0.58","0","0"
"2023-07-08","Arizona","All","1.38","0.91","0.47","0.01"
"2023-07-08","California","All","0.9","0.77","0.11","0.01"
"2023-07-08","District of Columbia","All","0.74","0.57","0.14","0.04"
"2023-07-08","Florida","All","2.34","1.54","0.73","0.1"
"2023-07-08","Illinois","All","0.54","0.45","0.07","0.02"
"2023-07-08","Indiana","All","0.31","0.27","0.05","0"
"2023-07-08","Mississippi","All","0.88","0.59","0.28","0.02"
"2023-07-08","Montana","All","0.62","0.54","0.05","0.04"
"2023-07-08","Ohio","All","0.34","0.3","0.03","0"
"2023-07-08","South Carolina","All","0.95","0.75","0.18","0.03"
"2023-07-08","South Dakota","All",,"0.23","0.04","0"
"2023-07-08","Tennessee","All","0.67","0.48","0.16","0.04"
"2023-07-08","Vermont","All","0.4","0.35","0.05","0"
"2023-07-08","Washington","All","1.27","1.12","0.14","0.01"
"2023-07-15","Alabama","All","1.1","0.9","0.15","0.04"
"2023-07-15","Alaska","All","1.89","1.67","0.22","0.01"
"2023-07-15","Arkansas","All","0.54","0.39","0.12","0.03"
"2023-07-15","Delaware","All","0.66","0.6","0.05","0.02"
"2023-07-15","District of Columbia","All","0.58","0.48","0.08","0.03"
"2023-07-15","Hawaii","All","2.96","2.17","0.82","0"
"2023-07-15","Idaho","All","0.49","0.4","0.06","0.02"
"2023-07-15","Indiana","All","0.37","0.33","0.03","0.01"
"2023-07-15","Iowa","All","1.09","0.9","0.18","0.03"
"2023-07-15","Kansas","All","0.36","0.31","0.03","0.02"
"2023-07-15","Maryland","All","0.79","0.68","0.11","0.01"
"2023-07-15","Minnesota","All","0.42","0.35","0.06","0.02"
"2023-07-15","Montana","All","0.59","0.53","0.05","0.01"
"2023-07-15","New Mexico","All","0.82","0.76","0.08","0"
"2023-07-15","North Dakota","All","0.3","0.28","0","0.02"
"2023-07-15","Ohio","All","0.39","0.34","0.03","0"
"2023-07-15","South Carolina","All","0.94","0.78","0.16","0.01"
"2023-07-15","Tennessee","All","0.75","0.57","0.16","0.03"
"2023-07-15","United States","All","0.86","0.68","0.16","0.02"
"2023-07-15","Vermont","All","0.5","0.5","0","0"
"2023-07-15","Wyoming","All","0.64","0.64","0","0"
"2023-07-22","Alabama","All","1.42","1.22","0.18","0.04"
"2023-07-22","Arizona","All","1.09","0.88","0.2","0.01"
"2023-07-22","Arkansas","All","0.65","0.49","0.14","0.03"
"2023-07-22","California","All","1.04","0.95","0.08","0.01"
"2023-07-22","District of Columbia","All","0.61","0.49","0.08","0.04"
"2023-07-22","Florida","All","2.79","2.09","0.62","0.1"
"2023-07-22","Louisiana","All","1.89","1.74","0.14","0.02"
"2023-07-22","Maine","All","0.56","0.53","0.03","0.01"
"2023-07-22","Missouri","All",,"0.01","0","0"
"2023-07-22","North Carolina","All","1.25","0.97","0.29","0.01"
"2023-07-22","Oregon","All","1.03","0.97","0.06","0"
"2023-07-22","West Virginia","All","0.46","0.38","0.06","0.03"
"2023-07-29","Alabama","All","1.84","1.62","0.22","0.01"
"2023-07-29","Alaska","All","2.16","1.97","0.21","0"
"2023-07-29","California","All","1.3","1.24","0.08","0.01"
"2023-07-29","Delaware","All","0.92","0.84","0.06","0.02"
"2023-07-29","District of Columbia","All","0.82","0.71","0.1","0.01"
"2023-07-29","Iowa","All","1.19","0.98","0.18","0.04"
"2023-07-29","New Jersey","All","0.72","0.65","0.07","0.01"
"2023-07-29","New Mexico","All","1.23","1.15","0.07","0.01"
"2023-07-29","New York","All","0.72","0.67","0.05","0.01"
"2023-07-29","North Dakota","All","0.55","0.53","0","0.02"
"2023-07-29","Oregon","All","1.19","1.12","0.07","0"
"2023-07-29","Texas","All","1.55","1.28","0.21","0.08"
"2023-07-29","Utah","All","0.78","0.72","0.06","0"
"2023-07-29","Virginia","All","1.02","0.89","0.12","0.02"
"2023-07-29","West Virginia","All","0.53","0.46","0.06","0.02"
"2023-08-05","Alaska","All","1.91","1.69","0.23","0"
"2023-08-05","Arizona","All","1.29","1.17","0.11","0.03"
"2023-08-05","Colorado","All","0.77","0.7","0.06","0.01"
"2023-08-05","Illinois","All","1.06","0.98","0.06","0.02"
"2023-08-05","Indiana","All","0.87","0.81","0.04","0.02"
"2023-08-05","Maryland","All","1.14","1.03","0.08","0.04"
"2023-08-05","Michigan","All","0.73","0.69","0.04","0.01"
"2023-08-05","Mississippi","All","2.41","2.11","0.28","0.05"
"2023-08-05","North Carolina","All","1.75","1.46","0.34","0.02"
"2023-08-05","Pennsylvania","All","0.62","0.56","0.05","0.01"
"2023-08-05","Utah","All","0.93","0.85","0.07","0.01"
"2023-08-05","Virginia","All","1.29","1.17","0.09","0.03"
"2023-08-05","West Virginia","All","0.95","0.86","0.07","0.02"
"2023-08-05","Wisconsin","All","0.62","0.59","0.03","0.01"
"2023-08-05","Wyoming","All","1.1","1.1","0","0"
"2023-08-12","Connecticut","All","1.36","1.32","0.05","0"
"2023-08-12","Kansas","All","0.74","0.67","0.04","0.03"
"2023-08-12","Maryland","All","1.31","1.22","0.07","0.04"
"2023-08-12","Minnesota","All","1.02","0.94","0.04","0.03"
"2023-08-12","Missouri","All",,"0.03","0","0"
"2023-08-12","Pennsylvania","All","0.83","0.79","0.03","0.01"
"2023-08-12","South Dakota","All",,"0.55","0","0.04"
"2023-08-12","Utah","All","1.11","1.01","0.09","0.01"
"2023-08-12","Virginia","All","1.65","1.47","0.15","0.04"
"2023-08-12","Washington","All","1.91","1.83","0.07","0.01"
"2023-08-12","Wisconsin","All","0.74","0.72","0.01","0.01"
"2023-08-12","Wyoming","All","1.02","0.96","0.06","0"
"2023-08-19","Alaska","All","1.88","1.62","0.25","0.01"
"2023-08-19","Colorado","All","1.18","1.1","0.07","0.01"
"2023-08-19","Delaware","All","1.48","1.39","0.05","0.05"
"2023-08-19","Florida","All","4.39","3.67","0.6","0.17"
"2023-08-19","Indiana","All","1.54","1.43","0.08","0.02"
"2023-08-19","Maryland","All","1.62","1.52","0.09","0.03"
"2023-08-19","New Hampshire","All",,"0.86","0.05","0"
"2023-08-19","New Mexico","All","2.23","2.1","0.14","0"
"2023-08-19","New York","All","1.25","1.18","0.06","0.01"
"2023-08-19","North Carolina","All","2.8","2.48","0.37","0.03"
"2023-08-19","Pennsylvania","All","0.98","0.92","0.05","0.01"
"2023-08-19","Tennessee","All","2.69","2.4","0.25","0.08"
"2023-08-19","Utah","All","1.27","1.17","0.1","0.01"
"2023-08-19","Virginia","All","2.07","1.9","0.14","0.05"
"2023-08-19","Washington","All","2.25","2.15","0.08","0.02"
"2023-08-19","Wisconsin","All","0.86","0.82","0.03","0.01"
"2023-08-26","Alabama","All","5.41","4.97","0.43","0.07"
"2023-08-26","California","All","2.46","2.39","0.11","0.02"
"2023-08-26","District of Columbia","All","2.16","1.86","0.13","0.17"
"2023-08-26","Hawaii","All","5.21","4.21","0.91","0.09"
"2023-08-26","Idaho","All","1.47","1.42","0.07","0"
"2023-08-26","Michigan","All","1.37","1.31","0.05","0"
"2023-08-26","Minnesota","All","1.63","1.53","0.08","0.02"
"2023-08-26","Montana","All","1.59","1.51","0.06","0.01"
"2023-08-26","Nebraska","All","1.05","1","0.02","0.02"
"2023-08-26","New Hampshire","All",,"1.43","0.03","0"
"2023-08-26","New Jersey","All","1.39","1.29","0.08","0.02"
"2023-08-26","New York","All","1.55","1.46","0.08","0.01"
"2023-08-26","Ohio","All","1.44","1.38","0.05","0.01"
"2023-08-26","South Dakota","All",,"0.99","0","0"
"2023-08-26","Washington","All","2.61","2.5","0.11","0.01"
"2023-09-02","Arkansas","All","3.58","3.41","0.15","0.04"
"2023-09-02","Florida","All","5.23","4.2","0.83","0.25"
"2023-09-02","Louisiana","All","4.08","3.81","0.25","0.04"
"2023-09-02","Maryland","All","2.35","2.24","0.07","0.05"
"2023-09-02","Massachusetts","All","2.11","1.96","0.1","0.07"
"2023-09-02","New Hampshire","All",,"1.64","0.08","0.02"
"2023-09-02","New York","All","1.65","1.57","0.06","0.01"
"2023-09-02","Pennsylvania","All","1.44","1.38","0.06","0.01"
"2023-09-02","South Dakota","All",,"1.18","0.07","0"
"2023-09-02","United States","All","2.75","2.47","0.24","0.06"
"2023-09-02","Vermont","All","1.67","1.65","0","0.02"
"2023-09-09","Connecticut","All","2.46","2.36","0.09","0.01"
"2023-09-09","Maryland","All","2.66","2.49","0.1","0.08"
"2023-09-09","Montana","All","2.07","1.97","0.08","0.01"
"2023-09-09","New Jersey","All","2.01","1.86","0.13","0.03"
"2023-09-09","North Carolina","All","4.09","3.57","0.61","0.06"
"2023-09-09","South Carolina","All","3.94","3.57","0.31","0.1"
"2023-09-09","Texas","All","3.7","3.24","0.39","0.12"
"2023-09-09","West Virginia","All","2.9","2.78","0.08","0.04"
"2023-09-16","Alabama","All","3.07","2.61","0.38","0.13"
"2023-09-16","Arkansas","All","2.56","2.36","0.2","0.02"
"2023-09-16","California","All","2.14","2.04","0.11","0.03"
"2023-09-16","Colorado","All","1.73","1.65","0.06","0.02"
"2023-09-16","Delaware","All","2.15","1.97","0.05","0.14"
"2023-09-16","District of Columbia","All","2.59","2.27","0.1","0.22"
"2023-09-16","Florida","All","3.44","2.3","0.89","0.28"
"2023-09-16","Georgia","All","1.62","1.17","0.27","0.21"
"2023-09-16","Hawaii","All","4.97","3.32","1.62","0.1"
"2023-09-16","Idaho","All","2.21","2.13","0.09","0"
"2023-09-16","Kansas","All","1.84","1.77","0.07","0.02"
"2023-09-16","Kentucky","All","2.47","2.21","0.16","0.1"
"2023-09-16","Minnesota","All","2.11","2.02","0.07","0.03"
"2023-09-16","Nebraska","All","1.02","0.99","0.02","0.02"
"2023-09-16","New Jersey","All","2.03","1.86","0.12","0.05"
"2023-09-16","Pennsylvania","All","1.68","1.57","0.08","0.03"
"2023-09-16","South Dakota","All",,"1.54","0.02","0"
"2023-09-16","Vermont","All","1.91","1.91","0","0"
"2023-09-16","Virginia","All","2.69","2.38","0.24","0.09"
"2023-09-23","Alaska","All","3.61","1.98","1.62","0.07"
"2023-09-23","California","All","1.9","1.71","0.12","0.05"
"2023-09-23","Colorado","All","1.96","1.85","0.1","0.02"
"2023-09-23","Florida","All","3.26","1.79","1.11","0.41"
"2023-09-23","Illinois","All","1.91","1.69","0.14","0.08"
"2023-09-23","Michigan","All","2.19","2.09","0.08","0.03"
"2023-09-23","Nebraska","All","1.01","0.95","0.05","0.01"
"2023-09-23","Nevada","All","1.79","1.62","0.16","0.03"
"2023-09-23","Washington","All","3.22","2.99","0.22","0.03"
"2023-09-30","Alabama","All","2.21","1.46","0.42","0.35"
"2023-09-30","Arkansas","All","1.83","1.56","0.17","0.11"
"2023-09-30","District of Columbia","All","1.89","1.47","0.12","0.32"
"2023-09-30","Hawaii","All","5","2.8","2.12","0.11"
"2023-09-30","Kansas","All","1.53","1.43","0.08","0.03"
"2023-09-30","Louisiana","All","2.03","1.39","0.35","0.31"
"2023-09-30","Nevada","All","1.9","1.67","0.2","0.03"
"2023-09-30","New Hampshire","All",,"1.9","0.17","0.03"
"2023-09-30","Rhode Island","All","1.97","1.83","0.1","0.05"
"2023-09-30","South Dakota","All",,"1.6","0.07","0"
"2023-09-30","West Virginia","All","2.54","2.36","0.15","0.04"
"2023-10-07","Arkansas","All","1.77","1.24","0.36","0.18"
"2023-10-07","Connecticut","All","2.19","1.98","0.12","0.09"
"2023-10-07","Indiana","All","1.36","1.09","0.14","0.14"
"2023-10-07","Kentucky","All","2.03","1.67","0.2","0.18"
"2023-10-07","Maine","All","2.07","1.99","0.08","0.01"
"2023-10-07","Maryland","All","1.96","1.57","0.15","0.25"
"2023-10-07","Minnesota","All","1.78","1.63","0.13","0.02"
"2023-10-07","Nebraska","All","0.82","0.75","0.05","0.03"
"2023-10-07","New Jersey","All","1.76","1.52","0.11","0.13"
"2023-10-07","North Dakota","All","1.21","1.08","0.09","0.06"
"2023-10-07","Ohio","All","1.36","1.18","0.11","0.04"
"2023-10-07","Rhode Island","All","1.86","1.68","0.14","0.07"
"2023-10-07","Texas","All","2.08","1.16","0.56","0.4"
"2023-10-07","Utah","All","2.17","1.94","0.2","0.05"
"2023-10-07","Wyoming","All","3.35","3.12","0.15","0.08"
"2023-10-14","District of Columbia","All","2.25","1.1","0.16","1.02"
"2023-10-14","Idaho","All","2.34","2.21","0.11","0.03"
"2023-10-14","Maryland","All","1.84","1.35","0.12","0.38"
"2023-10-14","Massachusetts","All","2.08","1.72","0.12","0.25"
"2023-10-14","Nebraska","All","0.88","0.78","0.05","0.05"
"2023-10-14","Oklahoma","All","1.11","0.9","0.08","0.14"
"2023-10-14","South Carolina","All","2.49","1.6","0.46","0.46"
"2023-10-21","Alabama","All","2.98","1.18","1.06","0.78"
"2023-10-21","Idaho","All","2.11","1.92","0.13","0.06"
"2023-10-21","Illinois","All","2.13","1.57","0.25","0.34"
"2023-10-21","Indiana","All","1.97","1.51","0.22","0.25"
"2023-10-21","Minnesota","All","2.26","1.93","0.19","0.14"
"2023-10-21","Mississippi","All","2.82","1.12","0.87","0.85"
"2023-10-21","Missouri","All",,"0.08","0.02","0.01"
"2023-10-21","New Hampshire","All",,"1.46","0.03","0.05"
"2023-10-21","New Mexico","All","4.03","3.6","0.27","0.21"
"2023-10-21","North Dakota","All","1.78","1.65","0.07","0.05"
"2023-10-21","South Dakota","All",,"1.37","0.05","0.05"
"2023-10-21","Utah","All","2.35","1.94","0.4","0.04"
"2023-10-21","Washington","All","2.1","1.75","0.24","0.12"
"2023-10-21","West Virginia","All","2.69","2.33","0.18","0.22"
"2023-10-28","Illinois","All","2.43","1.61","0.31","0.53"
"2023-10-28","Kansas","All","1.65","1.39","0.23","0.05"
"2023-10-28","Maine","All","1.84","1.68","0.1","0.07"
"2023-10-28","Minnesota","All","2.24","1.9","0.11","0.23"
"2023-10-28","Oregon","All","2.06","1.83","0.11","0.12"
"2023-10-28","Virginia","All","2.83","1.77","0.47","0.63"
"2023-11-04","Arizona","All","3.03","2.35","0.58","0.14"
"2023-11-04","California","All","1.64","1.04","0.32","0.26"
"2023-11-04","District of Columbia","All","2.51","0.92","0.2","1.44"
"2023-11-04","Florida","All","5","0.82","3.41","0.83"
"2023-11-04","Iowa","All","2.22","1.73","0.28","0.21"
"2023-11-04","Kentucky","All","3.18","2.08","0.35","0.78"
"2023-11-04","Louisiana","All","3.52","0.8","1.8","0.95"
"2023-11-04","Massachusetts","All","2.16","1.16","0.22","0.79"
"2023-11-04","Minnesota","All","2.6","2","0.3","0.3"
"2023-11-04","Nebraska","All","1.65","1.32","0.12","0.21"
"2023-11-04","Oregon","All","2.24","1.94","0.13","0.18"
"2023-11-04","Pennsylvania","All","1.67","1.19","0.17","0.32"
"2023-11-04","United States","All","2.73","1.33","0.85","0.57"
"2023-11-04","Utah","All","2.74","2.11","0.58","0.07"
"2023-11-11","Alabama","All","6.01","1.27","3.41","1.42"
"2023-11-11","Arizona","All","4.08","2.87","1.11","0.17"
"2023-11-11","Delaware","All","3.47","1.12","0.33","2.08"
"2023-11-11","District of Columbia","All","3.01","1.06","0.35","1.64"
"2023-11-11","Georgia","All","2.92","0.82","1.37","0.77"
"2023-11-11","Indiana","All","2.84","1.95","0.33","0.56"
"2023-11-11","Kansas","All","2.57","2.11","0.3","0.17"
"2023-11-11","Kentucky","All","3.98","2.41","0.5","1.11"
"2023-11-11","Mississippi","All","5.23","1.44","2.66","1.18"
"2023-11-11","Montana","All","3.37","2.91","0.38","0.08"
"2023-11-11","Nebraska","All","2.22","1.71","0.23","0.31"
"2023-11-11","New Hampshire","All",,"1.48","0.26","0.38"
"2023-11-11","New York","All","1.84","1.02","0.31","0.52"
"2023-11-11","North Carolina","All","4.39","1.53","1.93","1.03"
"2023-11-11","Pennsylvania","All","2.13","1.38","0.25","0.52"
"2023-11-11","Texas","All","4.56","1.29","1.99","1.35"
"2023-11-11","Utah","All","2.96","2.09","0.73","0.15"
"2023-11-11","Vermont","All","2.55","2.13","0.35","0.14"
"2023-11-18","Colorado","All","4.4","2.59","1.58","0.26"
"2023-11-18","Connecticut","All","2.81","1.69","0.43","0.7"
"2023-11-18","Florida","All","5.55","0.81","4.08","0.72"
"2023-11-18","Georgia","All","3.18","0.73","1.82","0.67"
"2023-11-18","Illinois","All","4.16","2.4","0.72","1.09"
"2023-11-18","Iowa","All","3.52","2.64","0.54","0.37"
"2023-11-18","Kansas","All","2.8","2.25","0.34","0.23"
"2023-11-18","Maine","All","2.4","1.92","0.25","0.24"
"2023-11-18","Pennsylvania","All","2.69","1.63","0.35","0.73"
"2023-11-18","Utah","All","3.58","2.46","0.91","0.22"
"2023-11-18","Vermont","All","2.98","2.24","0.49","0.26"
"2023-11-18","West Virginia","All","4.54","3.37","0.39","0.83"
"2023-11-18","Wisconsin","All","3.39","2.7","0.4","0.31"
"2023-11-25","Colorado","All","5.36","2.76","2.13","0.55"
"2023-11-25","Georgia","All","3.51","0.75","2.11","0.68"
"2023-11-25","Idaho","All","3.53","2.74","0.56","0.25"
"2023-11-25","Illinois","All","5.55","3.2","1.14","1.29"
"2023-11-25","Maine","All","3.46","2.62","0.42","0.45"
"2023-11-25","Mississippi","All","6.24","1.57","3.6","1.17"
"2023-11-25","New Jersey","All","3.02","1.34","0.83","0.87"
"2023-11-25","New York","All","3.06","1.5","0.8","0.8"
"2023-11-25","Ohio","All","3.56","2.44","0.55","0.56"
"2023-11-25","Oregon","All","2.48","1.64","0.42","0.43"
"2023-11-25","Wyoming","All","5.01","3.11","1.56","0.46"
"2023-12-02","Alaska","All","4.2","1.29","1.7","1.32"
"2023-12-02","Kansas","All","3.92","2.63","0.73","0.58"
"2023-12-02","Massachusetts","All","4.55","2.34","0.91","1.36"
"2023-12-02","Mississippi","All","6.07","1.67","3.44","1.03"
"2023-12-02","Ohio","All","4.38","2.97","0.73","0.67"
"2023-12-02","Rhode Island","All","3.29","1.74","0.65","0.92"
"2023-12-02","South Carolina","All","6.68","1.62","4.1","1.03"
"2023-12-02","Texas","All","5.33","1.42","2.64","1.38"
"2023-12-02","United States","All","4.81","2.06","1.87","0.96"
"2023-12-02","Utah","All","4.76","2.98","1.55","0.32"
"2023-12-09","Alaska","All","3.85","1.25","1.3","1.38"
"2023-12-09","Georgia","All","4.3","0.91","3","0.45"
"2023-12-09","Idaho","All","4.36","2.66","1.23","0.55"
"2023-12-09","Illinois","All","6.59","3.42","2.02","1.22"
"2023-12-09","Indiana","All","5.98","3.35","1.65","1.09"
"2023-12-09","Iowa","All","7.21","4.75","1.62","0.95"
"2023-12-09","Kansas","All","4.58","2.72","0.91","0.96"
"2023-12-09","Louisiana","All","8.1","1.34","5.8","1.05"
"2023-12-09","Nevada","All","4.45","1.54","2.4","0.6"
"2023-12-09","New York","All","4.25","1.82","1.61","0.87"
"2023-12-09","North Carolina","All","9.6","2.13","6.27","1.46"
"2023-12-09","Pennsylvania","All","4.72","2.19","1.53","1.06"
"2023-12-09","Tennessee","All","5.9","1.92","2.79","1.31"
"2023-12-09","Utah","All","5.83","2.88","2.55","0.52"
"2023-12-09","Wyoming","All","6.37","3.11","2.52","0.89"
"2023-12-16","California","All","5.33","2.01","2.86","0.82"
"2023-12-16","District of Columbia","All","5.23","1.8","2.53","0.95"
"2023-12-16","Georgia","All","6.34","1.11","4.95","0.36"
"2023-12-16","Kentucky","All","6.92","2.99","2.08","2"
"2023-12-16","Maine","All","5.39","3.39","1.15","0.89"
"2023-12-16","Michigan","All","6.34","3.71","1.55","1.17"
"2023-12-16","North Carolina","All","12.77","2.35","9.35","1.39"
"2023-12-16","North Dakota","All","5.32","2.82","1.92","0.7"
"2023-12-16","Pennsylvania","All","6.01","2.53","2.51","1.06"
"2023-12-16","South Carolina","All","11.94","1.92","9.4","0.74"
"2023-12-16","South Dakota","All",,"3.17","1.19","0.47"
"2023-12-23","Alaska","All","4.93","2.43","0.71","1.91"
"2023-12-23","Colorado","All","7.47","1.98","4.59","1.04"
"2023-12-23","Florida","All","7.64","1.83","5.49","0.41"
"2023-12-23","Hawaii","All","6.4","1.69","4.18","0.63"
"2023-12-23","Illinois","All","9.1","3.98","4.02","1.29"
"2023-12-23","Iowa","All","10.08","5.44","3.28","1.6"
"2023-12-23","Massachusetts","All","8.03","3.69","3.26","1.24"
"2023-12-23","Michigan","All","7.4","4.03","2.3","1.19"
"2023-12-23","Nebraska","All","5.5","3.2","1.23","1.13"
"2023-12-23","North Carolina","All","16.89","2.92","13.05","1.37"
"2023-12-23","North Dakota","All","6.89","3.04","3.35","0.63"
"2023-12-23","Pennsylvania","All","7.82","3.01","3.83","1.14"
"2023-12-23","South Carolina","All","15.2","2.69","12.11","0.6"
"2023-12-23","South Dakota","All",,"3.62","2.37","0.79"
"2023-12-23","United States","All","8.84","2.82","5.24","0.97"
"2023-12-23","Utah","All","9.51","3.14","5.53","1.07"
"2023-12-30","Delaware","All","10.73","4.29","5.78","0.85"
"2023-12-30","District of Columbia","All","8.23","2.78","4.88","0.7"
"2023-12-30","Indiana","All","10.53","4.17","5.37","1.2"
"2023-12-30","Louisiana","All","12.64","2.65","9.55","0.65"
"2023-12-30","Nebraska","All","6.16","3.23","1.92","1.09"
"2023-12-30","New Hampshire","All",,"4.25","3.52","1.31"
"2023-12-30","Ohio","All","9.26","4.36","4.04","0.92"
"2023-12-30","Oregon","All","6.49","3.02","2.44","1.12"
"2023-12-30","Tennessee","All","12.65","3.05","8.95","0.93"
"2023-12-30","Texas","All","9.5","2.57","6.3","0.82"
"2023-12-30","West Virginia","All","14.15","6","5.45","3.09"
"2023-12-30","Wisconsin","All","9.47","4.16","4.02","1.51"
"2023-12-30","Wyoming","All","11.06","4.74","6.04","0.81"
"2024-01-06","Connecticut","All","7.5","4.59","2.45","0.57"
"2024-01-06","Maine","All","7.33","4.08","2.28","1.06"
"2024-01-06","Michigan","All","7.65","4.01","2.54","1.24"
"2024-01-06","Nevada","All","6.38","2.06","3.52","0.98"
"2024-01-06","New Jersey","All","8.14","3.74","4.06","0.5"
"2024-01-06","Oregon","All","5.95","2.88","2.04","1.12"
"2024-01-06","Rhode Island","All","7.15","3.63","2.92","0.76"
"2024-01-06","South Carolina","All","10.34","3.23","6.79","0.47"
"2024-01-06","United States","All","8.08","3.17","4.29","0.88"
"2024-01-06","Virginia","All","9.25","4.18","4.67","0.57"
"2024-01-06","Wyoming","All","8.7","3.2","5.32","0.32"
"2024-01-13","Alabama","All","8.41","2.72","5.48","0.32"
"2024-01-13","Arkansas","All","8.08","2.3","5.07","0.89"
"2024-01-13","Colorado","All","5.87","1.76","3.32","0.89"
"2024-01-13","District of Columbia","All","6.1","2.79","2.87","0.51"
"2024-01-13","Louisiana","All","7.76","2.78","4.87","0.24"
"2024-01-13","Mississippi","All","8.62","2.74","5.77","0.22"
"2024-01-13","Missouri","All",,"2.42","2.57","1.11"
"2024-01-13","New Jersey","All","7","3.24","3.54","0.35"
"2024-01-13","Oregon","All","5.19","2.53","1.78","0.96"
"2024-01-13","Pennsylvania","All","5.78","2.58","2.71","0.6"
"2024-01-13","South Carolina","All","7.73","2.98","4.47","0.37"
"2024-01-13","Utah","All","8.12","2.5","4.52","1.34"
"2024-01-13","Wyoming","All","7.43","2.46","4.54","0.65"
"2024-01-20","Alabama","All","7.93","2.66","5.1","0.28"
"2024-01-20","Alaska","All","6.21","3.8","1.53","1.03"
"2024-01-20","Arizona","All","6.18","2.18","3.48","0.69"
"2024-01-20","Georgia","All","5.7","2.02","3.64","0.14"
"2024-01-20","Kentucky","All","7.81","2.34","4.89","0.74"
"2024-01-20","Maine","All","5.15","2.32","2.33","0.57"
"2024-01-20","Maryland","All","5.41","2.5","2.71","0.31"
"2024-01-20","Michigan","All","5.08","2.3","2.24","0.63"
"2024-01-20","New Hampshire","All",,"2.14","2.4","0.56"
"2024-01-20","New Mexico","All","7.11","1.68","4.26","1.28"
"2024-01-20","Oklahoma","All","6.61","1.94","4.08","0.7"
"2024-01-20","Pennsylvania","All","4.91","2.05","2.49","0.46"
"2024-01-20","Rhode Island","All","5","2.46","2.39","0.21"
"2024-01-20","Tennessee","All","7.39","1.99","5.09","0.48"
"2024-01-20","United States","All","5.92","2.31","3.31","0.49"
"2024-01-20","Washington","All","4.76","2.34","1.81","0.7"
"2024-01-27","California","All","3.47","1.6","1.54","0.46"
"2024-01-27","District of Columbia","All","3.66","1.91","1.64","0.17"
"2024-01-27","Georgia","All","5.83","2.11","3.7","0.13"
"2024-01-27","Illinois","All","4.52","1.77","2.38","0.45"
"2024-01-27","Indiana","All","6.26","1.54","4.41","0.37"
"2024-01-27","Louisiana","All","5.99","2.59","3.37","0.13"
"2024-01-27","Nebraska","All","3.22","1.15","1.63","0.52"
"2024-01-27","North Dakota","All","4.83","1.38","2.69","0.93"
"2024-01-27","Ohio","All","5.9","1.68","3.89","0.31"
"2024-01-27","United States","All","5.73","2.12","3.38","0.39"
"2024-01-27","West Virginia","All","7.05","1.78","4.14","1.27"
"2024-02-03","Alaska","All","6.35","3.94","1.66","1"
"2024-02-03","Iowa","All","6.2","1.4","3.76","1.18"
"2024-02-03","Kansas","All","5.17","1.57","3.08","0.6"
"2024-02-03","Nevada","All","3.21","0.99","1.74","0.53"
"2024-02-03","New Jersey","All","4.75","2.01","2.67","0.17"
"2024-02-03","Oklahoma","All","7.73","1.8","5.57","0.49"
"2024-02-03","Pennsylvania","All","4.18","1.58","2.38","0.27"
"2024-02-03","Tennessee","All","4.02","1.38","2.55","0.17"
"2024-02-03","Wyoming","All","7.95","1.32","5.72","0.99"
"2024-02-10","Alaska","All","5.29","3.37","1.47","0.55"
"2024-02-10","Arkansas","All","9.04","1.87","7.12","0.3"
"2024-02-10","California","All","2.49","1.21","1.07","0.32"
"2024-02-10","Connecticut","All","4.37","1.97","2.34","0.11"
"2024-02-10","Hawaii","All","4.26","2.03","2.06","0.21"
"2024-02-10","Louisiana","All","5.66","2.95","2.69","0.11"
"2024-02-10","Maryland","All","4.46","1.96","2.4","0.17"
"2024-02-10","Massachusetts","All","5.03","1.85","3.07","0.21"
"2024-02-10","Missouri","All",,"1.41","3.17","0.61"
"2024-02-10","Nevada","All","2.86","0.81","1.63","0.45"
"2024-02-10","New Hampshire","All",,"1.26","1.99","0.3"
"2024-02-10","New Mexico","All","7.12","1.95","4.43","0.86"
"2024-02-10","Pennsylvania","All","4.57","1.51","2.89","0.23"
"2024-02-10","Wisconsin","All","5.84","1.95","3.22","0.77"
"2024-02-17","Alaska","All","4.65","2.7","1.6","0.46"
"2024-02-17","Delaware","All","6.31","2.14","4.07","0.16"
"2024-02-17","Florida","All","4.56","1.98","2.54","0.11"
"2024-02-17","Hawaii","All","3.64","1.6","1.87","0.17"
"2024-02-17","Maryland","All","4.77","1.95","2.74","0.17"
"2024-02-17","Minnesota","All","6.64","1.4","4.4","0.91"
"2024-02-17","Montana","All","5.55","1.3","3.16","1.19"
"2024-02-17","South Dakota","All",,"1.57","4.09","1.28"
"2024-02-17","Tennessee","All","5.35","2.3","2.96","0.17"
"2024-02-17","Texas","All","6","2.06","3.84","0.18"
"2024-02-17","Utah","All","4.32","1.22","2.21","1"
"2024-02-17","Vermont","All","5.85","1.75","3.04","1.11"
"2024-02-17","Virginia","All","5.71","2.17","3.51","0.11"
"2024-02-24","Indiana","All","6.46","1.52","4.81","0.21"
"2024-02-24","Maine","All","4.97","1.47","3.21","0.34"
"2024-02-24","Maryland","All","4.63","1.49","3.07","0.12"
"2024-02-24","Mississippi","All","4.68","2.7","1.98","0.07"
"2024-02-24","New York","All","3.93","1.07","2.77","0.15"
"2024-02-24","Ohio","All","7.75","1.33","6.2","0.17"
"2024-02-24","Oklahoma","All","5.69","1.39","4.01","0.35"
"2024-02-24","Rhode Island","All","3.63","0.98","2.63","0.08"
"2024-02-24","South Dakota","All",,"1.13","4.6","1.45"
"2024-02-24","Utah","All","3.87","1.3","1.8","0.89"
"2024-02-24","Vermont","All","5.01","1.38","2.84","0.83"
"2024-03-02","Arizona","All","2.54","0.96","1.29","0.33"
"2024-03-02","California","All","1.64","0.72","0.76","0.17"
"2024-03-02","Colorado","All","2.95","0.86","1.72","0.39"
"2024-03-02","Delaware","All","6.22","1.34","4.82","0.12"
"2024-03-02","Illinois","All","5.25","1.56","3.47","0.29"
"2024-03-02","Indiana","All","5.81","1.27","4.43","0.18"
"2024-03-02","Louisiana","All","3.52","1.94","1.56","0.08"
"2024-03-02","Massachusetts","All","4","1.06","2.85","0.14"
"2024-03-02","Nebraska","All","5.24","0.83","4.17","0.34"
"2024-03-02","Ohio","All","7.26","1.11","6","0.14"
"2024-03-02","Oregon","All","2.75","1.35","1.11","0.32"
"2024-03-02","Pennsylvania","All","4.53","1.02","3.41","0.15"
"2024-03-02","United States","All","4.24","1.31","2.87","0.2"
"2024-03-09","California","All","1.35","0.54","0.65","0.14"
"2024-03-09","Connecticut","All","3.28","0.94","2.32","0.05"
"2024-03-09","Delaware","All","5.76","1.07","4.57","0.21"
"2024-03-09","Indiana","All","5.38","1.04","4.23","0.16"
"2024-03-09","Iowa","All","6.16","0.93","4.65","0.67"
"2024-03-09","Maine","All","3.29","1.07","2.02","0.23"
"2024-03-09","Massachusetts","All","3.41","0.84","2.51","0.09"
"2024-03-09","Oklahoma","All","4.23","0.97","3.03","0.23"
"2024-03-09","South Carolina","All","2.96","1.6","1.3","0.08"
"2024-03-09","Vermont","All","4.41","1.03","2.82","0.56"
"2024-03-09","West Virginia","All","5.85","1.29","4.26","0.43"
"2024-03-16","Alaska","All","3.67","0.8","2.81","0.12"
"2024-03-16","Arizona","All","1.88","0.76","0.98","0.18"
"2024-03-16","Kansas","All","4.27","0.82","3.25","0.24"
"2024-03-16","New Mexico","All","4.95","1.18","3.48","0.35"
"2024-03-16","Pennsylvania","All","2.86","0.59","2.2","0.09"
"2024-03-16","South Carolina","All","2.24","1.17","1.01","0.08"
"2024-03-16","Tennessee","All","2.78","1.23","1.49","0.12"
"2024-03-16","United States","All","2.78","0.8","1.92","0.14"
"2024-03-16","Virginia","All","3.09","0.94","2.12","0.07"
"2024-03-23","Alabama","All","2.11","0.91","1.15","0.08"
"2024-03-23","District of Columbia","All","2.14","0.61","1.49","0.04"
"2024-03-23","Hawaii","All","2.5","0.77","1.67","0.09"
"2024-03-23","Idaho","All","2.34","0.65","1.35","0.37"
"2024-03-23","Indiana","All","2.95","0.63","2.21","0.11"
"2024-03-23","Maine","All","2.23","0.73","1.4","0.11"
"2024-03-23","Maryland","All","2.44","0.65","1.74","0.07"
"2024-03-23","Minnesota","All","4.22","0.64","3.27","0.37"
"2024-03-23","Nebraska","All","2.96","0.45","2.34","0.19"
"2024-03-23","New Mexico","All","4.16","1.15","2.77","0.29"
"2024-03-23","Rhode Island","All","1.49","0.38","1.1","0.05"
"2024-03-23","United States","All","2.26","0.66","1.55","0.12"
"2024-03-23","Virginia","All","2.4","0.7","1.69","0.05"
"2024-03-23","West Virginia","All","3.46","0.88","2.35","0.26"
"2024-03-23","Wisconsin","All","3.41","0.65","2.54","0.26"
"2024-03-30","Delaware","All","2.68","0.55","2.07","0.08"
"2024-03-30","Florida","All","2","0.64","1.3","0.07"
"2024-03-30","Hawaii","All","2.23","0.61","1.6","0.05"
"2024-03-30","Iowa","All","3.58","0.45","2.73","0.46"
"2024-03-30","Kentucky","All","2.99","0.84","2.1","0.09"
"2024-03-30","Louisiana","All","1.6","0.71","0.83","0.08"
"2024-03-30","Mississippi","All","1.63","0.68","0.91","0.04"
"2024-03-30","Nebraska","All","2.64","0.35","2.08","0.25"
"2024-03-30","North Carolina","All","2.29","0.79","1.5","0.09"
"2024-03-30","Washington","All","1.66","0.78","0.78","0.12"
"2024-03-30","Wisconsin","All","3.14","0.56","2.41","0.19"
"2024-04-06","Alaska","All","2.83","0.32","2.39","0.13"
"2024-04-06","California","All","0.88","0.36","0.46","0.06"
"2024-04-06","Georgia","All","1.15","0.56","0.55","0.05"
"2024-04-06","Louisiana","All","1.14","0.49","0.61","0.05"
"2024-04-06","Montana","All","1.72","0.49","0.69","0.55"
"2024-04-06","Nevada","All","1.12","0.36","0.7","0.06"
"2024-04-06","New Jersey","All","2.02","0.48","1.52","0.05"
"2024-04-06","New Mexico","All","2.6","0.99","1.47","0.16"
"2024-04-06","North Dakota","All","2.32","0.45","1.5","0.41"
"2024-04-06","Oklahoma","All","1.3","0.41","0.82","0.11"
"2024-04-06","Pennsylvania","All","1.78","0.45","1.3","0.04"
"2024-04-06","Rhode Island","All","1.64","0.43","1.2","0.02"
"2024-04-06","South Dakota","All",,"0.37","2.58","0.6"
"2024-04-06","Tennessee","All","1.74","0.63","1.05","0.09"
"2024-04-06","Utah","All","1.29","0.54","0.52","0.24"
"2024-04-06","Vermont","All","2.24","0.48","1.59","0.13"
"2024-04-06","Wisconsin","All","2.56","0.54","1.86","0.18"
"2024-04-06","Wyoming","All","1.55","0.33","0.77","0.49"
"2024-04-13","Georgia","All","0.85","0.4","0.42","0.04"
"2024-04-13","Hawaii","All","1.95","0.63","1.32","0.04"
"2024-04-13","Indiana","All","1.59","0.4","1.12","0.07"
"2024-04-13","Iowa","All","2.4","0.41","1.65","0.33"
"2024-04-13","Maine","All","1.54","0.43","1.08","0.04"
"2024-04-13","Maryland","All","1.43","0.53","0.89","0.03"
"2024-04-13","Nebraska","All","1.69","0.26","1.29","0.15"
"2024-04-13","North Dakota","All","1.33","0.38","0.83","0.14"
"2024-04-13","Texas","All","1.01","0.41","0.56","0.06"
"2024-04-20","Alaska","All","2.22","0.21","1.92","0.12"
"2024-04-20","District of Columbia","All","0.81","0.25","0.53","0.03"
"2024-04-20","Florida","All","1.32","0.42","0.87","0.05"
"2024-04-20","Hawaii","All","1.69","0.65","1.06","0"
"2024-04-20","Idaho","All","0.69","0.32","0.34","0.03"
"2024-04-20","Illinois","All","1.68","0.45","1.14","0.09"
"2024-04-20","Maine","All","1.23","0.41","0.79","0.05"
"2024-04-20","Massachusetts","All","1.49","0.47","1.01","0.05"
"2024-04-20","Mississippi","All","0.99","0.42","0.55","0.04"
"2024-04-20","Missouri","All",,"0.32","0.56","0.12"
"2024-04-20","Montana","All","0.9","0.46","0.23","0.25"
"2024-04-20","Pennsylvania","All","0.83","0.28","0.52","0.03"
"2024-04-20","Rhode Island","All","0.92","0.2","0.69","0.03"
"2024-04-20","South Carolina","All","0.78","0.41","0.33","0.05"
"2024-04-20","United States","All","1.07","0.38","0.66","0.05"
"2024-04-20","Virginia","All","1.06","0.43","0.6","0.03"
"2024-04-20","Washington","All","1.07","0.52","0.5","0.06"
"2024-04-20","West Virginia","All","0.82","0.44","0.34","0.08"
"2024-04-20","Wyoming","All","0.77","0.12","0.41","0.24"
"2024-04-27","Alabama","All","0.73","0.33","0.37","0.04"
"2024-04-27","Arizona","All","1.23","0.49","0.72","0.03"
"2024-04-27","Delaware","All","0.84","0.26","0.56","0.03"
"2024-04-27","District of Columbia","All","0.82","0.33","0.48","0.01"
"2024-04-27","Florida","All","1.27","0.43","0.8","0.05"
"2024-04-27","Iowa","All","1.07","0.26","0.71","0.11"
"2024-04-27","Louisiana","All","0.64","0.32","0.29","0.03"
"2024-04-27","Massachusetts","All","1","0.39","0.58","0.05"
"2024-04-27","Nevada","All","0.9","0.3","0.57","0.04"
"2024-04-27","New Hampshire","All",,"0.44","0.87","0.02"
"2024-04-27","Ohio","All","0.63","0.3","0.29","0.03"
"2024-04-27","Texas","All","0.77","0.32","0.42","0.05"
"2024-04-27","United States","All","0.91","0.35","0.53","0.05"
"2024-04-27","Vermont","All","1.04","0.37","0.59","0.09"
"2024-05-04","Alabama","All","0.8","0.35","0.4","0.06"
"2024-05-04","California","All","0.68","0.35","0.32","0.01"
"2024-05-04","District of Columbia","All","0.75","0.36","0.38","0"
"2024-05-04","Kansas","All","0.58","0.21","0.33","0.05"
"2024-05-04","Maine","All","1.27","0.52","0.75","0.01"
"2024-05-04","Minnesota","All","1.03","0.37","0.61","0.05"
"2024-05-04","Mississippi","All","0.71","0.26","0.43","0.02"
"2024-05-04","Montana","All","0.75","0.42","0.2","0.16"
"2024-05-04","Nevada","All","0.8","0.36","0.39","0.05"
"2024-05-04","North Carolina","All","1.03","0.37","0.65","0.04"
"2024-05-04","Oklahoma","All","0.66","0.27","0.38","0.01"
"2024-05-04","Pennsylvania","All","0.56","0.23","0.31","0.02"
"2024-05-04","Texas","All","0.66","0.29","0.35","0.04"
"2024-05-04","Utah","All","0.63","0.31","0.3","0.04"
"2024-05-04","Virginia","All","0.71","0.34","0.36","0.01"
"2024-05-04","West Virginia","All","0.58","0.37","0.14","0.07"
"2024-05-04","Wyoming","All","0.55","0.24","0.16","0.16"
"2024-05-11","Arizona","All","1.24","0.56","0.65","0.03"
"2024-05-11","Colorado","All","0.77","0.47","0.28","0.03"
"2024-05-11","Delaware","All","0.55","0.29","0.25","0.01"
"2024-05-11","Illinois","All","0.77","0.4","0.32","0.05"
"2024-05-11","Kentucky","All","0.62","0.37","0.22","0.03"
"2024-05-11","Mississippi","All","0.6","0.19","0.38","0.04"
"2024-05-11","Vermont","All","0.7","0.4","0.29","0.03"
"2024-05-11","Wisconsin","All","0.66","0.33","0.28","0.06"
"2024-05-11","Wyoming","All","1.06","0.37","0.37","0.33"
"2024-05-18","Georgia","All","0.29","0.17","0.11","0.02"
"2024-05-18","Hawaii","All","2.57","1.69","0.87","0.02"
"2024-05-18","Iowa","All","0.43","0.22","0.16","0.05"
"2024-05-18","Maine","All","0.94","0.58","0.36","0.01"
"2024-05-18","Pennsylvania","All","0.38","0.23","0.13","0.02"
"2024-05-18","Rhode Island","All","0.35","0.19","0.17","0.01"
"2024-05-18","South Dakota","All",,"0.23","0.13","0.13"
"2024-05-18","Texas","All","0.67","0.34","0.32","0.04"
"2024-05-18","Vermont","All","0.56","0.38","0.17","0"
"2024-05-25","Georgia","All","0.34","0.2","0.12","0.02"
"2024-05-25","Iowa","All","0.31","0.19","0.07","0.04"
"2024-05-25","Louisiana","All","0.58","0.32","0.23","0.03"
"2024-05-25","Maryland","All","0.5","0.39","0.11","0.02"
"2024-05-25","Massachusetts","All","0.76","0.55","0.2","0.02"
"2024-05-25","Minnesota","All","0.66","0.4","0.22","0.04"
"2024-05-25","Oklahoma","All","0.35","0.2","0.13","0.01"
"2024-05-25","Pennsylvania","All","0.27","0.18","0.08","0.01"
"2024-05-25","Vermont","All","0.47","0.34","0.08","0.03"
"2024-06-01","California","All","1.06","0.66","0.34","0.01"
"2024-06-01","Connecticut","All","0.77","0.65","0.12","0"
"2024-06-01","Delaware","All","0.45","0.34","0.09","0.02"
"2024-06-01","Georgia","All","0.37","0.24","0.1","0.03"
"2024-06-01","Louisiana","All","0.72","0.43","0.28","0.03"
"2024-06-01","Nebraska","All","0.23","0.15","0.06","0.03"
"2024-06-01","Nevada","All","1.11","0.71","0.39","0.02"
"2024-06-01","New Hampshire","All",,"0.41","0.18","0"
"2024-06-01","North Dakota","All","0.28","0.27","0.02","0"
"2024-06-01","Oregon","All","1.27","0.8","0.47","0.02"
"2024-06-01","Tennessee","All","0.47","0.27","0.18","0.03"
"2024-06-01","Vermont","All","0.45","0.3","0.08","0.07"
"2024-06-01","Virginia","All","0.57","0.43","0.13","0.02"
"2024-06-01","Wisconsin","All","0.39","0.29","0.08","0.01"
"2024-06-08","California","All","1.12","0.77","0.32","0.01"
"2024-06-08","Connecticut","All","0.62","0.56","0.07","0"
"2024-06-08","Iowa","All","0.38","0.31","0.05","0.03"
"2024-06-08","Kentucky","All","0.56","0.41","0.13","0.02"
"2024-06-08","Massachusetts","All","0.73","0.6","0.12","0.01"
"2024-06-08","Mississippi","All","0.54","0.26","0.25","0.05"
"2024-06-08","Pennsylvania","All","0.35","0.28","0.06","0.01"
"2024-06-08","Tennessee","All","0.52","0.31","0.18","0.04"
"2024-06-08","Utah","All","0.98","0.74","0.23","0.01"
"2024-06-08","Vermont","All","0.55","0.52","0.03","0"
"2024-06-08","Washington","All","1.44","1.09","0.35","0.02"
"2024-06-08","Wisconsin","All","0.41","0.32","0.07","0.02"
"2024-06-15","Connecticut","All","0.8","0.71","0.09","0"
"2024-06-15","Delaware","All","0.54","0.47","0.07","0"
"2024-06-15","District of Columbia","All","0.72","0.68","0.03","0.01"
"2024-06-15","Iowa","All","0.35","0.29","0.04","0.02"
"2024-06-15","Missouri","All",,"0.42","0.05","0.02"
"2024-06-15","Montana","All","0.92","0.77","0.1","0.05"
"2024-06-15","Nebraska","All","0.23","0.18","0.04","0.01"
"2024-06-15","New Jersey","All","0.78","0.64","0.14","0.01"
"2024-06-15","North Carolina","All","0.94","0.54","0.43","0.01"
"2024-06-15","Ohio","All","0.42","0.34","0.07","0"
"2024-06-15","Pennsylvania","All","0.39","0.33","0.06","0.01"
"2024-06-15","Washington","All","1.72","1.38","0.34","0.01"
"2024-06-22","Alabama","All","0.88","0.65","0.21","0.03"
"2024-06-22","Alaska","All","2.11","1.62","0.54","0.03"
"2024-06-22","California","All","1.46","1.15","0.24","0.01"
"2024-06-22","Connecticut","All","0.93","0.86","0.06","0.01"
"2024-06-22","Delaware","All","0.67","0.62","0.03","0.02"
"2024-06-22","Maine","All","0.71","0.62","0.07","0.02"
"2024-06-22","Montana","All","0.9","0.82","0.08","0"
"2024-06-22","Nevada","All","1.36","1.01","0.34","0.02"
"2024-06-22","New Mexico","All","1.93","1.8","0.13","0"
"2024-06-22","New York","All","0.99","0.89","0.1","0.01"
"2024-06-22","Tennessee","All","0.65","0.47","0.17","0.02"
"2024-06-22","Utah","All","1.07","0.93","0.14","0.01"
"2024-06-22","Virginia","All","0.95","0.79","0.16","0.01"
"2024-06-29","Alabama","All","1.04","0.87","0.18","0"
"2024-06-29","Colorado","All","1.03","0.95","0.09","0"
"2024-06-29","Florida","All","2.99","2.45","0.53","0.04"
"2024-06-29","Indiana","All","0.62","0.56","0.05","0.01"
"2024-06-29","Kansas","All","0.53","0.47","0.07","0"
"2024-06-29","Louisiana","All","1.36","1.19","0.15","0.02"
"2024-06-29","Massachusetts","All","1.07","0.99","0.09","0.01"
"2024-06-29","New Jersey","All","0.95","0.83","0.11","0.01"
"2024-06-29","New Mexico","All","1.68","1.62","0.06","0"
"2024-06-29","Ohio","All","0.59","0.52","0.05","0.01"
"2024-06-29","South Carolina","All","0.98","0.86","0.12","0.02"
"2024-07-06","Alabama","All","1.35","1.15","0.21","0.01"
"2024-07-06","Arizona","All","1.93","1.79","0.17","0.01"
"2024-07-06","Arkansas","All","1.07","0.8","0.28","0.01"
"2024-07-06","District of Columbia","All","1.59","1.49","0.07","0.03"
"2024-07-06","Hawaii","All","5.05","4.02","1.05","0"
"2024-07-06","Illinois","All","1.19","1.1","0.07","0.02"
"2024-07-06","Indiana","All","0.83","0.78","0.05","0"
"2024-07-06","Maryland","All","1.28","1.17","0.1","0.02"
"2024-07-06","Minnesota","All","1.28","1.18","0.09","0.01"
"2024-07-06","Montana","All","1.56","1.45","0.09","0.02"
"2024-07-06","Utah","All","1.32","1.21","0.09","0.02"
"2024-07-13","Arizona","All","2.04","1.91","0.14","0.01"
"2024-07-13","District of Columbia","All","1.7","1.57","0.15","0"
"2024-07-13","Georgia","All","1.19","1.1","0.1","0"
"2024-07-13","Hawaii","All","4.7","3.44","1.35","0"
"2024-07-13","Massachusetts","All","1.65","1.58","0.08","0"
"2024-07-13","Michigan","All","0.88","0.83","0.05","0.01"
"2024-07-13","Minnesota","All","1.56","1.43","0.11","0.01"
"2024-07-13","Montana","All","1.87","1.77","0.11","0"
"2024-07-13","Nebraska","All","0.76","0.74","0.02","0"
"2024-07-13","Ohio","All","0.96","0.9","0.04","0"
"2024-07-13","Washington","All","2.09","1.94","0.17","0.01"
"2024-07-13","West Virginia","All","0.9","0.89","0.02","0"
"2024-07-13","Wyoming","All","0","1.77","0.08","0"
"2024-07-20","Alaska","All","2.89","2.57","0.34","0.01"
"2024-07-20","Arizona","All","2.21","2.09","0.14","0"
"2024-07-20","Connecticut","All","1.7","1.66","0.04","0.01"
"2024-07-20","Florida","All","4.75","4.31","0.43","0.04"
"2024-07-20","Indiana","All","1.24","1.19","0.04","0.01"
"2024-07-20","Louisiana","All","3.08","2.92","0.17","0.01"
"2024-07-20","Maryland","All","1.73","1.66","0.08","0"
"2024-07-20","Minnesota","All","1.68","1.63","0.05","0"
"2024-07-20","Missouri","All",,"1.3","0.05","0.01"
"2024-07-20","Nevada","All","1.83","1.63","0.2","0.01"
"2024-07-20","New York","All","1.34","1.26","0.08","0.01"
"2024-07-20","Rhode Island","All","1.14","1.18","0.06","0"
"2024-07-20","South Carolina","All","2.16","2.06","0.1","0.01"
"2024-07-20","Vermont","All","1.17","1.07","0.02","0.05"
"2024-07-20","Washington","All","2.15","2.04","0.13","0"
"2024-07-20","West Virginia","All","1.07","1.04","0.04","0"
"2024-07-20","Wisconsin","All","1.48","1.46","0.02","0"
"2024-07-20","Wyoming","All","0","1.5","0.03","0"
"2024-07-27","Arkansas","All","2.28","2.08","0.23","0.02"
"2024-07-27","California","All","2.49","2.35","0.13","0"
"2024-07-27","Delaware","All","1.98","1.95","0.03","0"
"2024-07-27","District of Columbia","All","2.5","2.41","0.08","0"
"2024-07-27","Kansas","All","1.43","1.38","0.05","0"
"2024-07-27","Maine","All","1.59","1.52","0.07","0.01"
"2024-07-27","Michigan","All","1.38","1.33","0.04","0.01"
"2024-07-27","New York","All","1.46","1.38","0.07","0.01"
"2024-07-27","North Carolina","All","3","2.63","0.51","0.01"
"2024-07-27","Ohio","All","1.53","1.43","0.05","0"
"2024-07-27","Oklahoma","All","1.88","1.75","0.11","0.01"
"2024-07-27","Pennsylvania","All","1.27","1.23","0.04","0"
"2024-07-27","South Dakota","All",,"1.21","0.02","0"
"2024-07-27","Texas","All","3.9","3.68","0.22","0.03"
"2024-08-03","Alaska","All","2.72","2.44","0.22","0.07"
"2024-08-03","Arkansas","All","2.73","2.56","0.18","0.03"
"2024-08-03","California","All","2.78","2.61","0.12","0.01"
"2024-08-03","Connecticut","All","2.16","2.11","0.05","0.01"
"2024-08-03","District of Columbia","All","2.47","2.43","0.04","0"
"2024-08-03","Idaho","All","2.09","2.08","0.03","0.01"
"2024-08-03","Iowa","All","2.08","2.05","0.03","0.01"
"2024-08-03","Maine","All","1.83","1.81","0.03","0"
"2024-08-03","Maryland","All","2.5","2.43","0.07","0.01"
"2024-08-03","Michigan","All","1.56","1.53","0.03","0.01"
"2024-08-03","Minnesota","All","2","1.9","0.1","0"
"2024-08-03","Missouri","All",,"2.04","0.06","0.02"
"2024-08-03","New Jersey","All","1.93","1.84","0.08","0.01"
"2024-08-03","South Dakota","All",,"1.07","0.02","0"
"2024-08-03","United States","All","2.63","2.53","0.14","0.01"
"2024-08-10","Connecticut","All","2.26","2.21","0.05","0.01"
"2024-08-10","Hawaii","All","3.32","2.57","0.78","0.01"
"2024-08-10","Indiana","All","2.39","2.34","0.05","0.01"
"2024-08-10","Kansas","All","2.07","2","0.07","0"
"2024-08-10","Maryland","All","2.49","2.38","0.09","0.04"
"2024-08-10","Michigan","All","1.66","1.62","0.05","0.01"
"2024-08-10","Mississippi","All","4.73","4.47","0.29","0.03"
"2024-08-10","Nevada","All","1.65","1.54","0.1","0.01"
"2024-08-10","New Mexico","All","2.73","2.67","0.1","0.02"
"2024-08-10","North Carolina","All","4.36","3.95","0.64","0.01"
"2024-08-10","Oregon","All","2.74","2.69","0.06","0"
"2024-08-10","Texas","All","3.98","3.78","0.21","0.03"
"2024-08-10","Wisconsin","All","2.17","2.14","0.04","0"
"2024-08-17","Arizona","All","2.11","1.99","0.14","0.01"
"2024-08-17","Arkansas","All","2.94","2.78","0.2","0.02"
"2024-08-17","Colorado","All","2.04","2","0.04","0"
"2024-08-17","Delaware","All","2.54","2.52","0.02","0.01"
"2024-08-17","Georgia","All","2.84","2.72","0.11","0.02"
"2024-08-17","Minnesota","All","2.26","2.19","0.07","0.01"
"2024-08-17","Mississippi","All","4.64","4.36","0.3","0.05"
"2024-08-17","New Jersey","All","1.94","1.81","0.12","0.02"
"2024-08-17","New York","All","1.55","1.49","0.05","0.01"
"2024-08-17","North Dakota","All","1.41","1.4","0.03","0"
"2024-08-17","Oregon","All","2.63","2.58","0.04","0.01"
"2024-08-17","Rhode Island","All","1.82","2.04","0.06","0"
"2024-08-17","South Dakota","All",,"1.89","0.09","0"
"2024-08-17","Tennessee","All","3.2","3.03","0.19","0.03"
"2024-08-24","Alabama","All","4.68","4.42","0.29","0.03"
"2024-08-24","Arkansas","All","2.92","2.72","0.24","0.02"
"2024-08-24","California","All","2.47","2.38","0.13","0.01"
"2024-08-24","District of Columbia","All","2.39","2.31","0.04","0.01"
"2024-08-24","Georgia","All","3.45","3.25","0.2","0.02"
"2024-08-24","Hawaii","All","3.23","2.69","0.5","0.07"
"2024-08-24","Kentucky","All","4.5","4.35","0.12","0.02"
"2024-08-24","Louisiana","All","3.98","3.88","0.11","0.02"
"2024-08-24","Maryland","All","2.29","2.22","0.08","0.02"
"2024-08-24","Minnesota","All","2.19","2.1","0.08","0.01"
"2024-08-24","New Mexico","All","2.99","2.93","0.07","0"
"2024-08-24","New York","All","1.56","1.5","0.05","0.01"
"2024-08-24","North Carolina","All","4.28","3.78","0.73","0.01"
"2024-08-24","North Dakota","All","1.6","1.55","0.06","0"
"2024-08-24","Rhode Island","All","1.53","1.65","0.08","0"
"2024-08-24","West Virginia","All","3.35","3.31","0.04","0"
"2024-08-31","Alaska","All","2.34","2.04","0.31","0.03"
"2024-08-31","California","All","2.3","2.2","0.11","0.01"
"2024-08-31","Indiana","All","2.91","2.83","0.06","0.01"
"2024-08-31","Louisiana","All","2.87","2.77","0.11","0.02"
"2024-08-31","Maryland","All","2.6","2.52","0.07","0.03"
"2024-08-31","Massachusetts","All","2.12","2.04","0.08","0.01"
"2024-08-31","Missouri","All",,"2.65","0.05","0.02"
"2024-08-31","New Jersey","All","1.65","1.56","0.08","0.02"
"2024-08-31","North Carolina","All","4.17","3.61","0.79","0.01"
"2024-08-31","Oregon","All","2.44","2.4","0.05","0.01"
"2024-08-31","Tennessee","All","2.9","2.69","0.21","0.05"
"2024-08-31","United States","All","2.6","2.48","0.17","0.02"
"2024-08-31","Virginia","All","3.57","3.44","0.16","0.01"
"2024-08-31","Wyoming","All",,"1.97","0.08","0.06"
"2024-09-07","Idaho","All","2.53","2.49","0.07","0.03"
"2024-09-07","Indiana","All","2.14","2.07","0.06","0.01"
"2024-09-07","Iowa","All","2.74","2.69","0.07","0.01"
"2024-09-07","Kansas","All","2.13","2.04","0.11","0.01"
"2024-09-07","Kentucky","All","3.81","3.65","0.15","0.02"
"2024-09-07","Montana","All","2.16","2.15","0.02","0.01"
"2024-09-07","Nevada","All","1.88","1.73","0.16","0.01"
"2024-09-07","Pennsylvania","All","2","1.95","0.05","0.01"
"2024-09-07","Rhode Island","All","1.36","1.37","0.06","0"
"2024-09-07","United States","All","2.29","2.17","0.18","0.03"
"2024-09-07","Utah","All","2.29","2.23","0.08","0"
"2024-09-07","Washington","All","2.46","2.4","0.09","0.01"
"2024-09-14","Delaware","All","1.95","1.87","0.05","0.05"
"2024-09-14","Georgia","All","1.02","0.87","0.1","0.05"
"2024-09-14","Hawaii","All","2.39","1.57","0.77","0.07"
"2024-09-14","Kansas","All","1.68","1.61","0.09","0.02"
"2024-09-14","Kentucky","All","2.95","2.81","0.14","0"
"2024-09-14","Maryland","All","1.93","1.82","0.1","0.02"
"2024-09-14","Massachusetts","All","1.92","1.87","0.06","0.01"
"2024-09-14","New Hampshire","All",,"2.15","0.12","0.01"
"2024-09-14","Oregon","All","2.39","2.37","0.06","0.01"
"2024-09-14","South Dakota","All",,"2.17","0.1","0"
"2024-09-14","Washington","All","2.24","2.15","0.12","0.02"
"2024-09-14","West Virginia","All","4.34","4.31","0.1","0.01"
"2024-09-21","Arizona","All","1.34","1.22","0.14","0.01"
"2024-09-21","Arkansas","All","1.35","1.18","0.15","0.05"
"2024-09-21","Colorado","All","1.4","1.33","0.07","0.01"
"2024-09-21","District of Columbia","All","1.13","1.08","0.1","0.05"
"2024-09-21","Georgia","All","0.74","0.57","0.11","0.07"
"2024-09-21","Illinois","All","1.52","1.45","0.08","0.02"
"2024-09-21","South Dakota","All",,"1.63","0.15","0"
"2024-09-21","Texas","All","1.28","0.96","0.28","0.07"
"2024-09-21","United States","All","1.63","1.47","0.19","0.04"
"2024-09-21","Virginia","All","1.89","1.74","0.16","0.02"
"2024-09-21","West Virginia","All","3.2","3.23","0.09","0.01"
"2024-09-28","California","All","0.85","0.78","0.13","0.02"
"2024-09-28","Colorado","All","1.23","1.16","0.07","0.01"
"2024-09-28","Delaware","All","1.39","1.3","0.03","0.07"
"2024-09-28","Hawaii","All","1.69","1.03","0.54","0.13"
"2024-09-28","Idaho","All","1.34","1.39","0.09","0.03"
"2024-09-28","Indiana","All","0.92","0.83","0.09","0.01"
"2024-09-28","Iowa","All","1.68","1.7","0.09","0.03"
"2024-09-28","Louisiana","All","0.86","0.71","0.16","0.08"
"2024-09-28","Maine","All","1.81","2.16","0.09","0.01"
"2024-09-28","New York","All","1.11","1.17","0.05","0.03"
"2024-09-28","Oklahoma","All","1.17","1.06","0.11","0.01"
"2024-10-05","Illinois","All",,"0.83","0.08","0.03"
"2024-10-05","Indiana","All",,"0.71","0.1","0.01"
"2024-10-05","Maryland","All",,"0.82","0.12","0.03"
"2024-10-05","Michigan","All",,"1.12","0.06","0.04"
"2024-10-05","New Hampshire","All",,"1.42","0.17","0.03"
"2024-10-05","Pennsylvania","All",,"0.89","0.05","0.02"
"2024-10-05","South Carolina","All",,"0.71","0.13","0.06"
"2024-10-05","South Dakota","All",,"1.07","0.09","0.04"
"2024-10-05","Wyoming","All",,"1.57","0.06","0.03"
"2024-10-12","Alabama","All",,"0.69","0.28","0.15"
"2024-10-12","Connecticut","All",,"1.03","0.08","0.06"
"2024-10-12","Illinois","All",,"0.64","0.09","0.04"
"2024-10-12","Kansas","All",,"0.68","0.07","0.04"
"2024-10-12","Maine","All",,"1.44","0.06","0.01"
"2024-10-12","Massachusetts","All",,"0.84","0.09","0.05"
"2024-10-12","New Jersey","All",,"0.56","0.15","0.08"
"2024-10-12","Oregon","All",,"1.37","0.09","0.01"
"2024-10-12","Texas","All",,"0.43","0.34","0.2"
"2024-10-12","Virginia","All",,"0.71","0.22","0.08"
"2024-10-12","Washington","All",,"1.33","0.18","0.03"
"2024-10-12","Wyoming","All",,"1.47","0.18","0"
"2024-10-19","Alaska","All",,"0.51","0.4","0.09"
"2024-10-19","Arizona","All",,"0.95","0.36","0.02"
"2024-10-19","Colorado","All",,"0.8","0.2","0.03"
"2024-10-19","Hawaii","All",,"0.63","0.48","0.2"
"2024-10-19","Indiana","All",,"0.55","0.1","0.02"
"2024-10-19","Louisiana","All",,"0.42","0.23","0.14"
"2024-10-19","Massachusetts","All",,"0.82","0.12","0.08"
"2024-10-19","New Hampshire","All",,"1.13","0.12","0.02"
"2024-10-19","New York","All",,"0.58","0.05","0.06"
"2024-10-19","Pennsylvania","All",,"0.67","0.08","0.03"
"2024-10-19","South Carolina","All",,"0.49","0.14","0.11"
"2024-10-19","South Dakota","All",,"0.99","0.07","0.02"
"2024-10-19","Utah","All",,"0.86","0.14","0.02"
"2024-10-19","West Virginia","All",,"1.12","0.15","0.01"
"2024-10-26","Colorado","All",,"0.81","0.24","0.01"
"2024-10-26","District of Columbia","All",,"0.32","0.14","0.16"
"2024-10-26","Hawaii","All",,"0.57","0.62","0.26"
"2024-10-26","Idaho","All",,"0.62","0.09","0.1"
"2024-10-26","Indiana","All",,"0.57","0.11","0.04"
"2024-10-26","Michigan","All",,"0.89","0.1","0.09"
"2024-10-26","Mississippi","All",,"0.54","0.41","0.3"
"2024-10-26","Missouri","All",,"0.77","0.13","0.09"
"2024-10-26","Montana","All",,"1.26","0.08","0.04"
"2024-10-26","Nevada","All",,"0.49","0.3","0.03"
"2024-10-26","New York","All",,"0.52","0.09","0.09"
"2024-10-26","Oklahoma","All",,"0.51","0.21","0.05"
"2024-10-26","Pennsylvania","All",,"0.65","0.13","0.06"
"2024-10-26","Texas","All",,"0.35","0.45","0.32"
"2024-11-02","Alaska","All",,"0.48","0.86","0.11"
"2024-11-02","Arkansas","All",,"0.59","0.26","0.17"
"2024-11-02","Connecticut","All",,"0.79","0.12","0.1"
"2024-11-02","Illinois","All",,"0.64","0.18","0.12"
"2024-11-02","Louisiana","All",,"0.46","0.7","0.24"
"2024-11-02","Massachusetts","All",,"0.73","0.15","0.15"
"2024-11-02","Minnesota","All",,"0.83","0.17","0.02"
"2024-11-02","Missouri","All",,"0.62","0.13","0.09"
"2024-11-02","Nevada","All",,"0.47","0.38","0.03"
"2024-11-02","South Carolina","All",,"0.5","0.21","0.19"
"2024-11-02","Tennessee","All",,"0.54","0.38","0.39"
"2024-11-02","United States","All",,"0.56","0.34","0.19"
"2024-11-02","Virginia","All",,"0.6","0.23","0.21"
"2024-11-02","West Virginia","All",,"1.03","0.13","0.03"
"2024-11-09","Alabama","All",,"0.44","0.73","0.66"
"2024-11-09","California","All",,"0.37","0.31","0.08"
"2024-11-09","Hawaii","All",,"0.51","0.7","0.41"
"2024-11-09","Kansas","All",,"0.4","0.13","0.05"
"2024-11-09","Louisiana","All",,"0.35","1.05","0.49"
"2024-11-09","Massachusetts","All",,"0.58","0.15","0.24"
"2024-11-09","Minnesota","All",,"1.03","0.3","0.04"
"2024-11-09","Mississippi","All",,"0.53","0.71","0.61"
"2024-11-09","New Hampshire","All",,"0.69","0.28","0.05"
"2024-11-09","Oregon","All",,"0.5","0.28","0.04"
"2024-11-09","South Carolina","All",,"0.42","0.24","0.3"
"2024-11-09","South Dakota","All",,"0.85","0.04","0.04"
"2024-11-09","Texas","All",,"0.29","0.61","0.62"
"2024-11-16","Arkansas","All",,"0.4","0.27","0.46"
"2024-11-16","Colorado","All",,"0.9","0.4","0.05"
"2024-11-16","Idaho","All",,"0.58","0.36","0.09"
"2024-11-16","Illinois","All",,"0.56","0.22","0.3"
"2024-11-16","Iowa","All",,"0.47","0.12","0.1"
"2024-11-16","Kansas","All",,"0.55","0.21","0.1"
"2024-11-16","Louisiana","All",,"0.34","1.18","0.58"
"2024-11-16","Michigan","All",,"0.77","0.17","0.22"
"2024-11-16","Nebraska","All",,"0.44","0.1","0.04"
"2024-11-16","North Carolina","All",,"0.47","0.95","0.23"
"2024-11-16","North Dakota","All",,"0.49","0.1","0"
"2024-11-16","Ohio","All",,"0.52","0.17","0.14"
"2024-11-16","Oklahoma","All",,"0.4","0.19","0.08"
"2024-11-16","Oregon","All",,"0.54","0.49","0.08"
"2024-11-16","Virginia","All",,"0.41","0.21","0.36"
"2024-11-16","West Virginia","All",,"0.79","0.14","0.13"
"2024-11-23","Alaska","All",,"0.46","1.34","0.58"
"2024-11-23","Arkansas","All",,"0.41","0.29","0.4"
"2024-11-23","Colorado","All",,"0.9","0.42","0.08"
"2024-11-23","Iowa","All",,"0.49","0.18","0.15"
"2024-11-23","Michigan","All",,"0.72","0.21","0.3"
"2024-11-23","Montana","All",,"0.99","0.17","0.04"
"2024-11-23","New Hampshire","All",,"0.69","0.59","0.16"
"2024-11-23","Pennsylvania","All",,"0.54","0.26","0.26"
"2024-11-23","Rhode Island","All",,"0.45","0.14","0.2"
"2024-11-23","South Carolina","All",,"0.33","0.25","0.66"
"2024-11-23","Tennessee","All",,"0.48","0.52","0.94"
"2024-11-23","United States","All",,"0.51","0.62","0.46"
"2024-11-23","West Virginia","All",,"0.84","0.07","0.21"
"2024-11-30","Alaska","All",,"0.45","1.89","0.68"
"2024-11-30","Colorado","All",,"1.13","0.69","0.12"
"2024-11-30","Florida","All",,"0.34","2.05","0.76"
"2024-11-30","Hawaii","All",,"0.35","1.33","0.51"
"2024-11-30","Illinois","All",,"0.76","0.42","0.66"
"2024-11-30","Kansas","All",,"0.74","0.6","0.19"
"2024-11-30","Michigan","All",,"0.9","0.28","0.43"
"2024-11-30","Mississippi","All",,"0.44","0.87","1.35"
"2024-11-30","Montana","All",,"0.97","0.3","0.05"
"2024-11-30","Nevada","All",,"0.45","1.42","0.31"
"2024-11-30","New Jersey","All",,"0.44","0.44","0.71"
"2024-11-30","Rhode Island","All",,"0.56","0.19","0.51"
"2024-11-30","Utah","All",,"0.87","1","0.06"
"2024-11-30","Virginia","All",,"0.53","0.44","0.71"
"2024-11-30","West Virginia","All",,"0.96","0.22","0.4"
"2024-12-07","Alabama","All",,"0.6","1.64","1.23"
"2024-12-07","District of Columbia","All",,"0.42","0.37","1"
"2024-12-07","Hawaii","All",,"0.42","2.05","0.6"
"2024-12-07","Illinois","All",,"0.89","0.65","0.85"
"2024-12-07","Louisiana","All",,"0.44","2.4","1.24"
"2024-12-07","Maine","All",,"1.14","0.13","0.1"
"2024-12-07","Maryland","All",,"0.57","0.44","1.03"
"2024-12-07","Missouri","All",,"0.07","0.03","0.05"
"2024-12-07","Nebraska","All",,"0.68","0.47","0.08"
"2024-12-07","Nevada","All",,"0.46","1.81","0.48"
"2024-12-07","New Hampshire","All",,"1.04","0.57","0.7"
"2024-12-07","New Jersey","All",,"0.56","0.78","0.94"
"2024-12-07","Rhode Island","All",,"0.67","0.37","0.61"
"2024-12-07","Texas","All",,"0.43","1.4","1.16"
"2024-12-07","Utah","All",,"1.05","1.61","0.15"
"2024-12-07","Wisconsin","All",,"1","0.42","0.13"
"2024-12-14","Illinois","All",,"1.13","1.45","1.11"
"2024-12-14","Iowa","All",,"0.94","0.62","0.38"
"2024-12-14","Louisiana","All",,"0.52","4.36","1.19"
"2024-12-14","Massachusetts","All",,"1.08","0.89","1.29"
"2024-12-14","Missouri","All",,"0.09","0.07","0.07"
"2024-12-14","Nevada","All",,"0.48","2.45","0.55"
"2024-12-14","New Hampshire","All",,"1.23","1.07","0.97"
"2024-12-14","North Carolina","All",,"0.67","2.17","1.13"
"2024-12-14","Ohio","All",,"1.03","0.64","0.59"
"2024-12-14","Oklahoma","All",,"0.86","0.99","0.48"
"2024-12-14","South Carolina","All",,"0.59","1.28","1.07"
"2024-12-14","United States","All",,"0.75","1.81","0.73"
"2024-12-14","Vermont","All",,"1.21","0.28","0.33"
"2024-12-14","West Virginia","All",,"1.2","0.51","0.6"
"2024-12-21","California","All",,"0.49","4.48","0.47"
"2024-12-21","Colorado","All",,"1.27","2.46","0.36"
"2024-12-21","Illinois","All",,"1.53","3.03","1.41"
"2024-12-21","Indiana","All",,"1.76","2.69","0.86"
"2024-12-21","Kansas","All",,"1.53","3.28","0.42"
"2024-12-21","Louisiana","All",,"0.67","7.21","1.34"
"2024-12-21","Maryland","All",,"0.87","1.55","1.27"
"2024-12-21","Nevada","All",,"0.61","3.89","0.67"
"2024-12-21","New Hampshire","All",,"2.1","2.87","1.49"
"2024-12-21","United States","All",,"0.94","3.25","0.91"
"2024-12-21","Utah","All",,"1.2","4.9","0.26"
"2024-12-21","Virginia","All",,"0.96","2.25","1.03"
"2024-12-21","Wisconsin","All",,"1.55","1.37","0.37"
"2024-12-28","Alaska","All",,"0.52","4.18","2.14"
"2024-12-28","Georgia","All",,"0.72","5.63","0.76"
"2024-12-28","Maryland","All",,"1.23","3.33","1.51"
"2024-12-28","Massachusetts","All",,"1.79","3.02","1.68"
"2024-12-28","Minnesota","All",,"2.11","6.48","0.79"
"2024-12-28","North Dakota","All",,"1.47","2.67","0.18"
"2024-12-28","Oklahoma","All",,"1.74","4.27","1.28"
"2024-12-28","Oregon","All",,"0.68","8.57","0.71"
"2024-12-28","Utah","All",,"1.48","8.59","0.45"
"2025-01-04","California","All",,"0.62","5.75","0.72"
"2025-01-04","Florida","All",,"0.69","5.48","0.72"
"2025-01-04","Hawaii","All",,"0.52","7.83","0.74"
"2025-01-04","Illinois","All",,"2.24","5.81","1.74"
"2025-01-04","Louisiana","All",,"0.92","6.5","1.3"
"2025-01-04","Maine","All",,"3.26","2.09","0.45"
"2025-01-04","Michigan","All",,"2.56","3.3","1.31"
"2025-01-04","Missouri","All",,"0.18","0.41","0.16"
"2025-01-04","Montana","All",,"1.65","3.13","0.26"
"2025-01-04","New Hampshire","All",,"2.92","4.44","1.33"
"2025-01-04","New Jersey","All",,"1.38","5.8","1.04"
"2025-01-04","New Mexico","All",,"2.5","7.5","0.69"
"2025-01-04","North Dakota","All",,"1.29","2.72","0.31"
"2025-01-04","South Carolina","All",,"1.21","4.45","1.14"
"2025-01-04","Tennessee","All",,"1.2","6.01","1.35"
"2025-01-04","Texas","All",,"0.8","5.53","1.33"
"2025-01-04","United States","All",,"1.36","5","1.06"
"2025-01-04","Washington","All",,"0.71","4.74","1.07"
"2025-01-04","Wyoming","All",,"1.6","6.56","0.32"
"2025-01-11","Hawaii","All",,"0.73","7.2","0.54"
"2025-01-11","North Carolina","All",,"1.27","5.72","1.51"
"2025-01-11","Oregon","All",,"0.58","4.09","0.76"
"2025-01-11","Virginia","All",,"1.24","3.73","0.69"
"2025-01-11","Washington","All",,"0.56","3.98","0.8"
"2025-01-11","Wyoming","All",,"1.11","4.39","0.33"
"2025-01-18","Alaska","All",,"0.27","3.11","1.23"
"2025-01-18","Colorado","All",,"0.82","4.01","0.63"
"2025-01-18","Indiana","All",,"1.48","4.46","0.7"
"2025-01-18","Louisiana","All",,"0.74","5.35","0.58"
"2025-01-18","Maine","All",,"1.93","2.83","0.63"
"2025-01-18","Massachusetts","All",,"1.37","5.62","0.88"
"2025-01-18","North Carolina","All",,"1.14","7.92","1.17"
"2025-01-18","Rhode Island","All",,"1.02","3.84","0.46"
"2025-01-18","Tennessee","All",,"0.89","4.47","0.57"
"2025-01-18","Texas","All",,"0.66","6.66","0.64"
"2025-01-18","United States","All",,"0.98","5.45","0.63"
"2025-01-18","Virginia","All",,"1.02","4.25","0.45"
"2025-01-25","Alaska","All",,"0.28","3.04","0.94"
"2025-01-25","Florida","All",,"0.68","7.6","0.39"
"2025-01-25","Kansas","All",,"1.02","5.46","0.75"
"2025-01-25","Kentucky","All",,"1.39","6.56","0.64"
"2025-01-25","Massachusetts","All",,"1.33","7.79","0.66"
"2025-01-25","Minnesota","All",,"1.52","10.06","1.21"
"2025-01-25","North Dakota","All",,"0.76","6.01","0.35"
"2025-01-25","Oklahoma","All",,"1.05","10.5","1.48"
"2025-01-25","Oregon","All",,"0.46","3.98","0.77"
"2025-01-25","Pennsylvania","All",,"1.08","5.76","0.67"
"2025-01-25","South Carolina","All",,"1.09","13.07","0.41"
"2025-01-25","South Dakota","All",,"1.41","7.69","0.53"
"2025-01-25","Texas","All",,"0.78","10.29","0.57"
"2025-01-25","Utah","All",,"0.63","4.98","0.84"
"2025-01-25","Virginia","All",,"1.13","7.2","0.41"
"2025-02-01","Alabama","All",,"1.2","8.62","0.33"
"2025-02-01","California","All",,"0.61","6.85","0.54"
"2025-02-01","District of Columbia","All",,"0.88","8.23","0.45"
"2025-02-01","Florida","All",,"0.68","8.11","0.32"
"2025-02-01","Idaho","All",,"0.75","4.45","0.83"
"2025-02-01","Kansas","All",,"0.97","8.08","0.91"
"2025-02-01","Louisiana","All",,"0.91","5.56","0.38"
"2025-02-01","Maryland","All",,"1.18","9.33","0.35"
"2025-02-01","Minnesota","All",,"1.24","8.58","1.11"
"2025-02-01","Oklahoma","All",,"1.15","14.05","1.53"
"2025-02-01","Rhode Island","All",,"1.02","6.08","0.38"
"2025-02-01","South Carolina","All",,"1.11","12.74","0.28"
"2025-02-01","Texas","All",,"0.94","11.94","0.44"
"2025-02-01","Wyoming","All",,"0.37","5.61","0.54"
"2025-02-08","Arkansas","All",,"1","9.21","0.57"
"2025-02-08","Connecticut","All",,"1.39","9.05","0.26"
"2025-02-08","Iowa","All",,"1.4","9.91","1.23"
"2025-02-08","Kentucky","All",,"1.78","13.93","0.53"
"2025-02-08","Michigan","All",,"1.41","8.73","0.78"
"2025-02-08","Missouri","All",,"0.17","1.51","0.1"
"2025-02-08","Montana","All",,"0.95","7.55","1.3"
"2025-02-08","New York","All",,"0.9","5.6","0.31"
"2025-02-08","North Dakota","All",,"0.91","5.11","0.66"
"2025-02-08","Pennsylvania","All",,"1.02","8.13","0.5"
"2025-02-08","Texas","All",,"0.98","9.29","0.38"
"2025-02-08","United States","All",,"1.02","8.19","0.54"
"2025-02-08","Utah","All",,"0.66","4.55","1.32"
"2025-02-15","Alabama","All",,"1.31","4.84","0.33"
"2025-02-15","Hawaii","All",,"0.53","5.74","0.36"
"2025-02-15","Indiana","All",,"1.35","11.35","0.53"
"2025-02-15","Kansas","All",,"1.26","8.95","0.96"
"2025-02-15","Louisiana","All",,"0.87","3.79","0.29"
"2025-02-15","Missouri","All",,"0.26","1.52","0.11"
"2025-02-15","Nevada","All",,"0.4","2.45","0.76"
"2025-02-15","Ohio","All",,"1.18","11.02","0.32"
"2025-02-15","Virginia","All",,"1.4","9.91","0.27"
"2025-02-22","Alaska","All",,"0.4","5.62","0.72"
"2025-02-22","California","All",,"0.44","3.44","0.45"
"2025-02-22","Indiana","All",,"1.27","9.3","0.5"
"2025-02-22","Louisiana","All",,"1","3.27","0.25"
"2025-02-22","Michigan","All",,"1.3","8.04","0.69"
"2025-02-22","Missouri","All",,"0.28","1.38","0.17"
"2025-02-22","Montana","All",,"0.52","7.31","1.3"
"2025-02-22","Nebraska","All",,"0.44","3.99","0.5"
"2025-02-22","New Hampshire","All",,"0.58","9.06","0.46"
"2025-02-22","New Mexico","All",,"0.79","4.53","1.77"
"2025-02-22","New York","All",,"0.8","4.17","0.24"
"2025-02-22","Ohio","All",,"1.05","8.88","0.3"
"2025-02-22","Pennsylvania","All",,"0.84","5.78","0.4"
"2025-02-22","United States","All",,"0.87","5.2","0.47"
"2025-02-22","Utah","All",,"0.65","3.44","1.23"
"2025-03-01","Connecticut","All",,"0.75","4.52","0.13"
"2025-03-01","Hawaii","All",,"0.41","4.72","0.34"
"2025-03-01","Indiana","All",,"1.08","6.79","0.42"
"2025-03-01","Kentucky","All",,"1.18","5.4","0.34"
"2025-03-01","Maine","All",,"0.44","6.75","0.61"
"2025-03-01","Massachusetts","All",,"0.59","4.78","0.27"
"2025-03-01","Minnesota","All",,"0.78","2.75","1.1"
"2025-03-01","Oklahoma","All",,"0.71","2.42","0.91"
"2025-03-01","Vermont","All",,"0.49","5.1","0.71"
"2025-03-08","Arizona","All",,"0.53","2.32","0.46"
"2025-03-08","District of Columbia","All",,"0.68","3.47","0.16"
"2025-03-08","Georgia","All",,"1.1","2.32","0.13"
"2025-03-08","Idaho","All",,"0.64","2.53","1.24"
"2025-03-08","Missouri","All",,"0.69","2.8","0.46"
"2025-03-08","New Hampshire","All",,"0.37","5.42","0.46"
"2025-03-08","New York","All",,"0.72","2.59","0.16"
"2025-03-08","Oregon","All",,"0.42","2.55","0.81"
"2025-03-08","Pennsylvania","All",,"0.65","3.18","0.32"
"2025-03-08","Rhode Island","All",,"0.52","2.3","0.26"
"2025-03-08","Tennessee","All",,"1.13","3.01","0.25"
"2025-03-08","Vermont","All",,"0.57","3.89","0.64"
"2025-03-08","Wisconsin","All",,"0.75","3.49","0.77"
"2025-03-15","Arkansas","All",,"0.76","2.82","0.34"
"2025-03-15","Delaware","All",,"0.82","2.87","0.24"
"2025-03-15","Kansas","All",,"0.64","2.38","0.49"
"2025-03-15","Louisiana","All",,"1.22","2.7","0.18"
"2025-03-15","Montana","All",,"0.59","2.99","1.61"
"2025-03-15","Nebraska","All",,"0.42","0.8","0.49"
"2025-03-15","Nevada","All",,"0.36","1.55","0.34"
"2025-03-15","New Hampshire","All",,"0.34","3.89","0.49"
"2025-03-15","New Jersey","All",,"0.93","2.72","0.12"
"2025-03-15","Ohio","All",,"0.7","3.13","0.18"
"2025-03-15","Oregon","All",,"0.43","2.18","0.63"
"2025-03-15","South Dakota","All",,"0.4","1.13","1.39"
"2025-03-15","Tennessee","All",,"1.09","2.88","0.19"
"2025-03-15","Texas","All",,"0.87","1.97","0.22"
"2025-03-15","Virginia","All",,"1","3.99","0.14"
"2025-03-15","Washington","All",,"0.47","2.64","0.55"
"2025-03-15","West Virginia","All",,"0.96","5.83","1.16"
"2025-03-15","Wyoming","All",,"0.53","2.14","0.75"
"2025-03-22","Alabama","All",,"1.18","1.88","0.17"
"2025-03-22","Alaska","All",,"0.39","3.53","0.35"
"2025-03-22","District of Columbia","All",,"0.6","2.24","0.19"
"2025-03-22","Illinois","All",,"0.81","2.34","0.26"
"2025-03-22","Kentucky","All",,"0.92","2.6","0.29"
"2025-03-22","Maryland","All",,"0.85","2.52","0.09"
"2025-03-22","Minnesota","All",,"0.5","1.41","0.72"
"2025-03-22","Mississippi","All",,"0.94","1.33","0.09"
"2025-03-22","Nevada","All",,"0.33","1.19","0.22"
"2025-03-22","New York","All",,"0.84","1.91","0.12"
"2025-03-22","Vermont","All",,"0.54","2.8","0.44"
"2025-03-22","Virginia","All",,"0.9","2.96","0.12"
"2025-03-22","Washington","All",,"0.49","2.05","0.42"
"2025-03-29","Alaska","All",,"0.57","3.13","0.15"
"2025-03-29","Arkansas","All",,"0.73","1.33","0.25"
"2025-03-29","California","All",,"0.37","1.29","0.17"
"2025-03-29","Iowa","All",,"0.53","0.91","0.5"
"2025-03-29","Kentucky","All",,"0.8","1.84","0.29"
"2025-03-29","Minnesota","All",,"0.57","1.17","0.54"
"2025-03-29","Mississippi","All",,"0.7","1.07","0.07"
"2025-03-29","Nebraska","All",,"0.27","0.42","0.32"
"2025-03-29","Vermont","All",,"0.35","1.7","0.41"
"2025-04-05","Alaska","All",,"0.48","2.14","0.22"
"2025-04-05","Florida","All",,"0.42","1.01","0.12"
"2025-04-05","Hawaii","All",,"0.5","2.21","0.12"
"2025-04-05","Kansas","All",,"0.41","0.58","0.26"
"2025-04-05","Nebraska","All",,"0.33","0.35","0.3"
"2025-04-05","New Mexico","All",,"0.52","1.07","0.34"
"2025-04-05","Pennsylvania","All",,"0.46","1.17","0.15"
"2025-04-05","Washington","All",,"0.4","1.01","0.26"
"2025-04-05","Wyoming","All",,"0.46","0.55","0.67"
"2025-04-12","Alabama","All",,"0.61","0.63","0.11"
"2025-04-12","Connecticut","All",,"0.59","1.64","0.05"
"2025-04-12","Idaho","All",,"0.64","0.66","0.26"
"2025-04-12","Kansas","All",,"0.31","0.47","0.24"
"2025-04-12","Louisiana","All",,"0.67","0.84","0.09"
"2025-04-12","Montana","All",,"0.41","0.83","0.38"
"2025-04-12","New Jersey","All",,"0.76","0.98","0.08"
"2025-04-12","New Mexico","All",,"0.46","0.93","0.27"
"2025-04-12","Pennsylvania","All",,"0.37","0.8","0.13"
"2025-04-12","United States","All",,"0.5","0.83","0.14"
"2025-04-12","Wisconsin","All",,"0.4","0.78","0.28"
"2025-04-12","Wyoming","All",,"0.42","0.42","0.47"
"2025-04-19","Connecticut","All",,"0.68","1.08","0.05"
"2025-04-19","Illinois","All",,"0.45","1","0.13"
"2025-04-19","Michigan","All",,"0.41","0.8","0.21"
"2025-04-19","New Jersey","All",,"0.72","0.82","0.05"
"2025-04-19","New Mexico","All",,"0.5","0.74","0.19"
"2025-04-19","North Carolina","All",,"0.67","0.89","0.14"
"2025-04-19","North Dakota","All",,"0.21","0.37","0.12"
"2025-04-26","Alabama","All",,"0.61","0.44","0.11"
"2025-04-26","Florida","All",,"0.46","0.7","0.1"
"2025-04-26","Georgia","All",,"0.37","0.29","0.04"
"2025-04-26","Illinois","All",,"0.42","0.76","0.09"
"2025-04-26","Kentucky","All",,"0.33","0.23","0.12"
"2025-04-26","Louisiana","All",,"0.54","0.53","0.05"
"2025-04-26","New Mexico","All",,"0.43","0.61","0.14"
"2025-04-26","North Carolina","All",,"0.56","0.73","0.11"
"2025-04-26","Ohio","All",,"0.29","0.24","0.06"
"2025-04-26","Oklahoma","All",,"0.43","0.23","0.09"
"2025-04-26","Oregon","All",,"0.42","0.49","0.11"
"2025-04-26","South Carolina","All",,"0.52","0.28","0.08"
"2025-04-26","Virginia","All",,"0.42","0.75","0.08"
"2025-04-26","West Virginia","All",,"0.4","0.31","0.43"
"2025-05-03","Arizona","All",,"0.47","0.86","0.05"
"2025-05-03","District of Columbia","All",,"0.33","0.58","0.03"
"2025-05-03","Hawaii","All",,"0.83","1.78","0.12"
"2025-05-03","Indiana","All",,"0.32","0.27","0.09"
"2025-05-03","Iowa","All",,"0.37","0.15","0.14"
"2025-05-03","Maine","All",,"0.19","0.53","0.09"
"2025-05-03","Michigan","All",,"0.32","0.55","0.09"
"2025-05-03","Mississippi","All",,"0.5","0.41","0.03"
"2025-05-03","Nebraska","All",,"0.22","0.11","0.08"
"2025-05-03","New Hampshire","All",,"0.26","0.62","0.08"
"2025-05-03","New York","All",,"0.48","0.34","0.03"
"2025-05-03","North Carolina","All",,"0.39","0.63","0.1"
"2025-05-03","North Dakota","All",,"0.07","0.13","0.1"
"2025-05-03","South Dakota","All",,"0.21","0.16","0.18"
"2025-05-03","Tennessee","All",,"0.32","0.34","0.06"
"2025-05-03","Texas","All",,"0.46","0.48","0.05"
"2025-05-03","Utah","All",,"0.43","0.38","0.11"
"2025-05-03","Washington","All",,"0.51","0.45","0.11"
"2025-05-03","Wyoming","All",,"0.2","0.11","0.2"
"2025-05-10","Arizona","All",,"0.46","0.75","0.03"
"2025-05-10","Delaware","All",,"0.19","0.3","0.03"
"2025-05-10","District of Columbia","All",,"0.25","0.36","0.01"
"2025-05-10","Maryland","All",,"0.27","0.43","0.04"
"2025-05-10","Michigan","All",,"0.23","0.39","0.06"
"2025-05-10","Missouri","All",,"0.22","0.12","0.1"
"2025-05-10","Nebraska","All",,"0.18","0.07","0.03"
"2025-05-10","New Mexico","All",,"0.39","0.35","0.04"
"2025-05-10","New York","All",,"0.38","0.24","0.02"
"2025-05-10","North Carolina","All",,"0.37","0.6","0.05"
"2025-05-10","Tennessee","All",,"0.24","0.35","0.04"
"2025-05-10","Virginia","All",,"0.3","0.45","0.06"
"2025-05-10","Wisconsin","All",,"0.28","0.29","0.07"
"2025-05-17","Arizona","All",,"0.5","0.65","0.02"
"2025-05-17","Colorado","All",,"0.32","0.39","0.06"
"2025-05-17","District of Columbia","All",,"0.12","0.29","0.01"
"2025-05-17","Florida","All",,"0.46","0.55","0.08"
"2025-05-17","Illinois","All",,"0.26","0.26","0.03"
"2025-05-17","Kansas","All",,"0.15","0.21","0.04"
"2025-05-17","Ohio","All",,"0.18","0.1","0.02"
"2025-05-17","United States","All",,"0.34","0.32","0.04"
"2025-05-17","Utah","All",,"0.36","0.25","0.06"
"2025-05-24","Georgia","All",,"0.25","0.15","0.02"
"2025-05-24","Illinois","All",,"0.25","0.19","0.02"
"2025-05-24","Louisiana","All",,"0.65","0.32","0.03"
"2025-05-24","Maryland","All",,"0.26","0.23","0.04"
"2025-05-24","Minnesota","All",,"0.28","0.15","0.03"
"2025-05-24","Nebraska","All",,"0.1","0.05","0.03"
"2025-05-24","New Jersey","All",,"0.36","0.18","0.02"
"2025-05-24","New Mexico","All",,"0.37","0.37","0.04"
"2025-05-24","Oregon","All",,"0.38","0.41","0.05"
"2025-05-24","Rhode Island","All",,"0.21","0.12","0"
"2025-05-24","South Carolina","All",,"0.35","0.17","0.03"
"2025-05-24","United States","All",,"0.33","0.28","0.04"
"2025-05-24","Vermont","All",,"0.42","0.05","0.04"
"2025-05-24","Virginia","All",,"0.27","0.28","0.02"
"2025-05-24","Wisconsin","All",,"0.19","0.12","0.02"
"2025-05-24","Wyoming","All",,"0.11","0.17","0.03"
"2025-05-31","Alaska","All",,"0.65","0.79","0.01"
"2025-05-31","Arkansas","All",,"0.19","0.19","0.05"
"2025-05-31","Colorado","All",,"0.31","0.35","0.03"
"2025-05-31","Connecticut","All",,"0.4","0.14","0.03"
"2025-05-31","Kansas","All",,"0.14","0.14","0.02"
"2025-05-31","Maine","All",,"0.14","0.12","0.03"
"2025-05-31","Nebraska","All",,"0.1","0.05","0.04"
"2025-05-31","New Hampshire","All",,"0.25","0.19","0.01"
"2025-05-31","North Dakota","All",,"0.14","0.03","0.02"
"2025-05-31","Pennsylvania","All",,"0.17","0.15","0.01"
"2025-05-31","Washington","All",,"0.55","0.4","0.03"
"2025-05-31","Wyoming","All",,"0.34","0.06","0.03"
"2025-06-07","Colorado","All",,"0.25","0.18","0.02"
"2025-06-07","Delaware","All",,"0.23","0.12","0.04"
"2025-06-07","District of Columbia","All",,"0.32","0.16","0.03"
"2025-06-07","Mississippi","All",,"0.34","0.29","0.03"
"2025-06-07","Missouri","All",,"0.15","0.07","0.02"
"2025-06-07","New York","All",,"0.35","0.08","0.02"
"2025-06-07","Pennsylvania","All",,"0.17","0.09","0.01"
"2025-06-07","Virginia","All",,"0.29","0.18","0.02"
"2025-06-14","Arkansas","All",,"0.09","0.08","0.01"
"2025-06-14","California","All",,"0.55","0.24","0.01"
"2025-06-14","Colorado","All",,"0.28","0.12","0.01"
"2025-06-14","Georgia","All",,"0.24","0.11","0.02"
"2025-06-14","Hawaii","All",,"1.09","1.14","0.03"
"2025-06-14","Idaho","All",,"0.42","0.2","0.03"
"2025-06-14","Maryland","All",,"0.29","0.13","0.01"
"2025-06-14","Michigan","All",,"0.17","0.09","0.02"
"2025-06-14","Missouri","All",,"0.12","0.09","0.02"
"2025-06-14","North Dakota","All",,"0.13","0.03","0.03"
"2025-06-14","Oklahoma","All",,"0.14","0.12","0.01"
"2025-06-14","Tennessee","All",,"0.18","0.18","0.03"
"2025-06-14","Utah","All",,"0.28","0.17","0.02"
"2025-06-14","Vermont","All",,"0.2","0.03","0"
"2025-06-14","Wisconsin","All",,"0.13","0.06","0.01"
"2025-06-21","Colorado","All",,"0.29","0.1","0.01"
"2025-06-21","Hawaii","All",,"1.12","0.82","0.04"
"2025-06-21","Illinois","All",,"0.21","0.06","0.01"
"2025-06-21","Kansas","All",,"0.17","0.04","0"
"2025-06-21","Nevada","All",,"0.29","0.12","0"
"2025-06-21","New Jersey","All",,"0.33","0.12","0.02"
"2025-06-21","New York","All",,"0.32","0.07","0.01"
"2025-06-21","North Carolina","All",,"0.3","0.4","0.03"
"2025-06-21","Texas","All",,"0.55","0.22","0.03"
"2025-06-21","Virginia","All",,"0.28","0.11","0.01"
"2025-06-28","Colorado","All",,"0.29","0.06","0.01"
"2025-06-28","District of Columbia","All",,"0.28","0.12","0.01"
"2025-06-28","Indiana","All",,"0.17","0.05","0.01"
"2025-06-28","Kansas","All",,"0.15","0.06","0.01"
"2025-06-28","Maryland","All",,"0.39","0.07","0.02"
"2025-06-28","New York","All",,"0.31","0.04","0.01"
"2025-06-28","North Carolina","All",,"0.34","0.35","0.04"
"2025-06-28","Oklahoma","All",,"0.18","0.08","0.01"
"2025-06-28","Pennsylvania","All",,"0.15","0.06","0.01"
"2025-06-28","South Carolina","All",,"0.34","0.11","0.01"
"2025-06-28","Tennessee","All",,"0.25","0.09","0.02"
"2025-06-28","Texas","All",,"0.63","0.2","0.02"
"2025-06-28","Vermont","All",,"0.16","0.02","0.02"
"2025-06-28","Wisconsin","All",,"0.12","0.04","0.01"
"2025-07-05","Arizona","All",,"0.61","0.1","0"
"2025-07-05","Arkansas","All",,"0.16","0.08","0.03"
"2025-07-05","Connecticut","All",,"0.37","0.04","0"
"2025-07-05","Georgia","All",,"0.33","0.06","0.02"
"2025-07-05","Hawaii","All",,"1.28","0.86","0.07"
"2025-07-05","Illinois","All",,"0.25","0.04","0"
"2025-07-05","Iowa","All",,"0.16","0.07","0"
"2025-07-05","Massachusetts","All",,"0.34","0.07","0.01"
"2025-07-05","Michigan","All",,"0.17","0.04","0.01"
"2025-07-05","Montana","All",,"0.44","0.09","0.01"
"2025-07-05","Nevada","All",,"0.38","0.11","0.01"
"2025-07-05","New York","All",,"0.28","0.05","0.01"
"2025-07-05","North Dakota","All",,"0.09","0.02","0"
"2025-07-05","Ohio","All",,"0.14","0.04","0"
"2025-07-05","Oregon","All",,"0.58","0.13","0.01"
"2025-07-12","Florida","All",,"1.6","0.32","0.06"
"2025-07-12","Georgia","All",,"0.36","0.05","0.02"
"2025-07-12","Iowa","All",,"0.23","0.03","0"
"2025-07-12","Maine","All",,"0.16","0.04","0.01"
"2025-07-12","Massachusetts","All",,"0.35","0.06","0.01"
"2025-07-12","Mississippi","All",,"0.67","0.13","0.01"
"2025-07-12","Nebraska","All",,"0.09","0.02","0"
"2025-07-12","Nevada","All",,"0.51","0.08","0.01"
"2025-07-12","New Jersey","All",,"0.4","0.1","0.01"
"2025-07-12","North Dakota","All",,"0.18","0.01","0.01"
"2025-07-12","Ohio","All",,"0.15","0.02","0.01"
"2025-07-12","South Carolina","All",,"0.4","0.09","0.01"
"2025-07-12","South Dakota","All",,"0.19","0.03","0.02"
"2025-07-12","United States","All",,"0.53","0.1","0.01"
"2025-07-19","Arizona","All",,"0.65","0.07","0.01"
"2025-07-19","Colorado","All",,"0.38","0.03","0"
"2025-07-19","Connecticut","All",,"0.41","0.03","0.01"
"2025-07-19","Indiana","All",,"0.28","0.03","0"
"2025-07-19","Louisiana","All",,"1.06","0.11","0.01"
"2025-07-19","Michigan","All",,"0.19","0.03","0"
"2025-07-19","Mississippi","All",,"0.78","0.19","0.01"
"2025-07-19","Nebraska","All",,"0.15","0.05","0.01"
"2025-07-19","New Jersey","All",,"0.43","0.07","0.01"
"2025-07-19","Rhode Island","All",,"0.27","0.05","0"
"2025-07-19","South Carolina","All",,"0.54","0.05","0.01"
"2025-07-19","West Virginia","All",,"0.23","0.01","0.03"
"2025-07-19","Wyoming","All",,"0.27","0.05","0"
"2025-07-26","California","All",,"0.93","0.1","0.01"
"2025-07-26","Florida","All",,"1.99","0.27","0.07"
"2025-07-26","Louisiana","All",,"1.31","0.11","0.01"
"2025-07-26","Maryland","All",,"0.68","0.07","0.02"
"2025-07-26","Missouri","All",,"0.39","0.04","0.01"
"2025-07-26","Nevada","All",,"0.56","0.12","0.01"
"2025-07-26","New Mexico","All",,"0.52","0.03","0"
"2025-07-26","Virginia","All",,"0.72","0.07","0.01"
"2025-08-02","Arkansas","All",,"0.37","0.02","0"
"2025-08-02","Connecticut","All",,"0.58","0.04","0"
"2025-08-02","Florida","All",,"2.33","0.26","0.07"
"2025-08-02","Georgia","All",,"0.83","0.05","0.02"
"2025-08-02","Idaho","All",,"0.54","0.08","0.01"
"2025-08-02","Kentucky","All",,"0.77","0.06","0.02"
"2025-08-02","Nevada","All",,"0.7","0.1","0.01"
"2025-08-02","New Hampshire","All",,"0.37","0.09","0.01"
"2025-08-02","New York","All",,"0.47","0.03","0.01"
"2025-08-02","South Dakota","All",,"0.37","0.02","0"
"2025-08-02","Tennessee","All",,"0.54","0.09","0.01"
"2025-08-02","Vermont","All",,"0.37","0.02","0"
"2025-08-02","West Virginia","All",,"0.36","0.03","0.03"
"2025-08-02","Wisconsin","All",,"0.34","0.03","0"
"2025-08-09","District of Columbia","All",,"0.82","0.04","0.04"
"2025-08-09","Florida","All",,"2.37","0.25","0.06"
"2025-08-09","Georgia","All",,"1.07","0.07","0.03"
"2025-08-09","Hawaii","All",,"3.49","0.41","0.07"
"2025-08-09","Idaho","All",,"0.62","0.09","0"
"2025-08-09","Indiana","All",,"0.64","0.04","0.01"
"2025-08-09","Kansas","All",,"0.47","0.04","0"
"2025-08-09","Maine","All",,"0.3","0.06","0.01"
"2025-08-09","Maryland","All",,"1","0.06","0.03"
"2025-08-09","New Hampshire","All",,"0.4","0.03","0"
"2025-08-09","North Dakota","All",,"0.2","0.02","0.05"
"2025-08-09","Oklahoma","All",,"0.46","0.02","0.01"
"2025-08-09","South Dakota","All",,"0.58","0.02","0"
"2025-08-09","Utah","All",,"1.22","0.1","0"
"2025-08-09","Washington","All",,"1.15","0.09","0"
"2025-08-09","West Virginia","All",,"0.55","0.03","0"
"2025-08-16","California","All",,"1.7","0.09","0.01"
"2025-08-16","District of Columbia","All",,"1.09","0.07","0.06"
"2025-08-16","Florida","All",,"2.57","0.23","0.06"
"2025-08-16","Georgia","All",,"1.44","0.08","0.02"
"2025-08-16","Indiana","All",,"0.77","0.03","0.01"
"2025-08-16","Maryland","All",,"1.18","0.07","0.01"
"2025-08-16","Massachusetts","All",,"0.85","0.04","0"
"2025-08-16","Pennsylvania","All",,"0.53","0.03","0.01"
"2025-08-16","Texas","All",,"2.22","0.18","0.02"
"2025-08-16","Utah","All",,"1.48","0.06","0"
"2025-08-16","Vermont","All",,"0.39","0","0"
"2025-08-23","Arizona","All",,"1.48","0.09","0"
"2025-08-23","Colorado","All",,"1.08","0.04","0.01"
"2025-08-23","Hawaii","All",,"3.49","0.42","0.04"
"2025-08-23","Idaho","All",,"1.14","0.1","0.03"
"2025-08-23","Illinois","All",,"0.74","0.04","0.01"
"2025-08-23","Massachusetts","All",,"0.9","0.05","0.01"
"2025-08-23","Michigan","All",,"0.48","0.02","0"
"2025-08-23","Minnesota","All",,"0.66","0.09","0.02"
"2025-08-23","Mississippi","All",,"2.38","0.28","0.02"
"2025-08-23","Montana","All",,"0.44","0.04","0.01"
"2025-08-23","Nebraska","All",,"0.54","0.05","0.02"
"2025-08-23","Nevada","All",,"1.54","0.14","0.01"
"2025-08-23","New Mexico","All",,"1.44","0.08","0.01"
"2025-08-23","North Carolina","All",,"2.11","0.66","0.02"
"2025-08-23","South Carolina","All",,"2.28","0.09","0"
"2025-08-23","Texas","All",,"2.97","0.2","0.03"
"2025-08-23","West Virginia","All",,"0.93","0.03","0.02"
"2025-08-30","Alaska","All",,"1.24","0.22","0"
"2025-08-30","Delaware","All",,"0.86","0.05","0.03"
"2025-08-30","Mississippi","All",,"1.88","0.26","0.02"
"2025-08-30","New Mexico","All",,"1.28","0.05","0.02"
"2025-08-30","Oregon","All",,"1.42","0.05","0"
"2025-08-30","Utah","All",,"1.67","0.08","0"
"2025-08-30","Wyoming","All",,"1.07","0.05","0.03"
"2025-09-06","Arkansas","All",,"1.59","0.05","0.01"
"2025-09-06","Georgia","All",,"1.36","0.13","0.03"
"2025-09-06","Illinois","All",,"1","0.06","0.02"
"2025-09-06","Indiana","All",,"0.85","0.06","0.01"
"2025-09-06","Massachusetts","All",,"1.11","0.06","0.02"
"2025-09-06","North Carolina","All",,"2.7","1.05","0.03"
"2025-09-06","South Dakota","All",,"0.77","0.02","0.02"
"2025-09-06","United States","All",,"1.55","0.16","0.03"
"2025-09-06","Washington","All",,"1.76","0.1","0.01"
"2025-09-06","West Virginia","All",,"1.43","0.04","0"
"2025-09-06","Wisconsin","All",,"0.9","0.04","0.01"
"2025-09-06","Wyoming","All",,"1.26","0.08","0.03"
"2025-09-13","California","All",,"1.72","0.13","0.01"
"2025-09-13","Colorado","All",,"0.86","0.09","0"
"2025-09-13","Mississippi","All",,"1.5","0.17","0.01"
"2025-09-13","Nebraska","All",,"0.57","0.06","0.01"
"2025-09-13","New Hampshire","All",,"0.81","0.08","0"
"2025-09-13","North Carolina","All",,"2.31","1.09","0.02"
"2025-09-13","North Dakota","All",,"0.43","0.01","0"
"2025-09-13","Ohio","All",,"0.85","0.05","0"
"2025-09-13","United States","All",,"1.27","0.16","0.03"
"2025-09-13","Utah","All",,"1.15","0.07","0.02"
"2025-09-13","Vermont","All",,"0.87","0.02","0"
"2025-09-13","West Virginia","All",,"1.54","0.05","0.03"
"2025-09-13","Wisconsin","All",,"1.05","0.06","0.01"
"2025-09-13","Wyoming","All",,"1.27","0.05","0"
"2025-09-20","Arizona","All",,"0.81","0.08","0.01"
"2025-09-20","California","All",,"1.36","0.13","0.01"
"2025-09-20","Delaware","All",,"1.29","0.05","0.02"
"2025-09-20","District of Columbia","All",,"0.75","0.04","0.04"
"2025-09-20","Maryland","All",,"1.05","0.08","0.03"
"2025-09-20","Massachusetts","All",,"1.02","0.07","0.02"
"2025-09-20","Montana","All",,"0.81","0.02","0"
"2025-09-20","New Mexico","All",,"0.87","0.13","0"
"2025-09-20","North Carolina","All",,"1.69","0.81","0.03"
"2025-09-20","Oklahoma","All",,"0.78","0.08","0.01"
"2025-09-20","Pennsylvania","All",,"0.74","0.07","0.01"
"2025-09-20","United States","All",,"1.02","0.15","0.03"
"2025-09-20","Virginia","All",,"1.05","0.11","0.04"
"2025-09-27","Alabama","All",,"0.71","0.19","0.1"
"2025-09-27","Arkansas","All",,"0.76","0.11","0.08"
"2025-09-27","Colorado","All",,"0.63","0.1","0.02"
"2025-09-27","Delaware","All",,"0.81","0.04","0.04"
"2025-09-27","Hawaii","All",,"0.84","0.26","0.07"
"2025-09-27","Iowa","All",,"0.75","0.04","0.01"
"2025-09-27","Kansas","All",,"0.54","0.12","0.02"
"2025-09-27","Kentucky","All",,"0.72","0.16","0.04"
"2025-09-27","Missouri","All",,"0.59","0.1","0.03"
"2025-09-27","New Hampshire","All",,"0.81","0.19","0"
"2025-09-27","Oklahoma","All",,"0.55","0.08","0.01"
"2025-09-27","Pennsylvania","All",,"0.57","0.07","0.01"
"2025-09-27","United States","All",,"0.77","0.16","0.04"
"2025-09-27","Wyoming","All",,"1.06","0.03","0.03"
"2025-10-04","Connecticut","All",,"0.82","0.06","0.02"
"2025-10-04","District of Columbia","All",,"0.25","0.13","0.09"
"2025-10-04","Maryland","All",,"0.65","0.11","0.05"
"2025-10-04","Massachusetts","All",,"0.71","0.06","0.02"
"2025-10-04","Michigan","All",,"0.48","0.04","0.01"
"2025-10-04","Minnesota","All",,"0.53","0.11","0.02"
"2025-10-04","Nevada","All",,"0.52","0.13","0.02"
"2025-10-04","Ohio","All",,"0.32","0.08","0.01"
"2025-10-04","South Dakota","All",,"0.42","0.05","0"
"2025-10-04","Tennessee","All",,"0.54","0.16","0.04"
"2025-10-04","Texas","All",,"0.57","0.28","0.06"
"2025-10-04","West Virginia","All",,"0.56","0.06","0.03"
"2025-10-04","Wisconsin","All",,"0.5","0.08","0"
"2025-10-11","Arkansas","All",,"0.53","0.05","0.14"
"2025-10-11","Connecticut","All",,"0.56","0.08","0.01"
"2025-10-11","Illinois","All",,"0.33","0.1","0.02"
"2025-10-11","Kansas","All",,"0.28","0.14","0.03"
"2025-10-11","Louisiana","All",,"0.43","0.43","0.07"
"2025-10-11","Michigan","All",,"0.33","0.06","0.01"
"2025-10-11","Nebraska","All",,"0.22","0.03","0.01"
"2025-10-11","Nevada","All",,"0.44","0.15","0.02"
"2025-10-11","Pennsylvania","All",,"0.34","0.07","0.01"
"2025-10-11","Rhode Island","All",,"0.43","0.06","0.04"
"2025-10-11","Utah","All",,"0.38","0.15","0.01"
"2025-10-11","Virginia","All",,"0.41","0.11","0.08"
"2025-10-11","Washington","All",,"0.8","0.16","0.03"
"2025-10-18","California","All",,"0.33","0.14","0.03"
"2025-10-18","District of Columbia","All",,"0.29","0.12","0.01"
"2025-10-18","Idaho","All",,"0.7","0.12","0.02"
"2025-10-18","Indiana","All",,"0.31","0.1","0.03"
"2025-10-18","Louisiana","All",,"0.38","0.54","0.1"
"2025-10-18","Massachusetts","All",,"0.43","0.08","0.06"
"2025-10-18","Michigan","All",,"0.27","0.07","0.01"
"2025-10-18","Missouri","All",,"0.33","0.08","0.04"
"2025-10-18","Nebraska","All",,"0.18","0.01","0"
"2025-10-18","New Jersey","All",,"0.39","0.18","0.04"
"2025-10-18","North Carolina","All",,"0.46","0.64","0.04"
"2025-10-18","North Dakota","All",,"0.08","0","0"
"2025-10-18","Ohio","All",,"0.26","0.06","0.01"
"2025-10-18","Vermont","All",,"0.55","0.05","0"
"2025-10-18","Wisconsin","All",,"0.24","0.11","0.02"
"2025-10-25","Arizona","All",,"0.46","0.09","0.01"
"2025-10-25","California","All",,"0.28","0.16","0.03"
"2025-10-25","Colorado","All",,"0.31","0.17","0"
"2025-10-25","Idaho","All",,"0.58","0.07","0.02"
"2025-10-25","Illinois","All",,"0.3","0.11","0.04"
"2025-10-25","Iowa","All",,"0.29","0.06","0.04"
"2025-10-25","Maine","All",,"0.38","0.08","0.01"
"2025-10-25","Nevada","All",,"0.29","0.17","0.03"
"2025-10-25","New Hampshire","All",,"0.49","0.14","0.02"
"2025-10-25","North Dakota","All",,"0.16","0.05","0"
"2025-10-25","Ohio","All",,"0.21","0.06","0.02"
"2025-10-25","South Dakota","All",,"0.29","0.1","0.03"
"2025-10-25","United States","All",,"0.31","0.23","0.08"
"2025-10-25","Washington","All",,"0.48","0.24","0.03"
"2025-11-01","Massachusetts","All",,"0.42","0.14","0.08"
"2025-11-01","Minnesota","All",,"0.29","0.13","0.09"
"2025-11-01","Mississippi","All",,"0.49","0.31","0.05"
"2025-11-01","Montana","All",,"0.55","0.09","0"
"2025-11-01","New Hampshire","All",,"0.41","0.16","0.02"
"2025-11-01","North Dakota","All",,"0.18","0.07","0"
"2025-11-01","Oregon","All",,"0.51","0.12","0.03"
"2025-11-01","Texas","All",,"0.27","0.5","0.16"
"2025-11-01","United States","All",,"0.3","0.29","0.1"
"2025-11-01","Wyoming","All",,"0.24","0.31","0.03"
"2025-11-08","Connecticut","All",,"0.39","0.21","0.02"
"2025-11-08","Delaware","All",,"0.26","0.18","0.1"
"2025-11-08","Illinois","All",,"0.33","0.23","0.06"
"2025-11-08","Maine","All",,"0.35","0.18","0.02"
"2025-11-08","Missouri","All",,"0.38","0.2","0.07"
"2025-11-08","Nebraska","All",,"0.12","0.03","0"
"2025-11-08","Nevada","All",,"0.26","0.26","0.02"
"2025-11-08","New York","All",,"0.31","0.35","0.08"
"2025-11-08","North Carolina","All",,"0.29","0.99","0.13"
"2025-11-08","Oklahoma","All",,"0.21","0.13","0.03"
"2025-11-08","Oregon","All",,"0.42","0.22","0.02"
"2025-11-08","South Dakota","All",,"0.33","0.05","0"
"2025-11-08","Tennessee","All",,"0.52","0.33","0.11"
"2025-11-08","West Virginia","All",,"0.5","0.09","0.09"
"2025-11-08","Wyoming","All",,"0.66","0.21","0"
"2025-11-15","Arizona","All",,"0.52","0.3","0.02"
"2025-11-15","California","All",,"0.16","0.27","0.06"
"2025-11-15","Colorado","All",,"0.37","0.85","0.04"
"2025-11-15","Illinois","All",,"0.36","0.38","0.06"
"2025-11-15","Minnesota","All",,"0.35","0.35","0.08"
"2025-11-15","New Jersey","All",,"0.33","0.48","0.12"
"2025-11-15","North Carolina","All",,"0.32","1.2","0.17"
"2025-11-15","United States","All",,"0.34","0.6","0.15"
"2025-11-22","Alaska","All",,"0.3","0.57","0.04"
"2025-11-22","Arkansas","All",,"0.44","0.49","0.53"
"2025-11-22","California","All",,"0.13","0.28","0.06"
"2025-11-22","Georgia","All",,"0.21","0.9","0.29"
"2025-11-22","Hawaii","All",,"0.2","3.36","0.21"
"2025-11-22","Kansas","All",,"0.31","0.21","0.07"
"2025-11-22","Maryland","All",,"0.25","1.08","0.26"
"2025-11-22","Massachusetts","All",,"0.5","0.42","0.14"
"2025-11-22","Montana","All",,"0.58","0.38","0.02"
"2025-11-22","New Mexico","All",,"0.88","0.58","0.03"
"2025-11-22","Oklahoma","All",,"0.26","0.12","0.07"
"2025-11-22","South Dakota","All",,"0.59","0.03","0"
"2025-11-22","Tennessee","All",,"0.57","0.57","0.15"
"2025-11-22","Texas","All",,"0.27","2.22","0.36"
"2025-11-29","Arkansas","All",,"0.51","0.52","0.52"
"2025-11-29","California","All",,"0.11","0.4","0.1"
"2025-11-29","Idaho","All",,"0.51","1.49","0.06"
"2025-11-29","Maine","All",,"0.59","0.52","0"
"2025-11-29","Maryland","All",,"0.33","1.87","0.29"
"2025-11-29","Missouri","All",,"0.46","0.58","0.19"
"2025-11-29","New Mexico","All",,"0.99","1","0.03"
"2025-11-29","Ohio","All",,"0.57","0.69","0.1"
"2025-11-29","Oklahoma","All",,"0.34","0.24","0.17"
"2025-12-06","Alaska","All",,"0.27","2.31","0.19"
"2025-12-06","Arkansas","All",,"0.56","0.61","0.6"
"2025-12-06","Connecticut","All",,"0.71","2.84","0.13"
"2025-12-06","Georgia","All",,"0.22","1.32","0.38"
"2025-12-06","Kansas","All",,"0.44","0.5","0.1"
"2025-12-06","Maryland","All",,"0.33","2.34","0.39"
"2025-12-06","Massachusetts","All",,"0.7","1.42","0.23"
"2025-12-06","Michigan","All",,"0.68","1.25","0.1"
"2025-12-06","Minnesota","All",,"0.59","2.19","0.24"
"2025-12-06","Mississippi","All",,"0.66","1.01","0.21"
"2025-12-06","Montana","All",,"0.75","1.16","0.01"
"2025-12-06","Nevada","All",,"0.27","0.64","0.05"
"2025-12-06","New York","All",,"0.46","3.45","0.23"
"2025-12-06","Ohio","All",,"0.82","0.95","0.11"
"2025-12-06","Oregon","All",,"0.19","0.64","0.07"
"2025-12-06","Rhode Island","All",,"0.63","1.41","0.22"
"2025-12-06","Texas","All",,"0.32","2.32","0.5"
"2025-12-06","United States","All",,"0.44","1.66","0.28"
"2025-12-06","Vermont","All",,"0.82","0.55","0.02"
"2025-12-06","Virginia","All",,"0.37","1.58","0.44"
"2025-12-06","Wisconsin","All",,"0.48","0.96","0.07"
"2025-12-13","Alaska","All",,"0.45","3.02","0.26"
"2025-12-13","Arizona","All",,"0.41","1.1","0.04"
"2025-12-13","District of Columbia","All",,"0.16","3.81","0.33"
"2025-12-13","Idaho","All",,"0.53","2.48","0.11"
"2025-12-13","Indiana","All",,"1.01","2.13","0.28"
"2025-12-13","Missouri","All",,"0.68","1.27","0.37"
"2025-12-13","Pennsylvania","All",,"0.65","1.84","0.21"
"2025-12-13","Texas","All",,"0.35","4.15","0.56"
"2025-12-13","Utah","All",,"0.24","2.93","0.04"
"2025-12-13","Wyoming","All",,"0.64","1.8","0.12"
"2025-12-20","Alaska","All",,"0.27","7.44","0.49"
"2025-12-20","Connecticut","All",,"1.01","9.97","0.25"
"2025-12-20","Idaho","All",,"0.46","4.27","0.19"
"2025-12-20","Indiana","All",,"1.39","4.97","0.34"
"2025-12-20","New Hampshire","All",,"0.99","4.8","0.32"
"2025-12-20","North Dakota","All",,"0.7","4.22","0.08"
"2025-12-20","Ohio","All",,"1.2","4.79","0.25"
"2025-12-20","Pennsylvania","All",,"0.82","3.57","0.3"
"2025-12-20","South Dakota","All",,"0.82","1.31","0.1"
"2025-12-20","Tennessee","All",,"0.99","4.25","0.51"
"2025-12-20","Vermont","All",,"0.85","2.18","0.13"
"2025-12-20","West Virginia","All",,"1.57","2.19","0.37"
"2025-12-27","Florida","All",,"0.28","6.68","0.61"
"2025-12-27","Illinois","All",,"1.85","9.04","0.58"
"2025-12-27","Louisiana","All",,"0.43","10.52","0.71"
"2025-12-27","Maine","All",,"1.68","7.5","0.05"
"2025-12-27","Massachusetts","All",,"1.22","10.35","0.46"
"2025-12-27","New Hampshire","All",,"1.22","9.57","0.41"
"2025-12-27","New York","All",,"0.69","9.4","0.41"
"2025-12-27","North Dakota","All",,"1.37","8.3","0.11"
"2025-12-27","Ohio","All",,"1.79","8.7","0.39"
"2025-12-27","Oklahoma","All",,"1.18","4.31","0.43"
"2025-12-27","Oregon","All",,"0.23","2.24","0.24"
"2025-12-27","Tennessee","All",,"1.21","8.6","0.7"
"2025-12-27","Wyoming","All",,"1.01","7.15","0.21"
"2026-01-03","Arkansas","All",,"1.01","4.95","0.87"
"2026-01-03","Delaware","All",,"1.12","7.45","1.44"
"2026-01-03","District of Columbia","All",,"0.43","7.6","0.67"
"2026-01-03","Indiana","All",,"2","6.33","0.46"
"2026-01-03","Iowa","All",,"2.09","7.02","0.48"
"2026-01-03","Maine","All",,"1.85","7.55","0.09"
"2026-01-03","Minnesota","All",,"1.38","10.13","0.46"
"2026-01-03","New York","All",,"0.71","6.56","0.46"
"2026-01-03","Pennsylvania","All",,"1.46","6.39","0.49"
"2026-01-03","Rhode Island","All",,"1.31","7.63","0.67"
"2026-01-03","South Dakota","All",,"1.99","5.53","0.1"
"2026-01-03","West Virginia","All",,"2.96","4.96","0.91"
"2026-01-03","Wisconsin","All",,"1.66","8.23","0.23"
"2026-01-03","Wyoming","All",,"0.91","6.09","0.19"
"2026-01-10","Alabama","All",,"0.49","4.4","0.48"
"2026-01-10","Alaska","All",,"0.46","6.72","0.46"
"2026-01-10","Iowa","All",,"1.76","5.29","0.43"
"2026-01-10","Kansas","All",,"1.17","4.28","0.32"
"2026-01-10","Maryland","All",,"0.81","5.17","0.74"
"2026-01-10","Massachusetts","All",,"1.13","5.67","0.55"
"2026-01-10","Minnesota","All",,"1.16","6.07","0.4"
"2026-01-10","Mississippi","All",,"0.78","2.57","0.53"
"2026-01-10","Nevada","All",,"0.27","2.77","0.2"
"2026-01-10","New Jersey","All",,"0.75","5.19","0.57"
"2026-01-10","Ohio","All",,"1.63","4.4","0.36"
"2026-01-10","South Dakota","All",,"1.44","4.31","0.18"
"2026-01-10","Texas","All",,"0.36","3.91","0.57"
"2026-01-10","Wisconsin","All",,"1.57","5.24","0.27"
"2026-01-17","Alabama","All",,"0.43","3.44","0.44"
"2026-01-17","Arkansas","All",,"0.6","3.12","1.12"
"2026-01-17","Colorado","All",,"0.67","2.67","0.34"
"2026-01-17","Delaware","All",,"0.74","4.44","1.21"
"2026-01-17","Florida","All",,"0.32","3.88","0.42"
"2026-01-17","Indiana","All",,"1.41","2.93","0.45"
"2026-01-17","Kansas","All",,"1.01","4.4","0.36"
"2026-01-17","Minnesota","All",,"1.08","4.38","0.42"
"2026-01-17","New Hampshire","All",,"1.28","4.85","0.61"
"2026-01-17","New York","All",,"0.56","1.92","0.42"
"2026-01-17","Ohio","All",,"1.36","3.48","0.37"
"2026-01-17","Oklahoma","All",,"1.04","2.49","0.49"
"2026-01-17","Tennessee","All",,"0.62","2.67","0.62"
"2026-01-17","Texas","All",,"0.34","3.4","0.56"
"2026-01-17","Virginia","All",,"0.71","3.97","0.53"
"2026-01-24","Alabama","All",,"0.47","4.97","0.44"
"2026-01-24","Alaska","All",,"0.29","4.62","0.59"
"2026-01-24","Colorado","All",,"0.66","2.17","0.47"
"2026-01-24","District of Columbia","All",,"0.42","2.05","0.56"
"2026-01-24","Florida","All",,"0.29","4.13","0.36"
"2026-01-24","Kansas","All",,"0.86","5.46","0.51"
"2026-01-24","Minnesota","All",,"0.98","3.57","0.5"
"2026-01-24","Oklahoma","All",,"1.07","4.33","0.67"
"2026-01-31","Hawaii","All",,"0.16","2.1","0.58"
"2026-01-31","Kansas","All",,"0.8","4.96","0.46"
"2026-01-31","Nebraska","All",,"0.83","2.91","0.17"
"2026-01-31","New Hampshire","All",,"0.99","2.86","0.8"
"2026-01-31","New York","All",,"0.52","0.92","0.5"
"2026-01-31","South Carolina","All",,"0.53","3.54","0.39"
"2026-01-31","Tennessee","All",,"0.71","4.31","0.76"
"2026-01-31","Vermont","All",,"0.92","3.77","0.48"
"2026-01-31","West Virginia","All",,"1.97","4.78","0.71"
"2026-02-07","Alaska","All",,"0.3","3.16","0.8"
"2026-02-07","Arizona","All",,"0.37","3.77","0.27"
"2026-02-07","California","All",,"0.16","4.56","0.49"
"2026-02-07","Indiana","All",,"1.09","2.61","0.46"
"2026-02-07","Louisiana","All",,"0.43","4.97","0.52"
"2026-02-07","Maine","All",,"1.22","2.54","0.26"
"2026-02-07","New Mexico","All",,"0.93","3.57","0.79"
"2026-02-07","New York","All",,"0.52","0.76","0.47"
"2026-02-07","North Carolina","All",,"0.49","3","0.76"
"2026-02-07","South Carolina","All",,"0.6","3.58","0.29"
"2026-02-07","Tennessee","All",,"0.53","2.83","0.54"
"2026-02-07","Utah","All",,"0.32","3.2","0.75"
"2026-02-07","Virginia","All",,"0.61","2.11","0.37"
"2026-02-07","West Virginia","All",,"1.32","2.93","0.58"
"2026-02-14","Alaska","All",,"0.49","2.78","1.06"
"2026-02-14","Georgia","All",,"0.46","2.8","0.44"
"2026-02-14","Iowa","All",,"1.22","4.77","1.08"
"2026-02-14","Kentucky","All",,"0.92","2.81","0.66"
"2026-02-14","Maine","All",,"1.18","2.4","0.25"
"2026-02-14","Maryland","All",,"0.6","1.03","0.54"
"2026-02-14","Massachusetts","All",,"0.7","1.44","0.87"
"2026-02-14","Montana","All",,"0.84","3.5","0.46"
"2026-02-14","Oklahoma","All",,"1.15","4.26","0.88"
"2026-02-14","South Carolina","All",,"0.56","3.26","0.28"
"2026-02-14","Virginia","All",,"0.68","2","0.3"
"2026-02-14","West Virginia","All",,"1.14","3.02","0.73"
"2026-02-21","District of Columbia","All",,"0.4","0.92","0.44"
"2026-02-21","Florida","All",,"0.32","4.85","0.31"
"2026-02-21","Louisiana","All",,"0.47","3.81","0.52"
"2026-02-21","Maryland","All",,"0.72","1.28","0.55"
"2026-02-21","Minnesota","All",,"0.9","2.4","0.83"
"2026-02-21","Mississippi","All",,"0.86","4.67","0.53"
"2026-02-21","Nevada","All",,"0.19","1.98","0.73"
"2026-02-21","New Hampshire","All",,"0.99","2.69","1.01"
"2026-02-21","New Mexico","All",,"0.62","3.59","1.09"
"2026-02-21","Ohio","All",,"0.85","4.19","0.54"
"2026-02-21","Oklahoma","All",,"1.26","3.62","1.07"
"2026-02-21","Rhode Island","All",,"0.55","1.51","0.73"
"2026-02-21","Virginia","All",,"0.73","2.45","0.39"
"2026-02-21","West Virginia","All",,"1.08","3.53","1.04"
"2026-02-21","Wisconsin","All",,"1.14","3.3","0.79"
"2026-02-28","Alaska","All",,"0.49","2.21","0.88"
"2026-02-28","California","All",,"0.12","2.72","0.46"
"2026-02-28","Idaho","All",,"0.44","2.95","0.8"
"2026-02-28","Illinois","All",,"0.81","2.31","0.94"
"2026-02-28","Indiana","All",,"0.75","3.53","0.67"
"2026-02-28","Kansas","All",,"0.56","3.27","0.74"
"2026-02-28","Kentucky","All",,"1.08","3.76","0.63"
"2026-02-28","Louisiana","All",,"0.45","2.52","0.46"
"2026-02-28","Maine","All",,"0.95","1.71","0.5"
"2026-02-28","Missouri","All",,"0.72","4.11","1"
"2026-02-28","Nebraska","All",,"0.6","2.64","0.53"
"2026-02-28","New Jersey","All",,"0.6","2.25","0.67"
"2026-02-28","West Virginia","All",,"0.85","3.48","1.4"
"2026-03-07","Colorado","All",,"0.47","2.41","1.09"
"2026-03-07","Illinois","All",,"0.67","2.49","0.89"
"2026-03-07","Kentucky","All",,"1.1","4.63","0.68"
"2026-03-07","Maine","All",,"0.7","1.62","0.49"
"2026-03-07","Montana","All",,"0.45","1.97","0.73"
"2026-03-07","North Carolina","All",,"0.73","3.05","0.72"
"2026-03-07","North Dakota","All",,"0.7","2.26","0.91"
"2026-03-07","Oklahoma","All",,"0.78","2.7","0.79"
"2026-03-07","Rhode Island","All",,"0.35","0.86","0.52"
"2026-03-07","South Dakota","All",,"0.81","2.7","1.08"
"2026-03-14","Arkansas","All",,"0.69","3.01","1.01"
"2026-03-14","Hawaii","All",,"0.19","2.5","0.37"
"2026-03-14","Idaho","All",,"0.48","2.14","0.72"
"2026-03-14","Nebraska","All",,"0.37","1.94","0.89"
"2026-03-14","Utah","All",,"0.19","1.08","0.92"
"2026-03-14","Virginia","All",,"0.81","2.12","0.32"
"2026-03-14","Washington","All",,"0.21","1.73","0.67"
"2026-03-21","Alabama","All",,"0.31","1.73","0.27"
"2026-03-21","Indiana","All",,"0.29","2.23","0.57"
"2026-03-21","Kansas","All",,"0.46","1.31","0.68"
"2026-03-21","Kentucky","All",,"0.6","2.21","0.64"
"2026-03-21","Maine","All",,"0.26","1.56","0.68"
"2026-03-21","Massachusetts","All",,"0.4","1.66","0.64"
"2026-03-21","Nebraska","All",,"0.18","1.34","0.66"
"2026-03-21","New York","All",,"0.4","1.08","0.38"
"2026-03-21","Oregon","All",,"0.13","1.39","0.58"
"2026-03-21","South Carolina","All",,"0.45","1.12","0.2"
"2026-03-21","West Virginia","All",,"0.61","2.27","1.31"
"2026-03-28","California","All",,"0.08","1.18","0.29"
"2026-03-28","District of Columbia","All",,"0.2","1.38","0.17"
"2026-03-28","Indiana","All",,"0.28","1.61","0.59"
"2026-03-28","Kansas","All",,"0.31","0.71","0.52"
"2026-03-28","Maine","All",,"0.24","1.58","0.65"
"2026-03-28","Minnesota","All",,"0.42","1.94","0.66"
"2026-03-28","Mississippi","All",,"0.34","1.23","0.28"
"2026-03-28","New Mexico","All",,"0.28","2.08","0.8"
"2026-03-28","New York","All",,"0.41","1.19","0.33"
"2026-03-28","South Dakota","All",,"0.25","1.73","1.04"
"2026-03-28","Tennessee","All",,"0.33","1.33","0.35"
"2026-03-28","Virginia","All",,"0.62","1.5","0.23"
"2026-03-28","Washington","All",,"0.17","1.59","0.55"
"2026-04-04","Alabama","All",,"0.33","0.97","0.19"
"2026-04-04","California","All",,"0.07","0.88","0.27"
"2026-04-04","Colorado","All",,"0.17","1.42","0.49"
"2026-04-04","Delaware","All",,"0.67","1.47","0.38"
"2026-04-04","District of Columbia","All",,"0.27","1.08","0.13"
"2026-04-04","Indiana","All",,"0.21","1.05","0.45"
"2026-04-04","Kentucky","All",,"0.39","1.4","0.45"
"2026-04-04","Minnesota","All",,"0.4","1.6","0.56"
"2026-04-04","Mississippi","All",,"0.25","1.05","0.28"
"2026-04-04","Montana","All",,"0.11","0.89","0.79"
"2026-04-04","United States","All",,"0.28","1.09","0.35"
"2026-04-04","Utah","All",,"0.17","0.54","0.58"
"2026-04-04","Wisconsin","All",,"0.22","1.46","0.68"
"2026-04-11","Arizona","All",,"0.15","0.95","0.23"
"2026-04-11","Arkansas","All",,"0.29","0.47","0.46"
"2026-04-11","Colorado","All",,"0.2","1.09","0.31"
"2026-04-11","District of Columbia","All",,"0.38","0.66","0.13"
"2026-04-11","Idaho","All",,"0.28","0.68","0.38"
"2026-04-11","Mississippi","All",,"0.29","0.81","0.16"
"2026-04-11","Nevada","All",,"0.14","0.89","0.23"
"2026-04-11","New Jersey","All",,"0.37","1.07","0.26"
"2026-04-11","New York","All",,"0.32","0.83","0.23"
"2026-04-11","Pennsylvania","All",,"0.22","0.8","0.24"
"2026-04-11","Rhode Island","All",,"0.17","1.17","0.28"
"2026-04-11","South Carolina","All",,"0.34","0.62","0.18"
"2026-04-11","Utah","All",,"0.18","0.5","0.54"
"2026-04-11","Washington","All",,"0.18","1.66","0.42"
"2026-04-18","California","All",,"0.07","0.55","0.14"
"2026-04-18","Florida","All",,"0.18","0.67","0.18"
"2026-04-18","Hawaii","All",,"0.14","2.48","0.28"
"2026-04-18","Illinois","All",,"0.13","0.48","0.32"
"2026-04-18","Kentucky","All",,"0.2","0.4","0.34"
"2026-04-18","Maine","All",,"0.18","0.86","0.66"
"2026-04-18","Michigan","All",,"0.14","0.33","0.44"
"2026-04-18","Minnesota","All",,"0.26","0.82","0.44"
"2026-04-18","Nevada","All",,"0.1","0.74","0.19"
"2026-04-18","North Dakota","All",,"0.25","1.28","0.71"
"2026-04-18","Oklahoma","All",,"0.17","0.23","0.21"
"2026-04-18","Rhode Island","All",,"0.15","0.79","0.23"
"2026-04-18","South Carolina","All",,"0.3","0.37","0.09"
"2026-04-18","Texas","All",,"0.19","0.54","0.14"
"2026-04-25","Alaska","All",,"0.22","0.98","0.19"
"2026-04-25","Arkansas","All",,"0.22","0.32","0.26"
"2026-04-25","California","All",,"0.07","0.53","0.12"
"2026-04-25","Colorado","All",,"0.15","0.78","0.25"
"2026-04-25","Delaware","All",,"0.13","0.21","0.25"
"2026-04-25","Florida","All",,"0.2","0.55","0.15"
"2026-04-25","Kansas","All",,"0.1","0.15","0.15"
"2026-04-25","Maryland","All",,"0.23","0.36","0.13"
"2026-04-25","Massachusetts","All",,"0.19","0.56","0.26"
"2026-04-25","Nebraska","All",,"0.12","0.33","0.39"
"2026-04-25","Nevada","All",,"0.09","0.96","0.14"
"2026-04-25","South Dakota","All",,"0.31","0.39","0.9"
"2026-04-25","Virginia","All",,"0.22","0.35","0.12"
"2026-04-25","Washington","All",,"0.13","0.92","0.23"
"2026-04-25","Wisconsin","All",,"0.11","0.35","0.28"
"2026-05-02","Arkansas","All",,"0.18","0.29","0.27"
"2026-05-02","Connecticut","All",,"0.16","0.32","0.08"
"2026-05-02","District of Columbia","All",,"0.07","0.38","0.09"
"2026-05-02","Florida","All",,"0.2","0.43","0.13"
"2026-05-02","Georgia","All",,"0.11","0.21","0.06"
"2026-05-02","Hawaii","All",,"0.15","2.04","0.35"
"2026-05-02","Iowa","All",,"0.08","0.17","0.26"
"2026-05-02","Kansas","All",,"0.11","0.08","0.11"
"2026-05-02","Kentucky","All",,"0.13","0.18","0.2"
"2026-05-02","New Mexico","All",,"0.08","0.54","0.18"
"2026-05-02","New York","All",,"0.16","0.27","0.09"
"2026-05-02","Ohio","All",,"0.06","0.11","0.1"
"2026-05-02","Oregon","All",,"0.09","0.48","0.2"
"2026-05-02","Tennessee","All",,"0.21","0.31","0.17"
"2026-05-02","United States","All",,"0.14","0.36","0.14"
"2026-05-02","Utah","All",,"0.1","0.21","0.2"
"2026-05-02","Virginia","All",,"0.2","0.28","0.13"
"2026-05-09","Alaska","All",,"0.14","0.21","0.17"
"2026-05-09","Connecticut","All",,"0.16","0.3","0.06"
"2026-05-09","District of Columbia","All",,"0.09","0.22","0.04"
"2026-05-09","Illinois","All",,"0.07","0.15","0.1"
"2026-05-09","Indiana","All",,"0.04","0.08","0.14"
"2026-05-09","Kansas","All",,"0.07","0.08","0.07"
"2026-05-09","Kentucky","All",,"0.14","0.17","0.25"
"2026-05-09","Massachusetts","All",,"0.11","0.29","0.11"
"2026-05-09","Mississippi","All",,"0.18","0.31","0.11"
"2026-05-09","New York","All",,"0.15","0.27","0.06"
"2026-05-09","North Carolina","All",,"0.21","0.7","0.13"
"2026-05-09","Oklahoma","All",,"0.06","0.15","0.09"
"2026-05-09","Pennsylvania","All",,"0.09","0.18","0.05"
"2026-05-09","Rhode Island","All",,"0.07","0.22","0.09"
"2026-05-09","South Carolina","All",,"0.14","0.22","0.05"
"2026-05-09","Vermont","All",,"0.07","0.18","0.28"
"2026-05-09","Virginia","All",,"0.18","0.25","0.12"
"2026-05-16","Alaska","All",,"0.15","0.23","0.08"
"2026-05-16","California","All",,"0.07","0.36","0.04"
"2026-05-16","Florida","All",,"0.21","0.38","0.09"
"2026-05-16","Kansas","All",,"0.08","0.08","0.06"
"2026-05-16","Louisiana","All",,"0.31","0.15","0.07"
"2026-05-16","Maine","All",,"0.04","0.18","0.12"
"2026-05-16","Massachusetts","All",,"0.11","0.18","0.08"
"2026-05-16","Minnesota","All",,"0.13","0.26","0.13"
"2026-05-16","Nevada","All",,"0.14","0.86","0.12"
"2026-05-16","New Hampshire","All",,"0.09","0.29","0.05"
"2026-05-16","Oklahoma","All",,"0.08","0.13","0.08"
"2026-05-16","Wyoming","All",,"0.46","0.59","0.17"
"2026-05-23","Alaska","All",,"0.1","0.28","0.12"
"2026-05-23","Colorado","All",,"0.05","0.28","0.07"
"2026-05-23","District of Columbia","All",,"0.04","0.1","0.07"
"2026-05-23","Florida","All",,"0.23","0.34","0.1"
"2026-05-23","Hawaii","All",,"0.22","1.87","0.26"
"2026-05-23","Idaho","All",,"0.16","0.23","0.03"
"2026-05-23","Indiana","All",,"0.05","0.06","0.07"
"2026-05-23","Kansas","All",,"0.08","0.03","0.05"
"2026-05-23","Kentucky","All",,"0.11","0.1","0.12"
"2026-05-23","Michigan","All",,"0.05","0.05","0.09"
"2026-05-23","Minnesota","All",,"0.07","0.19","0.11"
"2026-05-23","Nevada","All",,"0.09","0.65","0.05"
"2026-05-23","New Mexico","All",,"0.07","0.32","0.09"
"2026-05-23","North Dakota","All",,"0.02","0.27","0.36"
"2026-05-23","Oklahoma","All",,"0.08","0.07","0.06"
"2026-05-23","Pennsylvania","All",,"0.09","0.11","0.04"
"2026-05-23","South Carolina","All",,"0.15","0.16","0.04"
"2026-05-23","South Dakota","All",,"0.2","0.22","0.23"
"2026-05-23","United States","All",,"0.12","0.24","0.07"
"2026-05-23","Virginia","All",,"0.12","0.16","0.07"
"2026-05-23","West Virginia","All",,"0.09","0.17","0.27"
"2026-05-30","Arkansas","All",,"0.09","0.1","0.11"
"2026-05-30","Colorado","All",,"0.08","0.15","0.06"
"2026-05-30","Maryland","All",,"0.07","0.14","0.04"
"2026-05-30","Michigan","All",,"0.05","0.07","0.05"
"2026-05-30","Ohio","All",,"0.03","0.04","0.03"
"2026-05-30","Rhode Island","All",,"0.07","0.09","0"
"2026-05-30","Virginia","All",,"0.13","0.14","0.09"
"2026-05-30","Wisconsin","All",,"0.03","0.06","0.08"
"2026-06-06","Arkansas","All",,"0.06","0.08","0.06"
"2026-06-06","Delaware","All",,"0.05","0.04","0.04"
"2026-06-06","Georgia","All",,"0.12","0.08","0.03"
"2026-06-06","Hawaii","All",,"0.1","1.29","0.12"
"2026-06-06","Idaho","All",,"0.18","0.13","0.03"
"2026-06-06","Iowa","All",,"0","0","1.12"
"2026-06-06","Kansas","All",,"0.05","0.06","0.02"
"2026-06-06","Minnesota","All",,"0.06","0.08","0.07"
"2026-06-06","Mississippi","All",,"0.14","0.2","0.08"
"2026-06-06","Nebraska","All",,"0.02","0.01","0.06"
"2026-06-06","New Jersey","All",,"0.1","0.11","0.02"
"2026-06-06","United States","All",,"0.1","0.17","0.05"
"2026-06-06","Wyoming","All",,"0.4","0.54","0.08"
"2026-06-13","Alabama","All",,"0.13","0.12","0.07"
"2026-06-13","California","All",,"0.07","0.33","0.02"
"2026-06-13","Delaware","All",,"0.06","0.03","0.02"
"2026-06-13","Florida","All",,"0.28","0.22","0.09"
"2026-06-13","Illinois","All",,"0.04","0.04","0.02"
"2026-06-13","Indiana","All",,"0.04","0.03","0.03"
"2026-06-13","Iowa","All",,"0","0","0"
"2026-06-13","Massachusetts","All",,"0.05","0.06","0.04"
"2026-06-13","Michigan","All",,"0.02","0.03","0.04"
"2026-06-13","Montana","All",,"0.02","0.02","0.08"
"2026-06-13","Rhode Island","All",,"0.06","0.05","0.02"
"2026-06-13","Texas","All",,"0.16","0.2","0.05"
"2026-06-13","Utah","All",,"0.04","0.06","0.03"
"2026-06-20","Hawaii","All",,"0.15","0.71","0.14"
"2026-06-20","Kansas","All",,"0.06","0.04","0.04"
"2026-06-20","Maryland","All",,"0.05","0.07","0.03"
"2026-06-20","Montana","All",,"0","0.05","0.02"
"2026-06-20","Nevada","All",,"0.12","0.3","0.02"
"2026-06-20","Ohio","All",,"0.03","0.02","0.01"
"2026-06-20","Tennessee","All",,"0.11","0.14","0.05"
"2026-06-20","Virginia","All",,"0.09","0.08","0.04"
"2026-06-27","Colorado","All",,"0.04","0.04","0.01"
"2026-06-27","Connecticut","All",,"0.12","0.03","0.01"
"2026-06-27","Maine","All",,"0.01","0.11","0.04"
"2026-06-27","Maryland","All",,"0.06","0.05","0.01"
"2026-06-27","Michigan","All",,"0.04","0.03","0.02"
"2026-06-27","Mississippi","All",,"0.18","0.11","0.08"
"2026-06-27","Nevada","All",,"0.13","0.18","0.01"
"2026-06-27","New York","All",,"0.06","0.04","0.01"
"2026-06-27","Oklahoma","All",,"0.05","0.07","0.06"
"2026-06-27","Oregon","All",,"0.06","0.06","0.02"
"2026-06-27","Utah","All",,"0.05","0.05","0.03"
"2026-06-27","West Virginia","All",,"0.01","0.03","0.05"
"2026-07-04","Alabama","All",,"0.15","0.08","0.09"
"2026-07-04","Delaware","All",,"0.06","0.01","0.01"
"2026-07-04","Illinois","All",,"0.06","0.04","0.01"
"2026-07-04","Kansas","All",,"0.05","0.04","0.02"
"2026-07-04","Louisiana","All",,"0.3","0.09","0.03"
"2026-07-04","Michigan","All",,"0.03","0.04","0.01"
"2026-07-04","Mississippi","All",,"0.19","0.08","0.02"
"2026-07-04","New Jersey","All",,"0.1","0.07","0.02"
"2026-07-11","Florida","All",,"0.46","0.21","0.06"
"2026-07-11","Maine","All",,"0.02","0.06","0.03"
"2026-07-11","Montana","All",,"0.04","0.03","0"
"2026-07-11","New York","All",,"0.07","0.03","0.01"
"2026-07-11","Oregon","All",,"0.09","0.05","0.01"
"2026-07-18","Illinois","All",,"0.09","0.03","0.01"
"2026-07-18","Indiana","All",,"0.04","0.03","0"
"2026-07-18","Maine","All",,"0.04","0.08","0.03"
"2026-07-18","Mississippi","All",,"0.31","0.1","0.03"
"2026-07-18","New Hampshire","All",,"0.05","0.02","0.01"
"2026-07-18","New Mexico","All",,"0.1","0.06","0.01"
"2026-07-18","North Dakota","All",,"0.03","0.03","0.01"
"2026-07-18","Ohio","All",,"0.04","0.02","0.01"
"2026-07-18","Oregon","All",,"0.08","0.04","0.01"
"2026-07-18","United States","All",,"0.18","0.08","0.02"
"2026-07-25","Alabama","All",,"0.29","0.07","0.05"
"2026-07-25","Kansas","All",,"0.08","0.03","0.01"
"2026-07-25","Massachusetts","All",,"0.09","0.03","0.02"
"2026-07-25","Minnesota","All",,"0.06","0.03","0.02"
"2026-07-25","Mississippi","All",,"0.39","0.09","0.04"
"2026-07-25","North Carolina","All",,"0.2","0.24","0.02"
"2026-07-25","Rhode Island","All",,"0.08","0.04","0.01"
"2026-07-25","Texas","All",,"0.55","0.12","0.04"
"2026-07-25","Vermont","All",,"0.03","0","0.02"
"2026-07-25","Washington","All",,"0.15","0.07","0.01"
"2026-07-25","Wyoming","All",,"0.38","0.3","0.04"
"2026-08-01","Connecticut","All",,"0.16","0.02","0"
"2026-08-01","District of Columbia","All",,"0.09","0.06","0.02"
"2026-08-01","Indiana","All",,"0.1","0.01","0.01"
"2026-08-01","Iowa","All",,,,
"2026-08-01","Louisiana","All",,"0.54","0.07","0.02"
"2026-08-01","Michigan","All",,"0.05","0.01","0"
"2026-08-01","Missouri","All",,"0.13","0.06","0.01"
"2026-08-01","New York","All",,"0.17","0.04","0.01"
"2026-08-01","North Dakota","All",,"0.03","0.01","0"
"2026-08-01","Oklahoma","All",,"0.13","0.05","0.05"
"2026-08-01","Oregon","All",,"0.19","0.02","0.01"
"2026-08-08","Hawaii","All",,"0.89","0.38","0.11"
"2026-08-08","Idaho","All",,"0.12","0.12","0.02"
"2026-08-08","Indiana","All",,"0.12","0.05","0.01"
"2026-08-08","Kansas","All",,"0.08","0.04","0"
"2026-08-08","Louisiana","All",,"0.72","0.08","0.03"
"2026-08-08","Maryland","All",,"0.15","0.05","0.01"
"2026-08-08","Mississippi","All",,"0.52","0.11","0.03"
"2026-08-08","Nevada","All",,"0.46","0.12","0"
"2026-08-08","Oklahoma","All",,"0.12","0.09","0"
"2026-08-08","Pennsylvania","All",,"0.08","0.04","0"
"2026-08-08","Rhode Island","All",,"0.19","0.06","0"
"2026-08-08","United States","All",,"0.32","0.09","0.02"
"2026-08-08","Vermont","All",,"0.09","0.06","0"
"2026-08-08","Virginia","All",,"0.22","0.08","0.02"
"2026-08-08","Wisconsin","All",,"0.06","0.02","0"
"2026-08-15","Alaska","All",,"0.2","0.34","0"
"2026-08-15","Connecticut","All",,"0.22","0.04","0"
"2026-08-15","Kentucky","All",,"0.23","0.05","0.03"
"2026-08-15","Maryland","All",,"0.19","0.06","0.01"
"2026-08-15","Minnesota","All",,"0.13","0.03","0"
"2026-08-15","Nebraska","All",,"0.05","0.04","0"
"2026-08-15","New Hampshire","All",,"0.11","0.05","0.03"
"2026-08-15","North Carolina","All",,"0.45","0.32","0.02"
"2026-08-15","Oklahoma","All",,"0.16","0.05","0"
"2026-08-15","Oregon","All",,"0.27","0.05","0"
"2026-08-15","Pennsylvania","All",,"0.09","0.05","0"
"2026-08-15","Tennessee","All",,"0.37","0.12","0.02"
"2026-08-15","United States","All",,"0.39","0.1","0.02"
"2026-08-15","Utah","All",,"0.13","0.06","0"
"2026-08-22","Iowa","All",,,,
"2026-08-22","Minnesota","All",,"0.15","0.05","0.01"
"2026-08-22","Missouri","All",,"0.16","0.05","0.01"
"2026-08-22","New York","All",,"0.27","0.04","0.01"
"2026-08-22","North Dakota","All",,"0.26","0.01","0.03"
"2026-08-22","South Dakota","All",,"0.11","0.03","0.03"
"2026-08-29","Arkansas","All",,"0.51","0.11","0.04"
"2026-08-29","Colorado","All",,"0.24","0.06","0.01"
"2026-08-29","Connecticut","All",,"0.36","0.05","0"
"2026-08-29","Kentucky","All",,"0.35","0.09","0.03"
"2026-08-29","Louisiana","All",,"1.57","0.15","0.03"
"2026-08-29","Maryland","All",,"0.23","0.1","0.02"
"2026-08-29","Massachusetts","All",,"0.23","0.08","0.01"
"2026-08-29","Minnesota","All",,"0.16","0.06","0"
"2026-08-29","Montana","All",,"0.18","0.1","0"
"2026-08-29","Nevada","All",,"0.63","0.17","0.01"
"2026-08-29","New Hampshire","All",,"0.26","0.06","0"
"2026-08-29","Ohio","All",,"0.14","0.03","0.01"
"2026-08-29","Oklahoma","All",,"0.33","0.05","0"
"2026-08-29","Oregon","All",,"0.34","0.1","0.01"
"2026-08-29","South Carolina","All",,"0.77","0.07","0.02"
"2026-08-29","Tennessee","All",,"0.63","0.17","0.03"
"2026-08-29","Vermont","All",,"0.13","0.05","0.02"
"2026-08-29","West Virginia","All",,"0.23","0.01","0.02"
"2026-08-29","Wyoming","All",,"0.52","0.38","0.04"
"2026-09-05","Alaska","All",,"0.43","1.55","0.04"
"2026-09-05","Georgia","All",,"0.72","0.09","0.03"
"2026-09-05","Louisiana","All",,"1.35","0.18","0.02"
"2026-09-05","Missouri","All",,"0.26","0.09","0.02"
"2026-09-05","New York","All",,"0.41","0.08","0.01"
"2026-09-05","Pennsylvania","All",,"0.19","0.07","0.01"
"2026-09-05","South Carolina","All",,"0.78","0.08","0.03"
"2026-09-05","Texas","All",,"1.63","0.31","0.03"
"2026-09-05","Utah","All",,"0.29","0.1","0"
"2026-09-05","West Virginia","All",,"0.28","0.05","0"
"2026-09-12","District of Columbia","All",,"0.19","0.04","0.01"
"2026-09-12","Illinois","All",,"0.23","0.14","0.02"
"2026-09-12","Indiana","All",,"0.16","0.1","0.02"
"2026-09-12","Kentucky","All",,"0.36","0.15","0.03"
"2026-09-12","Missouri","All",,"0.32","0.14","0.02"
"2026-09-12","Nebraska","All",,"0.11","0.03","0"
"2026-09-12","Nevada","All",,"0.69","0.28","0.02"
"2026-09-12","Ohio","All",,"0.19","0.07","0.01"
"2026-09-12","South Dakota","All",,"0.23","0.08","0"
"2026-09-12","Tennessee","All",,"0.54","0.2","0.04"
"2026-09-12","Utah","All",,"0.32","0.19","0.02"
"2026-09-12","Vermont","All",,"0.21","0.08","0.03"
"2026-09-12","Virginia","All",,"0.58","0.18","0.02"
"2026-09-12","Washington","All",,"0.93","0.63","0.02"
"2026-09-12","Wyoming","All",,"0.51","0.47","0.02"
"2026-09-19","Colorado","All",,"0.31","0.18","0.01"
"2026-09-19","Delaware","All",,"0.31","0.15","0.06"
"2026-09-19","Georgia","All",,"0.48","0.19","0.05"
"2026-09-19","Hawaii","All",,"1.62","1.35","0.2"
"2026-09-19","Michigan","All",,"0.13","0.1","0.02"
"2026-09-19","Minnesota","All",,"0.29","0.2","0.01"
"2026-09-19","Missouri","All",,"0.26","0.16","0"
"2026-09-19","Nevada","All",,"0.62","0.32","0"
"2026-09-19","New Hampshire","All",,"0.36","0.16","0"
"2026-09-19","New Jersey","All",,"0.51","0.2","0.04"
"2026-09-19","North Dakota","All",,"0.09","0.15","0.01"
"2026-09-19","Oregon","All",,"0.84","0.36","0.02"
"2026-09-19","South Dakota","All",,"0.23","0.15","0"
"2026-09-19","Tennessee","All",,"0.4","0.2","0.04"
"2026-09-19","Texas","All",,"0.95","0.37","0.06"
"2026-09-19","Utah","All",,"0.35","0.32","0"
"2026-09-19","Virginia","All",,"0.46","0.22","0.02"
"2026-09-19","Washington","All",,"0.97","0.85","0.01"
"2026-09-19","West Virginia","All",,"0.26","0.04","0.02"
"2022-10-01","Georgia","All","2.41","0.58","1.31","0.54"
"2022-10-01","Illinois","All","2.8","1.81","0.13","0.88"
"2022-10-01","Iowa","All","3.19","2.7","0.24","0.41"
"2022-10-01","Michigan","All","3.35","3.11","0.04","0.21"
"2022-10-01","Nevada","All","1.7","1.43","0.14","0.14"
"2022-10-01","New Hampshire","All",,"2.74","0.08","0.24"
"2022-10-01","New Jersey","All","3.23","2.76","0.17","0.3"
"2022-10-01","North Carolina","All","4.15","2.65","0.62","0.95"
"2022-10-01","North Dakota","All","2.92","2.51","0.04","0.4"
"2022-10-01","Oklahoma","All","1.86","1.2","0.04","0.64"
"2022-10-01","Oregon","All","2.5","2.42","0.04","0.04"
"2022-10-01","South Carolina","All","3.89","1.39","1.37","1.16"
"2022-10-01","United States","All","2.84","1.84","0.48","0.55"
"2022-10-01","Utah","All","2.18","1.88","0.15","0.17"
"2022-10-08","Delaware","All","3.85","2.37","0.2","1.29"
"2022-10-08","Idaho","All","2","1.85","0.15","0.04"
"2022-10-08","Kansas","All","2.1","1.51","0.21","0.41"
"2022-10-08","Louisiana","All","4.4","1","2.73","0.71"
"2022-10-08","Maine","All","4.27","3.92","0.08","0.28"
"2022-10-08","Maryland","All","3.44","2.05","0.41","1.01"
"2022-10-08","Nebraska","All","1.76","1.05","0.04","0.69"
"2022-10-08","Rhode Island","All","2.88","2.53","0.08","0.28"
"2022-10-08","South Carolina","All","3.66","1.25","1.51","0.94"
"2022-10-08","Tennessee","All","3.64","1.1","1.27","1.3"
"2022-10-08","Texas","All","4.04","0.85","2.37","0.87"
"2022-10-08","West Virginia","All","3.11","1.96","0.19","0.99"
"2022-10-15","Arizona","All","2.02","1.56","0.17","0.3"
"2022-10-15","Hawaii","All","5.77","2.14","2.07","1.61"
"2022-10-15","Indiana","All","3.4","1.53","0.41","1.5"
"2022-10-15","Iowa","All","3.07","2.17","0.35","0.65"
"2022-10-15","Kansas","All","2.23","1.4","0.33","0.52"
"2022-10-15","Kentucky","All","3.69","1.82","0.48","1.43"
"2022-10-15","Louisiana","All","4.99","0.81","3.52","0.7"
"2022-10-15","Michigan","All","3.63","3","0.09","0.57"
"2022-10-15","New York","All","2.87","2.36","0.14","0.39"
"2022-10-15","Oklahoma","All","2.02","1.06","0.24","0.73"
"2022-10-15","Oregon","All","2.11","1.91","0.09","0.12"
"2022-10-15","Rhode Island","All","2.67","2.12","0.09","0.46"
"2022-10-15","South Carolina","All","4.35","1.3","2.13","1"
"2022-10-15","South Dakota","All",,"1.05","0.12","0.21"
"2022-10-15","Tennessee","All","3.96","1.19","1.59","1.24"
"2022-10-15","Texas","All","4.27","0.72","2.61","0.99"
"2022-10-15","Wyoming","All","2.9","2.5","0.25","0.16"
"2022-10-22","Connecticut","All","3.82","2.76","0.51","0.58"
"2022-10-22","Georgia","All","3.18","0.47","2.46","0.27"
"2022-10-22","Iowa","All","3.78","2.61","0.27","0.95"
"2022-10-22","North Dakota","All","3.26","2.44","0.07","0.76"
"2022-10-22","Oregon","All","2.12","1.78","0.13","0.22"
"2022-10-22","South Dakota","All",,"1.28","0.17","0.53"
"2022-10-22","Tennessee","All","4.31","1.25","2.05","1.06"
"2022-10-22","Washington","All","2.74","1.73","0.33","0.69"
"2022-10-22","West Virginia","All","5.21","1.97","0.87","2.44"
"2022-10-29","Alaska","All","3.4","1.12","1.16","1.15"
"2022-10-29","Arizona","All","3.05","2","0.46","0.62"
"2022-10-29","Delaware","All","5.72","1.81","1.58","2.43"
"2022-10-29","Florida","All","3.68","1.17","2.06","0.48"
"2022-10-29","Illinois","All","6.03","2.38","1.72","2"
"2022-10-29","Maine","All","4.29","3.02","0.19","1.1"
"2022-10-29","Missouri","All",,"0.06","0.01","0.03"
"2022-10-29","Montana","All","2.33","2.03","0.14","0.16"
"2022-10-29","North Dakota","All","4.4","2.73","0.22","1.47"
"2022-10-29","Pennsylvania","All","3.92","1.95","0.77","1.24"
"2022-10-29","Utah","All","3.38","2.39","0.33","0.69"
"2022-10-29","Vermont","All","4.62","3.18","0.24","1.2"
"2022-11-05","Arizona","All","4.84","2.91","1.06","0.96"
"2022-11-05","Delaware","All","8.07","1.69","3.87","2.61"
"2022-11-05","Hawaii","All","4.84","1.84","2.12","0.98"
"2022-11-05","Indiana","All","6.15","2.13","2.61","1.46"
"2022-11-05","Maryland","All","9.79","2.14","5.74","2.11"
"2022-11-05","Nevada","All","3.88","1.95","0.91","1.11"
"2022-11-05","New Mexico","All","7.59","4.42","0.91","2.34"
"2022-11-05","North Dakota","All","5.6","3.24","0.28","2.09"
"2022-11-05","Oklahoma","All","2.91","1.07","0.96","0.89"
"2022-11-05","Tennessee","All","9.41","1.42","7.38","0.75"
"2022-11-05","Washington","All","4.83","1.74","1.43","1.7"
"2022-11-05","West Virginia","All","8.73","1.82","3.97","3.07"
"2022-11-05","Wyoming","All","6.04","2.99","1.98","1.13"
"2022-11-12","Alabama","All","10.15","0.97","8.95","0.32"
"2022-11-12","Arkansas","All","7.09","0.95","5.44","0.82"
"2022-11-12","Colorado","All","6.96","3.13","1.86","2.06"
"2022-11-12","Illinois","All","8.12","2.29","4.19","1.79"
"2022-11-12","Indiana","All","6.8","2.07","3.51","1.27"
"2022-11-12","Iowa","All","4.69","2.36","0.79","1.67"
"2022-11-12","Kentucky","All","8.7","1.83","5.54","1.48"
"2022-11-12","Maryland","All","9.99","2.05","6.2","1.94"
"2022-11-12","Michigan","All","5.1","2.34","0.47","2.35"
"2022-11-12","New Mexico","All","9.24","4.6","1.5","3.26"
"2022-11-12","Oklahoma","All","3.4","1.14","1.45","0.83"
"2022-11-12","Pennsylvania","All","5.22","1.85","2.03","1.41"
"2022-11-12","Tennessee","All","9.16","1.28","7.28","0.71"
"2022-11-12","Texas","All","7.55","0.79","5.74","1.12"
"2022-11-12","United States","All","6.69","1.7","3.87","1.21"
"2022-11-12","West Virginia","All","8.7","1.77","4.64","2.46"
"2022-11-19","California","All","6.85","1.77","3.94","1.21"
"2022-11-19","Colorado","All","9.1","3.47","3.25","2.54"
"2022-11-19","Connecticut","All","6.26","2.2","3.51","0.62"
"2022-11-19","District of Columbia","All","8.25","2.09","5.05","1.26"
"2022-11-19","Idaho","All","6.33","2.35","2.02","2.02"
"2022-11-19","Iowa","All","5.77","2.76","1.07","2.07"
"2022-11-19","Kansas","All","7.51","1.95","4.3","1.34"
"2022-11-19","Mississippi","All","9.44","0.87","8.5","0.23"
"2022-11-19","New Jersey","All","6.89","1.96","3.98","1.04"
"2022-11-19","North Carolina","All","10.05","1.43","7.8","0.98"
"2022-11-19","South Dakota","All",,"1.78","1.48","1.48"
"2022-11-19","Texas","All","8.38","1.02","6.45","1.01"
"2022-11-19","United States","All","7.02","1.76","4.24","1.11"
"2022-11-19","Vermont","All","6.11","1.81","1.3","3.07"
"2022-11-19","Washington","All","10.33","2.02","6.24","2.33"
"2022-11-19","West Virginia","All","8.97","1.6","5.47","2.03"
"2022-11-19","Wyoming","All","10.25","3.5","5.39","1.75"
"2022-11-26","Arizona","All","12.67","6.12","5.47","1.35"
"2022-11-26","Colorado","All","10.95","3.72","4.93","2.53"
"2022-11-26","Delaware","All","11.32","2.12","8.35","1"
"2022-11-26","Iowa","All","8.26","2.88","3.46","2.13"
"2022-11-26","Maine","All","6.54","1.93","3.3","1.41"
"2022-11-26","Massachusetts","All","7.31","2.52","3.15","1.72"
"2022-11-26","Missouri","All",,"0.05","0.12","0.05"
"2022-11-26","Nebraska","All","9.86","3.11","5.38","1.57"
"2022-11-26","New Jersey","All","10","2.21","7.18","0.75"
"2022-11-26","Rhode Island","All","5.6","1.97","3.12","0.58"
"2022-11-26","South Dakota","All",,"1.95","3.17","1.39"
"2022-11-26","Texas","All","11.12","1.7","8.61","0.97"
"2022-11-26","Vermont","All","8.27","2.13","3.3","3.01"
"2022-11-26","West Virginia","All","12.54","1.91","9.04","1.74"
"2022-12-03","Alabama","All","7.06","2.13","4.7","0.3"
"2022-12-03","Arizona","All","12.91","5.8","6.24","1.16"
"2022-12-03","Connecticut","All","11.44","3.21","8.06","0.31"
"2022-12-03","Delaware","All","10.84","2.27","7.77","0.95"
"2022-12-03","District of Columbia","All","8.78","2.58","5.62","0.71"
"2022-12-03","Florida","All","5.5","1.91","3.32","0.35"
"2022-12-03","Kansas","All","11.57","2.89","7.58","1.3"
"2022-12-03","Massachusetts","All","9.41","3.1","5.27","1.21"
"2022-12-03","Nebraska","All","10.55","3.62","6","1.18"
"2022-12-03","Ohio","All","11.15","2.85","7.68","0.65"
"2022-12-03","Pennsylvania","All","8.94","2.14","6.31","0.61"
"2022-12-03","Rhode Island","All","8.19","2.42","5.41","0.55"
"2022-12-03","United States","All","9.44","2.6","6.18","0.83"
"2022-12-03","Utah","All","12.76","4.57","5.18","3.41"
"2022-12-03","Vermont","All","9.14","2.84","4.59","1.98"
"2022-12-03","Virginia","All","10.28","2.67","7.25","0.46"
"2022-12-10","Arkansas","All","7.22","1.91","5.14","0.32"
"2022-12-10","California","All","9.09","3.04","5.33","0.8"
"2022-12-10","Colorado","All","9.6","3.05","5.28","1.46"
"2022-12-10","Hawaii","All","6.43","2.76","3.44","0.31"
"2022-12-10","Kansas","All","11.44","2.98","7.64","1.09"
"2022-12-10","North Carolina","All","8.61","2.86","5.45","0.53"
"2022-12-10","Pennsylvania","All","8.18","2.26","5.61","0.44"
"2022-12-10","South Carolina","All","6.59","2.91","3.39","0.35"
"2022-12-10","West Virginia","All","10.7","2.52","7.53","0.87"
"2022-12-10","Wyoming","All","10.36","2.85","5.52","2.23"
"2022-12-17","Alabama","All","5.19","2.77","2.19","0.3"
"2022-12-17","Georgia","All","3.3","1.84","1.34","0.15"
"2022-12-17","Illinois","All","10.94","4.06","6.62","0.47"
"2022-12-17","Indiana","All","13.82","3.86","9.77","0.35"
"2022-12-17","Iowa","All","12.36","3.34","8.06","1.33"
"2022-12-17","Louisiana","All","5.42","2.19","3.06","0.24"
"2022-12-17","Michigan","All","12.56","3.39","8.54","0.85"
"2022-12-17","Nebraska","All","11.21","3.01","7.75","0.71"
"2022-12-17","New Mexico","All","17.17","3.41","12.67","1.53"
"2022-12-17","Oklahoma","All","10.22","3.14","6.78","0.41"
"2022-12-17","Rhode Island","All","8.43","2.61","5.67","0.27"
"2022-12-17","South Carolina","All","6.16","3.59","2.4","0.23"
"2022-12-17","United States","All","8.44","2.9","5.14","0.54"
"2022-12-17","Utah","All","11.83","3.38","6.53","2.24"
"2022-12-17","Washington","All","11.17","2.83","7.5","1.06"
"2022-12-24","Connecticut","All","9.67","4.63","5.02","0.17"
"2022-12-24","Idaho","All","12.29","2.32","8.36","1.81"
"2022-12-24","Illinois","All","9.31","4.15","4.94","0.37"
"2022-12-24","Iowa","All","12.02","3.43","7.71","1.14"
"2022-12-24","Maryland","All","7.64","4.44","2.91","0.39"
"2022-12-24","Nevada","All","8.01","2.45","4.91","0.87"
"2022-12-24","New Hampshire","All",,"2.95","7.23","0.37"
"2022-12-24","New York","All","7.46","3.16","4.19","0.22"
"2022-12-24","South Dakota","All",,"1.54","3.49","1.09"
"2022-12-24","United States","All","8.13","3.28","4.53","0.46"
"2022-12-24","Virginia","All","8.05","4.92","2.95","0.27"
"2022-12-24","Wyoming","All","8.45","2.52","3.82","2.52"
"2022-12-31","Arkansas","All","6.04","3.34","2.63","0.24"
"2022-12-31","California","All","7","3.61","2.84","0.61"
"2022-12-31","Georgia","All","4.23","2.86","1.32","0.11"
"2022-12-31","Hawaii","All","7.88","3.45","4.44","0.12"
"2022-12-31","Illinois","All","7.57","4","3.35","0.32"
"2022-12-31","Maryland","All","7.24","4.79","2.2","0.35"
"2022-12-31","New Jersey","All","7.62","4.34","3.11","0.29"
"2022-12-31","Oregon","All","7.88","2.6","4.16","1.24"
"2022-12-31","United States","All","7.67","3.79","3.6","0.4"
"2022-12-31","Wyoming","All","8.6","2.02","4.02","2.7"
"2023-01-07","Alabama","All","5.44","4.2","1.17","0.18"
"2023-01-07","Delaware","All","6.77","4.14","2.29","0.39"
"2023-01-07","District of Columbia","All","5.47","4.06","1.03","0.45"
"2023-01-07","Georgia","All","4.52","3.27","1.17","0.15"
"2023-01-07","Minnesota","All","4.76","2.33","1.5","0.98"
"2023-01-07","Missouri","All",,"0.08","0.08","0.01"
"2023-01-07","Nevada","All","4.28","2.12","1.54","0.72"
"2023-01-07","New Hampshire","All",,"3.35","3.11","0.29"
"2023-01-07","Rhode Island","All","6.01","3.58","2.32","0.22"
"2023-01-07","South Dakota","All",,"0.93","1.6","0.81"
"2023-01-07","Washington","All","5.32","2.86","1.79","0.74"
"2023-01-14","Florida","All","4.73","2.85","1.79","0.16"
"2023-01-14","Hawaii","All","4.9","2.55","2.33","0.06"
"2023-01-14","Illinois","All","3.4","2.43","0.81","0.19"
"2023-01-14","Maine","All","4.52","2.54","1.79","0.26"
"2023-01-14","Minnesota","All","3.53","2.17","0.78","0.61"
"2023-01-14","Missouri","All",,"0.08","0.04","0.02"
"2023-01-14","Nebraska","All","2.68","1.31","1.11","0.29"
"2023-01-14","New Mexico","All","4.05","2.18","1.44","0.48"
"2023-01-14","Oklahoma","All","4.1","2.57","1.33","0.23"
"2023-01-14","Oregon","All","3.28","1.93","0.69","0.71"
"2023-01-14","Pennsylvania","All","3.24","2.35","0.79","0.13"
"2023-01-14","Tennessee","All","3.52","2.6","0.79","0.18"
"2023-01-14","United States","All","3.77","2.58","1.01","0.23"
"2023-01-14","Washington","All","3.92","2.66","0.81","0.51"
"2023-01-21","Alabama","All","3.67","2.95","0.66","0.1"
"2023-01-21","Arkansas","All","2.23","1.46","0.69","0.16"
"2023-01-21","Connecticut","All","3.61","3.1","0.45","0.07"
"2023-01-21","Georgia","All","2.77","2.11","0.64","0.07"
"2023-01-21","Iowa","All","3.53","2.37","0.9","0.33"
"2023-01-21","Kentucky","All","2.77","2.19","0.4","0.21"
"2023-01-21","Michigan","All","2.87","1.86","0.91","0.13"
"2023-01-21","New Mexico","All","2.97","1.78","0.86","0.39"
"2023-01-21","Oregon","All","2.42","1.75","0.26","0.42"
"2023-01-21","Pennsylvania","All","2.73","2.17","0.46","0.12"
"2023-01-21","South Dakota","All",,"1.27","0.96","0.52"
"2023-01-21","Texas","All","3.31","2.36","0.83","0.17"
"2023-01-21","Virginia","All","4.2","3.47","0.67","0.11"
"2023-01-28","Alabama","All","3.6","2.99","0.56","0.1"
"2023-01-28","Delaware","All","3.11","2.66","0.29","0.18"
"2023-01-28","Massachusetts","All","3.6","2.97","0.52","0.15"
"2023-01-28","Michigan","All","2.4","1.72","0.6","0.11"
"2023-01-28","Mississippi","All","3.1","2.4","0.68","0.08"
"2023-01-28","Nebraska","All","1.72","1.12","0.47","0.17"
"2023-01-28","New York","All","2.4","1.99","0.33","0.09"
"2023-01-28","North Dakota","All","4.56","2.64","1.43","0.53"
"2023-01-28","Rhode Island","All","3.33","2.8","0.47","0.1"
"2023-01-28","Utah","All","2.18","1.36","0.51","0.32"
"2023-02-04","California","All","1.95","1.59","0.25","0.15"
"2023-02-04","Hawaii","All","3.49","2.04","1.34","0.14"
"2023-02-04","Idaho","All","2.34","1.81","0.32","0.24"
"2023-02-04","Montana","All","3.21","2.05","0.49","0.76"
"2023-02-04","Nevada","All","1.67","1.23","0.28","0.18"
"2023-02-04","New York","All","2.13","1.82","0.23","0.09"
"2023-02-04","North Dakota","All","4.86","3.61","0.96","0.35"
"2023-02-04","Oklahoma","All","2.57","2.15","0.29","0.14"
"2023-02-04","Oregon","All","2.82","2.33","0.15","0.36"
"2023-02-04","United States","All","2.63","2.06","0.47","0.12"
"2023-02-04","West Virginia","All","2.96","2.57","0.28","0.13"
"2023-02-04","Wisconsin","All","1.9","1.5","0.29","0.14"
"2023-02-11","California","All","1.97","1.69","0.17","0.14"
"2023-02-11","Delaware","All","2.78","2.48","0.2","0.1"
"2023-02-11","Georgia","All","1.62","1.28","0.31","0.05"
"2023-02-11","Illinois","All","2.41","2.08","0.26","0.09"
"2023-02-11","Indiana","All","2.26","1.87","0.29","0.1"
"2023-02-11","Kansas","All","2.11","1.74","0.26","0.13"
"2023-02-11","Maryland","All","2.28","1.99","0.21","0.1"
"2023-02-11","Montana","All","3.09","2.37","0.44","0.33"
"2023-02-11","Nevada","All","1.62","1.31","0.24","0.1"
"2023-02-11","New Jersey","All","2.46","2.02","0.35","0.1"
"2023-02-11","New Mexico","All","2.04","1.55","0.29","0.22"
"2023-02-11","North Carolina","All","3.69","2.75","0.96","0.08"
"2023-02-11","Ohio","All","1.99","1.68","0.26","0.05"
"2023-02-11","Oregon","All","2.73","2.43","0.11","0.21"
"2023-02-11","Pennsylvania","All","2.18","1.92","0.21","0.06"
"2023-02-11","Rhode Island","All","2.27","1.91","0.29","0.1"
"2023-02-11","South Dakota","All",,"2.05","0.36","0.2"
"2023-02-18","California","All","2.04","1.74","0.18","0.11"
"2023-02-18","Colorado","All","2.38","1.96","0.25","0.2"
"2023-02-18","District of Columbia","All","2.04","1.78","0.19","0.09"
"2023-02-18","Florida","All","2.65","1.76","0.81","0.1"
"2023-02-18","Georgia","All","1.34","1.02","0.29","0.04"
"2023-02-18","Hawaii","All","2.57","1.76","0.79","0.03"
"2023-02-18","Indiana","All","2.32","1.96","0.27","0.08"
"2023-02-18","Michigan","All","2.39","2.07","0.28","0.06"
"2023-02-18","Mississippi","All","2.44","1.83","0.59","0.05"
"2023-02-18","Montana","All","3.05","2.22","0.46","0.38"
"2023-02-18","Nebraska","All","1.94","1.63","0.18","0.14"
"2023-02-18","New Hampshire","All",,"2.2","0.23","0.04"
"2023-02-18","North Carolina","All","3.28","2.43","0.81","0.1"
"2023-02-18","Oklahoma","All","2.01","1.75","0.15","0.12"
"2023-02-18","Texas","All","2.21","1.62","0.52","0.1"
"2023-02-18","Vermont","All","2.89","2.44","0.26","0.22"
"2023-02-18","West Virginia","All","2.69","2.36","0.23","0.13"
"2023-02-25","Alabama","All","2.29","1.79","0.46","0.06"
"2023-02-25","District of Columbia","All","1.65","1.27","0.29","0.08"
"2023-02-25","Louisiana","All","2.49","2.06","0.38","0.06"
"2023-02-25","Maine","All","3.52","3.37","0.15","0.03"
"2023-02-25","Minnesota","All","3.08","2.59","0.31","0.19"
"2023-02-25","Mississippi","All","1.95","1.49","0.42","0.06"
"2023-02-25","Montana","All","3.63","2.91","0.43","0.3"
"2023-02-25","Nebraska","All","1.89","1.66","0.18","0.07"
"2023-02-25","Nevada","All","1.72","1.39","0.24","0.09"
"2023-02-25","Oklahoma","All","1.7","1.49","0.1","0.1"
"2023-02-25","Wyoming","All","2.69","1.9","0.28","0.55"
"2023-03-04","Florida","All","2.15","1.44","0.65","0.08"
"2023-03-04","Kansas","All","1.8","1.48","0.25","0.1"
"2023-03-04","Maine","All","3.16","3.05","0.1","0.02"
"2023-03-04","Massachusetts","All","1.92","1.64","0.19","0.1"
"2023-03-04","Michigan","All","2.33","2.1","0.18","0.06"
"2023-03-04","New Hampshire","All",,"1.75","0.12","0.06"
"2023-03-04","North Dakota","All","2.82","2.32","0.37","0.15"
"2023-03-04","Ohio","All","1.91","1.68","0.2","0.03"
"2023-03-04","Rhode Island","All","1.53","1.25","0.15","0.13"
"2023-03-04","Tennessee","All","1.76","1.36","0.31","0.1"
"2023-03-04","Texas","All","1.93","1.42","0.45","0.09"
"2023-03-04","Utah","All","2.63","2.18","0.34","0.11"
"2023-03-11","Arizona","All","2.06","1.63","0.39","0.06"
"2023-03-11","Idaho","All","2.39","2.13","0.19","0.08"
"2023-03-11","Maine","All","2.57","2.37","0.14","0.07"
"2023-03-11","Mississippi","All","1.43","0.92","0.5","0.04"
"2023-03-11","Missouri","All",,"0.06","0","0.01"
"2023-03-11","New Jersey","All","1.24","0.91","0.28","0.05"
"2023-03-11","New York","All","1.07","0.83","0.21","0.04"
"2023-03-11","North Carolina","All","1.76","1.25","0.49","0.05"
"2023-03-11","Ohio","All","1.8","1.61","0.16","0.02"
"2023-03-11","Oklahoma","All","1.75","1.53","0.1","0.12"
"2023-03-11","West Virginia","All","2.07","1.85","0.14","0.09"
"2023-03-11","Wisconsin","All","1.94","1.77","0.12","0.06"
"2023-03-18","Alabama","All","1.26","0.87","0.35","0.06"
"2023-03-18","Arizona","All","2.09","1.73","0.31","0.08"
"2023-03-18","Colorado","All","1.6","1.35","0.2","0.06"
"2023-03-18","Delaware","All","1.35","1.21","0.06","0.09"
"2023-03-18","Florida","All","1.89","1.26","0.57","0.08"
"2023-03-18","Kansas","All","1.6","1.39","0.12","0.11"
"2023-03-18","Kentucky","All","1.49","1.2","0.23","0.06"
"2023-03-18","Maine","All","2.23","2.08","0.12","0.03"
"2023-03-18","Massachusetts","All","1.57","1.29","0.22","0.07"
"2023-03-18","Mississippi","All","1.43","0.96","0.46","0.03"
"2023-03-18","New Jersey","All","1.2","0.75","0.42","0.03"
"2023-03-18","New Mexico","All","2.33","1.96","0.35","0.07"
"2023-03-18","New York","All","1.08","0.8","0.25","0.03"
"2023-03-18","South Carolina","All","1.18","0.87","0.29","0.03"
"2023-03-18","United States","All","1.55","1.22","0.28","0.06"
"2023-03-18","West Virginia","All","1.67","1.48","0.14","0.07"
"2023-03-18","Wyoming","All","1.7","1.3","0.2","0.2"
"2023-03-25","Alaska","All","2.65","2.1","0.27","0.3"
"2023-03-25","District of Columbia","All","1.13","0.82","0.27","0.06"
"2023-03-25","Minnesota","All","1.79","1.46","0.2","0.12"
"2023-03-25","Nevada","All","1.37","1.21","0.16","0.01"
"2023-03-25","New Mexico","All","2.45","2.2","0.24","0.02"
"2023-03-25","Oklahoma","All","1.55","1.38","0.11","0.07"
"2023-03-25","Oregon","All","1.61","1.47","0.07","0.07"
"2023-03-25","Pennsylvania","All","1.05","0.88","0.16","0.03"
"2023-03-25","South Carolina","All","1.24","0.91","0.32","0.02"
"2023-03-25","Tennessee","All","1.32","0.97","0.28","0.09"
"2023-03-25","Texas","All","1.42","1.03","0.34","0.07"
"2023-04-01","Arizona","All","1.85","1.53","0.27","0.05"
"2023-04-01","Arkansas","All","1.15","0.8","0.33","0.05"
"2023-04-01","Delaware","All","0.7","0.58","0.11","0.01"
"2023-04-01","Florida","All","1.78","1.2","0.53","0.06"
"2023-04-01","Idaho","All","1.65","1.39","0.16","0.1"
"2023-04-01","Kentucky","All","1.4","1.06","0.29","0.05"
"2023-04-01","Minnesota","All","2.03","1.67","0.3","0.06"
"2023-04-01","North Dakota","All","1.66","1.54","0.08","0.04"
"2023-04-01","Oregon","All","1.53","1.39","0.09","0.06"
"2023-04-01","Rhode Island","All","1.05","0.86","0.17","0.02"
"2023-04-01","South Dakota","All",,"1.21","0.2","0.04"
"2023-04-01","Tennessee","All","1.25","0.92","0.29","0.06"
"2023-04-01","Wyoming","All","1.75","1.34","0.34","0.07"
"2023-04-08","Alaska","All","1.89","1.54","0.19","0.19"
"2023-04-08","Arizona","All","1.98","1.62","0.34","0.03"
"2023-04-08","California","All","1.08","0.95","0.12","0.02"
"2023-04-08","Louisiana","All","1.19","0.94","0.23","0.03"
"2023-04-08","Maine","All","1.4","1.28","0.12","0.01"
"2023-04-08","Montana","All","1.5","1.34","0.1","0.06"
"2023-04-08","Nebraska","All","1.43","1.25","0.16","0.02"
"2023-04-08","New Hampshire","All",,"1.1","0.04","0.04"
"2023-04-08","North Dakota","All","2.02","1.82","0.18","0.02"
"2023-04-08","Pennsylvania","All","0.89","0.72","0.15","0.02"
"2023-04-08","Rhode Island","All","0.81","0.57","0.2","0.05"
"2023-04-08","South Carolina","All","1.19","0.8","0.36","0.05"
"2023-04-08","Utah","All","1.39","1.12","0.24","0.04"
"2023-04-08","Virginia","All","1.04","0.74","0.28","0.03"
"2023-04-08","Wisconsin","All","1.61","1.46","0.13","0.02"
"2023-04-15","California","All","1.11","0.97","0.11","0.02"
"2023-04-15","District of Columbia","All","0.73","0.48","0.19","0.05"
"2023-04-15","Georgia","All","0.7","0.41","0.28","0.02"
"2023-04-15","Kentucky","All","1.02","0.8","0.19","0.04"
"2023-04-15","Louisiana","All","1.26","1.01","0.22","0.03"
"2023-04-15","Mississippi","All","1.5","1.07","0.41","0.03"
"2023-04-15","Missouri","All",,"0.04","0","0"
"2023-04-15","Ohio","All","0.96","0.84","0.11","0.01"
"2023-04-15","Oklahoma","All","1.07","1","0.02","0.05"
"2023-04-15","South Carolina","All","0.88","0.65","0.22","0.02"
"2023-04-15","Texas","All","1.38","1.02","0.32","0.06"
"2023-04-15","United States","All","1.18","0.91","0.25","0.03"
"2023-04-22","Alaska","All","1.77","1.22","0.29","0.28"
"2023-04-22","Florida","All","1.59","0.96","0.57","0.07"
"2023-04-22","Maine","All","0.99","0.91","0.05","0.02"
"2023-04-22","Massachusetts","All","0.83","0.65","0.17","0.02"
"2023-04-22","Michigan","All","1.2","1.05","0.14","0.02"
"2023-04-22","Mississippi","All","1.25","0.83","0.42","0.03"
"2023-04-22","Oklahoma","All","0.84","0.79","0.03","0.02"
"2023-04-22","Texas","All","1.25","0.86","0.34","0.06"
"2023-04-29","Alaska","All","1.2","0.91","0.18","0.13"
"2023-04-29","Delaware","All","0.33","0.25","0.07","0.01"
"2023-04-29","Florida","All","1.66","0.95","0.67","0.06"
"2023-04-29","Georgia","All","0.66","0.33","0.31","0.02"
"2023-04-29","Idaho","All","0.85","0.7","0.14","0.02"
"2023-04-29","Iowa","All","1.52","1.26","0.24","0.07"
"2023-04-29","Kansas","All","0.61","0.52","0.05","0.03"
"2023-04-29","Kentucky","All","0.93","0.73","0.17","0.03"
"2023-04-29","Louisiana","All","0.91","0.72","0.18","0.02"
"2023-04-29","Minnesota","All","1.27","0.84","0.42","0"
"2023-04-29","Nevada","All","1.12","0.82","0.29","0.03"
"2023-04-29","New York","All","0.58","0.37","0.19","0.02"
"2023-04-29","Oklahoma","All","0.68","0.51","0.12","0.06"
"2023-04-29","Pennsylvania","All","0.46","0.33","0.12","0.01"
"2023-04-29","South Carolina","All","0.88","0.6","0.28","0.01"
"2023-04-29","Utah","All","0.98","0.8","0.17","0.01"
"2023-05-06","Arizona","All","1.91","1.27","0.64","0.02"
"2023-05-06","Arkansas","All","0.87","0.7","0.15","0.04"
"2023-05-06","California","All","0.86","0.75","0.09","0.01"
"2023-05-06","Connecticut","All","0.61","0.47","0.13","0.01"
"2023-05-06","Florida","All","1.63","0.89","0.7","0.06"
"2023-05-06","Idaho","All","0.86","0.68","0.16","0.03"
"2023-05-06","Iowa","All","1.48","1.21","0.22","0.08"
"2023-05-06","Mississippi","All","1.18","0.7","0.46","0.03"
"2023-05-06","New Hampshire","All",,"0.4","0.09","0.02"
"2023-05-06","North Dakota","All","0.86","0.73","0.11","0.04"
"2023-05-06","Ohio","All","0.64","0.54","0.1","0"
"2023-05-06","Tennessee","All","0.98","0.61","0.32","0.07"
"2023-05-06","Washington","All","1.15","1.07","0.07","0.02"
"2023-05-13","Alabama","All","0.85","0.62","0.2","0.03"
"2023-05-13","Colorado","All","0.93","0.71","0.2","0.02"
"2023-05-13","Delaware","All","0.42","0.32","0.06","0.05"
"2023-05-13","Florida","All","1.67","0.87","0.76","0.05"
"2023-05-13","Georgia","All","0.82","0.33","0.47","0.02"
"2023-05-13","Iowa","All","1.45","1.16","0.28","0.05"
"2023-05-13","Kansas","All","0.5","0.43","0.06","0.02"
"2023-05-13","Missouri","All",,"0.01","0","0"
"2023-05-13","New Hampshire","All",,"0.67","0.03","0.07"
"2023-05-13","Oklahoma","All","0.44","0.37","0.06","0.01"
"2023-05-13","Pennsylvania","All","0.41","0.31","0.09","0.01"
"2023-05-20","Colorado","All","0.82","0.63","0.18","0.01"
"2023-05-20","Illinois","All","0.87","0.71","0.15","0.01"
"2023-05-20","Iowa","All","1.17","0.94","0.24","0.04"
"2023-05-20","Kansas","All","0.44","0.37","0.05","0.01"
"2023-05-20","North Dakota","All","0.75","0.56","0.13","0.08"
"2023-05-20","Oregon","All","0.79","0.77","0.03","0"
"2023-05-20","South Carolina","All","1.03","0.6","0.41","0.03"
"2023-05-20","Virginia","All","0.69","0.49","0.19","0.01"
"2023-05-20","Wisconsin","All","0.57","0.52","0.05","0"
"2023-05-27","Alaska","All","1.17","0.83","0.29","0.06"
"2023-05-27","Arkansas","All","0.57","0.4","0.16","0.03"
"2023-05-27","Colorado","All","0.75","0.6","0.13","0.01"
"2023-05-27","District of Columbia","All","0.68","0.46","0.2","0.02"
"2023-05-27","Florida","All","1.89","0.94","0.91","0.06"
"2023-05-27","Indiana","All","0.52","0.37","0.12","0.02"
"2023-05-27","Louisiana","All","0.91","0.68","0.22","0.02"
"2023-05-27","Maryland","All","0.47","0.34","0.13","0.01"
"2023-05-27","Massachusetts","All","0.77","0.57","0.18","0.02"
"2023-05-27","Montana","All","0.53","0.49","0.03","0"
"2023-05-27","New York","All","0.58","0.36","0.21","0.01"
"2023-05-27","Ohio","All","0.49","0.42","0.07","0.01"
"2023-05-27","South Carolina","All","1.07","0.6","0.43","0.03"
"2023-05-27","Utah","All","1","0.61","0.39","0.01"
"2023-05-27","Wisconsin","All","0.5","0.46","0.04","0.01"
"2023-06-03","Arizona","All","1.66","0.9","0.76","0.01"
"2023-06-03","California","All","0.81","0.69","0.11","0.01"
"2023-06-03","Connecticut","All","0.6","0.55","0.04","0.01"
"2023-06-03","Florida","All","2.25","1.08","1.1","0.08"
"2023-06-03","Montana","All","0.36","0.36","0","0"
"2023-06-03","New York","All","0.63","0.42","0.2","0.01"
"2023-06-03","North Carolina","All","1.05","0.63","0.43","0.01"
"2023-06-03","Ohio","All","0.44","0.37","0.06","0.01"
"2023-06-03","Oklahoma","All","0.24","0.19","0.04","0.01"
"2023-06-03","Pennsylvania","All","0.38","0.29","0.08","0.01"
"2023-06-03","South Carolina","All","1.11","0.65","0.43","0.05"
"2023-06-03","Washington","All","0.91","0.78","0.13","0.01"
"2023-06-03","Wisconsin","All","0.51","0.47","0.05","0"
"2023-06-10","Arkansas","All","0.49","0.33","0.13","0.05"
"2023-06-10","California","All","0.8","0.68","0.11","0.02"
"2023-06-10","Connecticut","All","0.48","0.41","0.07","0"
"2023-06-10","Delaware","All","0.39","0.35","0.04","0.01"
"2023-06-10","Idaho","All","0.53","0.44","0.1","0"
"2023-06-10","Iowa","All","0.91","0.72","0.18","0.04"
"2023-06-10","Massachusetts","All","0.7","0.59","0.11","0.01"
"2023-06-10","Michigan","All","0.56","0.39","0.16","0.01"
"2023-06-10","Minnesota","All","0.43","0.31","0.1","0.01"
"2023-06-10","Montana","All","0.35","0.32","0.03","0"
"2023-06-10","New York","All","0.49","0.35","0.14","0"
"2023-06-10","North Carolina","All","0.93","0.53","0.39","0.02"
"2023-06-10","Rhode Island","All","0.48","0.41","0.08","0.01"
"2023-06-10","Texas","All","0.73","0.4","0.28","0.06"
"2023-06-17","Arkansas","All","0.38","0.24","0.12","0.03"
"2023-06-17","Georgia","All","0.56","0.32","0.22","0.03"
"2023-06-17","Illinois","All","0.56","0.46","0.09","0.01"
"2023-06-17","Iowa","All","0.96","0.74","0.18","0.07"
"2023-06-17","Kansas","All","0.16","0.13","0.03","0"
"2023-06-17","Maryland","All","0.48","0.41","0.07","0.01"
"2023-06-17","Nebraska","All","0.21","0.2","0.02","0"
"2023-06-17","Nevada","All","1.02","0.67","0.36","0"
"2023-06-17","North Carolina","All","0.88","0.55","0.34","0.02"
"2023-06-17","South Carolina","All","0.91","0.59","0.3","0.03"
"2023-06-17","Virginia","All","0.71","0.52","0.17","0.02"
"2023-06-24","California","All","0.7","0.61","0.09","0.01"
"2023-06-24","Colorado","All","0.45","0.39","0.06","0"
"2023-06-24","Georgia","All","0.6","0.35","0.22","0.03"
"2023-06-24","Iowa","All","0.9","0.71","0.17","0.05"
"2023-06-24","Louisiana","All","0.87","0.66","0.18","0.03"
"2023-06-24","Maryland","All","0.48","0.43","0.05","0.01"
"2023-06-24","Michigan","All","0.49","0.38","0.12","0"
"2023-06-24","New Hampshire","All",,"0.47","0.08","0"
"2023-06-24","Rhode Island","All","0.52","0.43","0.09","0.03"
"2023-07-01","Idaho","All","0.58","0.45","0.13","0"
"2023-07-01","Kentucky","All","0.46","0.33","0.1","0.03"
"2023-07-01","Louisiana","All","1.09","0.87","0.18","0.04"
"2023-07-01","New Mexico","All","0.89","0.8","0.09","0"
"2023-07-01","North Dakota","All","0.36","0.21","0.11","0.08"
"2023-07-01","South Carolina","All","0.72","0.53","0.15","0.04"
"2023-07-01","Tennessee","All","0.58","0.37","0.17","0.03"
"2023-07-08","Colorado","All","0.5","0.41","0.07","0.01"
"2023-07-08","Connecticut","All","0.46","0.42","0.04","0"
"2023-07-08","Idaho","All","0.5","0.43","0.08","0"
"2023-07-08","Iowa","All","0.94","0.74","0.19","0.02"
"2023-07-08","Louisiana","All","1.22","1.07","0.14","0.02"
"2023-07-08","Maryland","All","0.58","0.49","0.09","0.02"
"2023-07-08","Massachusetts","All","0.57","0.49","0.08","0.01"
"2023-07-08","Michigan","All","0.4","0.34","0.06","0"
"2023-07-08","New Mexico","All","0.86","0.77","0.07","0.02"
"2023-07-08","Oklahoma","All","0.4","0.34","0.03","0.03"
"2023-07-08","West Virginia","All","0.28","0.24","0.04","0"
"2023-07-15","Illinois","All","0.51","0.44","0.06","0.01"
"2023-07-15","Missouri","All",,"0.02","0","0"
"2023-07-15","Nevada","All","1.09","0.83","0.26","0.01"
"2023-07-15","New Jersey","All","0.5","0.43","0.07","0.01"
"2023-07-15","Oklahoma","All","0.29","0.25","0.04","0"
"2023-07-15","Pennsylvania","All","0.38","0.33","0.05","0.01"
"2023-07-15","Rhode Island","All","0.45","0.34","0.09","0.02"
"2023-07-15","South Dakota","All",,"0.22","0.02","0"
"2023-07-15","Texas","All","1.02","0.77","0.21","0.05"
"2023-07-15","Virginia","All","0.73","0.62","0.11","0.02"
"2023-07-22","Alaska","All","2.3","1.92","0.42","0"
"2023-07-22","Delaware","All","0.72","0.68","0.05","0"
"2023-07-22","Hawaii","All","3.51","2.37","1.15","0.01"
"2023-07-22","Iowa","All","1.06","0.87","0.19","0.05"
"2023-07-22","Kansas","All","0.43","0.36","0.06","0.01"
"2023-07-22","Kentucky","All","0.59","0.47","0.1","0.02"
"2023-07-22","Maryland","All","0.73","0.65","0.06","0.03"
"2023-07-22","Massachusetts","All","0.78","0.72","0.05","0.01"
"2023-07-22","Mississippi","All","1.36","1.13","0.21","0.04"
"2023-07-22","Montana","All","0.54","0.51","0.03","0"
"2023-07-22","Nevada","All","0.99","0.87","0.11","0.01"
"2023-07-22","New Hampshire","All",,"0.46","0.05","0.02"
"2023-07-22","New Jersey","All","0.63","0.54","0.08","0.01"
"2023-07-22","New Mexico","All","0.97","0.9","0.08","0.01"
"2023-07-22","Ohio","All","0.46","0.41","0.04","0"
"2023-07-22","Pennsylvania","All","0.39","0.34","0.04","0.01"
"2023-07-22","South Dakota","All",,"0.2","0.02","0"
"2023-07-22","Texas","All","1.25","1","0.21","0.06"
"2023-07-22","Vermont","All","0.53","0.48","0.06","0"
"2023-07-22","Washington","All","1.2","1.11","0.09","0.01"
"2023-07-22","Wyoming","All","0.58","0.56","0.03","0"
"2023-07-29","Arkansas","All","0.67","0.57","0.09","0.03"
"2023-07-29","Georgia","All","1.15","0.97","0.16","0.04"
"2023-07-29","Maine","All","0.74","0.71","0.04","0"
"2023-07-29","Mississippi","All","1.91","1.62","0.27","0.05"
"2023-07-29","Missouri","All",,"0.02","0","0"
"2023-07-29","Nevada","All","0.95","0.86","0.1","0"
"2023-07-29","South Carolina","All","1.46","1.31","0.15","0.01"
"2023-07-29","Washington","All","1.29","1.22","0.06","0.01"
"2023-07-29","Wisconsin","All","0.47","0.44","0.03","0.01"
"2023-08-05","Connecticut","All","1.08","1.03","0.03","0.01"
"2023-08-05","Idaho","All","0.85","0.84","0.01","0"
"2023-08-05","Kansas","All","0.65","0.59","0.05","0.02"
"2023-08-05","Kentucky","All","1.15","1.03","0.09","0.04"
"2023-08-05","Missouri","All",,"0.03","0","0"
"2023-08-05","Montana","All","0.76","0.73","0.03","0"
"2023-08-05","New York","All","0.89","0.81","0.06","0.02"
"2023-08-05","North Dakota","All","0.74","0.64","0.08","0.02"
"2023-08-05","South Carolina","All","2.24","2.02","0.21","0.03"
"2023-08-05","Texas","All","2","1.72","0.22","0.08"
"2023-08-05","Washington","All","1.66","1.56","0.09","0.01"
"2023-08-12","Arizona","All","1.41","1.28","0.11","0.02"
"2023-08-12","California","All","1.85","1.79","0.09","0.01"
"2023-08-12","Florida","All","3.99","3.34","0.56","0.14"
"2023-08-12","Georgia","All","1.9","1.69","0.18","0.05"
"2023-08-12","Hawaii","All","4.92","3.8","1.13","0.06"
"2023-08-12","Idaho","All","0.95","0.89","0.06","0.01"
"2023-08-12","Iowa","All","1.65","1.44","0.19","0.05"
"2023-08-12","Kentucky","All","1.67","1.5","0.14","0.05"
"2023-08-12","Montana","All","1.04","0.98","0.06","0.01"
"2023-08-12","New Hampshire","All",,"1","0.02","0"
"2023-08-12","New York","All","1.15","1.08","0.07","0.01"
"2023-08-12","Ohio","All","0.86","0.8","0.04","0"
"2023-08-12","Rhode Island","All","0.78","0.74","0.05","0.01"
"2023-08-12","South Carolina","All","2.83","2.61","0.18","0.05"
"2023-08-12","Tennessee","All","1.95","1.7","0.21","0.06"
"2023-08-12","Texas","All","2.41","2.13","0.24","0.07"
"2023-08-12","United States","All","1.77","1.59","0.16","0.04"
"2023-08-12","Vermont","All","1.37","1.35","0.02","0"
"2023-08-19","California","All","2.38","2.31","0.11","0.01"
"2023-08-19","Georgia","All","2.58","2.34","0.2","0.06"
"2023-08-19","Hawaii","All","5.51","4.1","1.35","0.07"
"2023-08-19","Kentucky","All","1.94","1.76","0.13","0.06"
"2023-08-19","Massachusetts","All","1.71","1.59","0.09","0.04"
"2023-08-19","Michigan","All","1.03","0.98","0.04","0.01"
"2023-08-19","Minnesota","All","1.27","1.19","0.08","0.03"
"2023-08-19","Missouri","All",,"0.06","0.01","0"
"2023-08-19","Nebraska","All","0.86","0.84","0.01","0.01"
"2023-08-19","North Dakota","All","1.12","1.09","0.02","0.04"
"2023-08-19","South Carolina","All","3.46","3.21","0.21","0.06"
"2023-08-19","United States","All","2.18","1.97","0.18","0.05"
"2023-08-19","West Virginia","All","1.44","1.33","0.11","0.01"
"2023-08-19","Wyoming","All","1.5","1.44","0.06","0"
"2023-08-26","Alaska","All","2.26","1.95","0.25","0.07"
"2023-08-26","Connecticut","All","1.85","1.73","0.1","0.02"
"2023-08-26","Georgia","All","2.85","2.54","0.24","0.09"
"2023-08-26","Illinois","All","2","1.89","0.08","0.03"
"2023-08-26","Indiana","All","2.04","1.91","0.11","0.02"
"2023-08-26","Iowa","All","2.5","2.24","0.22","0.07"
"2023-08-26","Kansas","All","1.73","1.63","0.1","0.02"
"2023-08-26","Maryland","All","1.99","1.9","0.06","0.02"
"2023-08-26","Massachusetts","All","1.82","1.71","0.09","0.04"
"2023-08-26","Mississippi","All","4.31","3.7","0.58","0.1"
"2023-08-26","New Mexico","All","2.34","2.22","0.11","0.01"
"2023-08-26","North Dakota","All","0.93","0.86","0.05","0.02"
"2023-08-26","Oklahoma","All","1.64","1.6","0.03","0.02"
"2023-08-26","Oregon","All","2.43","2.35","0.07","0.01"
"2023-08-26","Pennsylvania","All","1.14","1.08","0.05","0.01"
"2023-08-26","Rhode Island","All","1.48","1.41","0.06","0.02"
"2023-08-26","South Carolina","All","4.24","3.94","0.27","0.06"
"2023-08-26","Vermont","All","1.48","1.42","0.06","0"
"2023-08-26","Virginia","All","2.64","2.44","0.16","0.05"
"2023-08-26","West Virginia","All","1.83","1.72","0.07","0.06"
"2023-08-26","Wyoming","All","1.62","1.62","0","0"
"2023-09-02","Arizona","All","1.92","1.79","0.12","0.02"
"2023-09-02","California","All","2.56","2.49","0.1","0.02"
"2023-09-02","Delaware","All","1.48","1.39","0.05","0.05"
"2023-09-02","District of Columbia","All","2.45","2.23","0.04","0.2"
"2023-09-02","Georgia","All","2.39","1.99","0.28","0.13"
"2023-09-02","Hawaii","All","5.02","3.94","1.1","0.02"
"2023-09-02","Illinois","All","2.07","1.96","0.08","0.04"
"2023-09-02","Kansas","All","2","1.91","0.07","0.02"
"2023-09-02","Maine","All","1.55","1.5","0.04","0"
"2023-09-02","Michigan","All","1.6","1.52","0.07","0.01"
"2023-09-02","Missouri","All",,"0.13","0","0"
"2023-09-02","Montana","All","1.79","1.75","0.01","0.03"
"2023-09-02","Nevada","All","2.05","1.79","0.24","0.04"
"2023-09-02","New Jersey","All","1.62","1.5","0.09","0.03"
"2023-09-02","North Carolina","All","3.67","3.23","0.55","0.04"
"2023-09-02","Texas","All","4.27","3.78","0.42","0.11"
"2023-09-02","Virginia","All","2.82","2.57","0.21","0.06"
"2023-09-09","Alaska","All","3.07","2.57","0.52","0.06"
"2023-09-09","Idaho","All","2.23","2.13","0.09","0.01"
"2023-09-09","Louisiana","All","3.53","3.16","0.28","0.12"
"2023-09-09","Maine","All","1.78","1.77","0.03","0.01"
"2023-09-09","Minnesota","All","1.82","1.71","0.08","0.04"
"2023-09-09","Mississippi","All","3.36","2.81","0.41","0.19"
"2023-09-09","Missouri","All",,"0.13","0.01","0"
"2023-09-09","Ohio","All","2.27","2.13","0.09","0.03"
"2023-09-09","Oklahoma","All","1.72","1.57","0.11","0.04"
"2023-09-09","South Dakota","All",,"1.27","0.02","0"
"2023-09-09","Virginia","All","2.96","2.69","0.21","0.07"
"2023-09-09","Wisconsin","All","1.38","1.34","0.04","0.01"
"2023-09-09","Wyoming","All","2.34","2.25","0.11","0"
"2023-09-16","Arizona","All","1.88","1.7","0.16","0.03"
"2023-09-16","Iowa","All","2.8","2.56","0.19","0.08"
"2023-09-16","Louisiana","All","2.82","2.44","0.26","0.14"
"2023-09-16","Maryland","All","2.22","2.05","0.09","0.09"
"2023-09-16","Massachusetts","All","2.16","2.01","0.09","0.06"
"2023-09-16","New Hampshire","All",,"2.28","0.05","0.05"
"2023-09-16","New York","All","1.97","1.86","0.09","0.03"
"2023-09-16","North Carolina","All","4","3.41","0.66","0.05"
"2023-09-16","Rhode Island","All","1.75","1.63","0.1","0.03"
"2023-09-16","South Carolina","All","3.28","2.76","0.42","0.15"
"2023-09-23","Arkansas","All","2.3","2.06","0.19","0.08"
"2023-09-23","Delaware","All","2.16","1.93","0.08","0.16"
"2023-09-23","District of Columbia","All","2.42","2.05","0.13","0.27"
"2023-09-23","Hawaii","All","4.9","2.89","1.83","0.21"
"2023-09-23","Kentucky","All","2.25","1.98","0.17","0.11"
"2023-09-23","Louisiana","All","2.17","1.67","0.29","0.21"
"2023-09-23","Maine","All","1.75","1.69","0.01","0.04"
"2023-09-23","Maryland","All","2.3","2.1","0.14","0.07"
"2023-09-23","Massachusetts","All","2.41","2.2","0.1","0.12"
"2023-09-23","New Hampshire","All",,"2.12","0.12","0.07"
"2023-09-23","Rhode Island","All","1.96","1.77","0.16","0.06"
"2023-09-23","Utah","All","2.27","2.11","0.12","0.05"
"2023-09-23","West Virginia","All","2.69","2.58","0.09","0.04"
"2023-09-30","Colorado","All","2.13","1.99","0.13","0.03"
"2023-09-30","Florida","All","3.25","1.45","1.34","0.5"
"2023-09-30","Indiana","All","1.52","1.29","0.15","0.08"
"2023-09-30","Iowa","All","2.42","2.24","0.16","0.05"
"2023-09-30","Maine","All","1.89","1.83","0.04","0.01"
"2023-09-30","Massachusetts","All","2.44","2.16","0.13","0.16"
"2023-09-30","New Jersey","All","1.98","1.74","0.15","0.1"
"2023-09-30","North Carolina","All","3.16","2.48","0.64","0.12"
"2023-09-30","Wyoming","All","3.02","2.65","0.29","0.07"
"2023-10-07","Alabama","All","2.17","1.23","0.52","0.45"
"2023-10-07","Arizona","All","2.5","2.26","0.23","0.04"
"2023-10-07","District of Columbia","All","2","1.18","0.15","0.72"
"2023-10-07","Illinois","All","1.59","1.28","0.15","0.17"
"2023-10-07","Iowa","All","2.16","1.92","0.19","0.09"
"2023-10-07","Louisiana","All","1.99","1.11","0.52","0.39"
"2023-10-07","Mississippi","All","2.66","1.32","0.66","0.74"
"2023-10-07","Nevada","All","1.83","1.58","0.2","0.06"
"2023-10-07","Oregon","All","2.99","2.8","0.14","0.06"
"2023-10-07","Tennessee","All","1.97","1.13","0.36","0.5"
"2023-10-07","United States","All","2.07","1.47","0.38","0.23"
"2023-10-14","Arizona","All","2.67","2.37","0.27","0.06"
"2023-10-14","Delaware","All","1.88","1.32","0.06","0.51"
"2023-10-14","Florida","All","3.78","1.08","2.03","0.71"
"2023-10-14","Hawaii","All","5.88","2.49","2.97","0.48"
"2023-10-14","Kentucky","All","2.21","1.67","0.25","0.29"
"2023-10-14","Montana","All","2.83","2.73","0.07","0.02"
"2023-10-14","New York","All","1.45","1.22","0.12","0.12"
"2023-10-14","Oregon","All","2.5","2.35","0.11","0.05"
"2023-10-14","Rhode Island","All","1.65","1.45","0.1","0.11"
"2023-10-14","Texas","All","2.25","1.08","0.66","0.55"
"2023-10-14","United States","All","2.09","1.35","0.46","0.29"
"2023-10-14","Utah","All","2.09","1.79","0.26","0.05"
"2023-10-14","West Virginia","All","2.21","2","0.09","0.12"
"2023-10-14","Wyoming","All","2.26","2.1","0.16","0"
"2023-10-21","Alaska","All","5.83","1.24","4.44","0.18"
"2023-10-21","Arizona","All","2.98","2.59","0.32","0.09"
"2023-10-21","Arkansas","All","2.01","1.02","0.7","0.32"
"2023-10-21","Colorado","All","2.93","2.46","0.4","0.08"
"2023-10-21","Connecticut","All","1.81","1.51","0.13","0.18"
"2023-10-21","Delaware","All","2.1","1.13","0.22","0.76"
"2023-10-21","District of Columbia","All","2.76","1.28","0.11","1.38"
"2023-10-21","Georgia","All","1.8","0.63","0.5","0.7"
"2023-10-21","Massachusetts","All","2.08","1.6","0.11","0.39"
"2023-10-21","Nebraska","All","1.21","1.06","0.1","0.05"
"2023-10-21","Pennsylvania","All","1.46","1.21","0.1","0.16"
"2023-10-21","Rhode Island","All","1.6","1.36","0.11","0.13"
"2023-10-21","Virginia","All","2.43","1.59","0.39","0.5"
"2023-10-21","Wyoming","All","2.43","2.28","0.22","0"
"2023-10-28","Alabama","All","3.33","1.13","1.38","0.87"
"2023-10-28","Alaska","All","7.02","1.29","5.45","0.39"
"2023-10-28","Arizona","All","3.01","2.52","0.39","0.11"
"2023-10-28","District of Columbia","All","2.71","1.16","0.07","1.52"
"2023-10-28","Florida","All","4.55","0.94","2.84","0.83"
"2023-10-28","Georgia","All","1.89","0.67","0.56","0.68"
"2023-10-28","Idaho","All","1.93","1.68","0.19","0.07"
"2023-10-28","Michigan","All","1.83","1.56","0.13","0.15"
"2023-10-28","Montana","All","2.2","2.11","0.04","0.07"
"2023-10-28","Nebraska","All","1.59","1.42","0.03","0.16"
"2023-10-28","Nevada","All","2.14","1.72","0.3","0.13"
"2023-10-28","New Jersey","All","1.62","0.98","0.24","0.41"
"2023-10-28","Oklahoma","All","1.96","1.6","0.17","0.19"
"2023-10-28","Rhode Island","All","1.52","1.03","0.12","0.39"
"2023-10-28","South Carolina","All","2.73","1.23","0.74","0.77"
"2023-10-28","Tennessee","All","2.49","1.25","0.44","0.84"
"2023-10-28","Texas","All","3.16","1.18","1.08","0.97"
"2023-10-28","Utah","All","2.35","1.93","0.39","0.06"
"2023-10-28","West Virginia","All","2.87","2.52","0.13","0.25"
"2023-10-28","Wisconsin","All","2","1.8","0.07","0.13"
"2023-10-28","Wyoming","All","2.14","2.1","0.04","0"
"2023-11-04","Alaska","All","8.86","1.39","6.94","0.6"
"2023-11-04","Arkansas","All","2.22","0.9","0.68","0.69"
"2023-11-04","Georgia","All","2.12","0.66","0.75","0.73"
"2023-11-04","Hawaii","All","4.88","1.67","2.72","0.53"
"2023-11-04","Indiana","All","2.06","1.41","0.24","0.41"
"2023-11-04","Kansas","All","1.98","1.64","0.22","0.13"
"2023-11-04","Maryland","All","2.67","1.46","0.28","0.95"
"2023-11-04","Montana","All","2.43","2.27","0.11","0.05"
"2023-11-04","Nevada","All","2.23","1.58","0.51","0.16"
"2023-11-04","New Jersey","All","1.68","0.88","0.32","0.5"
"2023-11-04","New Mexico","All","5.54","4.9","0.29","0.38"
"2023-11-04","New York","All","1.52","0.96","0.18","0.39"
"2023-11-04","North Carolina","All","3.41","1.49","1.22","0.78"
"2023-11-04","Rhode Island","All","1.46","0.89","0.21","0.36"
"2023-11-04","South Carolina","All","3.45","1.38","1.22","0.9"
"2023-11-04","Tennessee","All","2.8","1.32","0.54","1"
"2023-11-04","Virginia","All","2.89","1.6","0.54","0.77"
"2023-11-04","Wyoming","All","3.15","2.79","0.24","0.12"
"2023-11-11","California","All","2.11","1.22","0.56","0.37"
"2023-11-11","Connecticut","All","2.37","1.63","0.27","0.48"
"2023-11-11","Idaho","All","2.09","1.82","0.21","0.08"
"2023-11-11","Maryland","All","3.34","1.63","0.44","1.29"
"2023-11-11","North Dakota","All","2.38","2.12","0.15","0.13"
"2023-11-11","Rhode Island","All","1.83","1.03","0.19","0.64"
"2023-11-11","South Carolina","All","4.86","1.57","2.27","1.08"
"2023-11-11","United States","All","3.39","1.51","1.19","0.72"
"2023-11-11","Wisconsin","All","2.61","2.1","0.33","0.2"
"2023-11-18","Arizona","All","4.7","2.95","1.54","0.27"
"2023-11-18","Arkansas","All","3.47","1.16","0.85","1.53"
"2023-11-18","District of Columbia","All","2.81","1.05","0.36","1.46"
"2023-11-18","Maryland","All","3.77","1.76","0.59","1.49"
"2023-11-18","Minnesota","All","3.9","2.83","0.49","0.6"
"2023-11-18","Mississippi","All","5.72","1.37","3.17","1.24"
"2023-11-18","Montana","All","3.51","2.9","0.58","0.08"
"2023-11-18","New Hampshire","All",,"1.5","0.17","0.47"
"2023-11-18","New Jersey","All","2.39","1.06","0.54","0.81"
"2023-11-18","Oregon","All","2.23","1.64","0.27","0.33"
"2023-11-18","Tennessee","All","4.02","1.54","1.04","1.5"
"2023-11-18","Texas","All","5","1.2","2.39","1.49"
"2023-11-18","Washington","All","2.64","1.4","0.7","0.58"
"2023-11-18","Wyoming","All","3.73","2.94","0.63","0.2"
"2023-11-25","Arizona","All","4.88","2.69","1.84","0.41"
"2023-11-25","California","All","3.31","1.58","1.25","0.65"
"2023-11-25","Hawaii","All","4.8","1.49","2.77","0.61"
"2023-11-25","Iowa","All","5.1","3.67","0.94","0.54"
"2023-11-25","Kentucky","All","5.88","3.14","0.97","1.85"
"2023-11-25","Louisiana","All","7.33","1.15","4.67","1.64"
"2023-11-25","Maryland","All","4.49","2.05","0.91","1.59"
"2023-11-25","Massachusetts","All","3.91","1.9","0.65","1.4"
"2023-11-25","Minnesota","All","4.14","2.79","0.56","0.8"
"2023-11-25","Missouri","All",,"0.22","0.09","0.06"
"2023-11-25","Oklahoma","All","4.2","2.39","0.59","1.22"
"2023-11-25","Pennsylvania","All","3.58","1.92","0.72","0.97"
"2023-11-25","Rhode Island","All","3.32","1.59","0.65","1.12"
"2023-11-25","South Dakota","All",,"2.9","0.43","0.15"
"2023-11-25","Texas","All","5.54","1.29","2.65","1.7"
"2023-11-25","United States","All","4.56","1.89","1.73","1"
"2023-11-25","Virginia","All","4.68","2.26","1.37","1.11"
"2023-11-25","West Virginia","All","5.91","4.09","0.6","1.28"
"2023-11-25","Wisconsin","All","4.36","3.28","0.58","0.51"
"2023-12-02","Florida","All","5.31","1.04","3.75","0.59"
"2023-12-02","Iowa","All","5.89","4.06","1.28","0.65"
"2023-12-02","Louisiana","All","6.79","1.26","4.3","1.3"
"2023-12-02","Michigan","All","4.61","3.3","0.6","0.77"
"2023-12-02","Minnesota","All","5.32","3.53","0.8","1.05"
"2023-12-02","Nebraska","All","3.41","2.44","0.35","0.64"
"2023-12-02","New Mexico","All","6.25","3.64","1.71","1.06"
"2023-12-02","North Dakota","All","4.55","3.42","0.86","0.29"
"2023-12-02","Oklahoma","All","4.05","2.41","0.53","1.16"
"2023-12-02","South Dakota","All",,"2.88","0.7","0.29"
"2023-12-02","Tennessee","All","4.95","1.84","1.79","1.43"
"2023-12-02","Vermont","All","4.32","2.95","0.78","0.52"
"2023-12-02","Virginia","All","5.03","2.51","1.59","1"
"2023-12-02","West Virginia","All","6.51","4.16","0.78","1.67"
"2023-12-09","California","All","4.19","1.77","2.12","0.71"
"2023-12-09","Colorado","All","5.77","2.3","2.94","0.63"
"2023-12-09","Delaware","All","5.48","2.23","1.54","1.78"
"2023-12-09","District of Columbia","All","3.76","1.51","1.44","0.89"
"2023-12-09","Maine","All","4.51","3.11","0.64","0.8"
"2023-12-09","Maryland","All","5.25","2.21","1.91","1.22"
"2023-12-09","Massachusetts","All","5.27","2.48","1.44","1.45"
"2023-12-09","Michigan","All","4.94","3.19","0.86","0.95"
"2023-12-09","Missouri","All",,"0.35","0.16","0.15"
"2023-12-09","Montana","All","4.54","2.71","1.64","0.24"
"2023-12-09","New Hampshire","All",,"2.88","0.99","1.28"
"2023-12-09","New Jersey","All","4.36","1.81","1.81","0.79"
"2023-12-09","North Dakota","All","4.3","3.1","0.92","0.28"
"2023-12-09","Ohio","All","4.76","3.04","1.01","0.74"
"2023-12-09","United States","All","5.51","2.12","2.55","0.93"
"2023-12-09","Vermont","All","4.97","3.15","0.81","1.01"
"2023-12-09","West Virginia","All","6.85","4.06","1.23","1.66"
"2023-12-16","Alabama","All","11.31","2.12","8.29","1.05"
"2023-12-16","Arizona","All","7.52","2.36","4.67","0.61"
"2023-12-16","Arkansas","All","6.89","2.3","2.54","2.15"
"2023-12-16","Florida","All","6.86","1.55","4.94","0.45"
"2023-12-16","Illinois","All","7.28","3.49","2.61","1.3"
"2023-12-16","Maryland","All","6.23","2.11","3.07","1.15"
"2023-12-16","Mississippi","All","9.38","2.1","6.81","0.58"
"2023-12-16","Missouri","All",,"0.49","0.28","0.27"
"2023-12-16","Montana","All","6.35","2.87","3.13","0.51"
"2023-12-16","Nebraska","All","4.47","2.91","0.81","0.79"
"2023-12-16","Nevada","All","5.74","1.58","3.5","0.76"
"2023-12-16","New Jersey","All","6.31","2.46","3.11","0.83"
"2023-12-16","Ohio","All","5.67","3.3","1.61","0.82"
"2023-12-16","Oklahoma","All","5.34","2.96","1","1.44"
"2023-12-16","Tennessee","All","7.06","2","4.11","1.09"
"2023-12-16","United States","All","6.9","2.36","3.7","0.96"
"2023-12-16","Vermont","All","4.87","2.86","1.09","0.91"
"2023-12-16","West Virginia","All","7.96","4.07","1.75","2.35"
"2023-12-23","Arizona","All","10.7","2.71","7.34","0.88"
"2023-12-23","Delaware","All","7.44","3.17","3.44","0.95"
"2023-12-23","Georgia","All","9.4","1.66","7.58","0.3"
"2023-12-23","Indiana","All","9.22","3.92","4.34","1.11"
"2023-12-23","Kansas","All","6.49","3.08","2.2","1.34"
"2023-12-23","Kentucky","All","8.73","3.36","3.77","1.8"
"2023-12-23","Maryland","All","8.87","2.97","5.09","1"
"2023-12-23","Missouri","All",,"0.77","0.52","0.46"
"2023-12-23","Montana","All","8.96","2.74","5.81","0.59"
"2023-12-23","New Hampshire","All",,"3.31","2.87","1.05"
"2023-12-23","New Mexico","All","13.01","2.71","8","2.62"
"2023-12-23","New York","All","7.05","2.75","3.6","0.84"
"2023-12-23","Oregon","All","4.96","2.12","1.93","1.01"
"2023-12-23","Rhode Island","All","6.89","3.21","2.7","1.11"
"2023-12-23","Tennessee","All","10.45","2.51","7.12","1.06"
"2023-12-23","Vermont","All","6.96","3.35","2.2","1.48"
"2023-12-23","Washington","All","6.49","2.24","2.93","1.44"
"2023-12-30","Hawaii","All","7.01","2.07","4.59","0.54"
"2023-12-30","Illinois","All","10.37","4.35","4.99","1.28"
"2023-12-30","Iowa","All","11.06","5.68","3.66","2.06"
"2023-12-30","Massachusetts","All","9.71","4.41","4.41","1.08"
"2023-12-30","Missouri","All",,"1.7","1.22","0.89"
"2023-12-30","New Jersey","All","10.58","4.19","5.93","0.66"
"2023-12-30","Utah","All","12.18","3.58","7.47","1.46"
"2023-12-30","Vermont","All","8.37","4.15","2.5","1.85"
"2023-12-30","Washington","All","7.21","2.77","3.02","1.57"
"2024-01-06","Alaska","All","6.69","4.25","0.89","1.72"
"2024-01-06","California","All","6.1","2.61","2.85","0.88"
"2024-01-06","Georgia","All","6.75","1.9","4.7","0.26"
"2024-01-06","Massachusetts","All","8.19","4.17","3.36","0.86"
"2024-01-06","New Hampshire","All",,"3.48","2.39","0.83"
"2024-01-06","New Mexico","All","11.17","2.54","6.47","2.42"
"2024-01-06","New York","All","7.21","3.46","3.19","0.71"
"2024-01-06","South Dakota","All",,"3.14","2.37","0.85"
"2024-01-06","Vermont","All","8.15","4.12","2.11","1.98"
"2024-01-06","Washington","All","6.63","2.83","2.52","1.42"
"2024-01-06","Wisconsin","All","7.98","3.57","3.18","1.43"
"2024-01-13","California","All","4.53","2.11","2.05","0.61"
"2024-01-13","Idaho","All","5.69","2.46","2.49","0.86"
"2024-01-13","Indiana","All","6.75","2.54","3.62","0.68"
"2024-01-13","Iowa","All","8.46","3.28","3.4","2.02"
"2024-01-13","Kentucky","All","7.77","2.72","4.32","0.92"
"2024-01-13","Maine","All","6.35","3.17","2.36","0.9"
"2024-01-13","Massachusetts","All","6.77","3.39","3","0.53"
"2024-01-13","Nevada","All","5.25","1.63","2.97","0.79"
"2024-01-13","New Hampshire","All",,"3.6","2.59","0.64"
"2024-01-13","South Dakota","All",,"2.82","2.22","1"
"2024-01-13","Virginia","All","7.24","3.26","3.79","0.32"
"2024-01-13","Washington","All","5.47","2.72","1.86","0.99"
"2024-01-13","West Virginia","All","9.13","3.35","4.19","1.85"
"2024-01-20","Arkansas","All","8.8","1.95","6.25","0.8"
"2024-01-20","Connecticut","All","5.11","2.87","2.13","0.2"
"2024-01-20","Illinois","All","5.3","2.28","2.45","0.68"
"2024-01-20","Indiana","All","6.36","2.04","3.93","0.5"
"2024-01-20","Iowa","All","6.35","2.23","2.87","1.42"
"2024-01-20","Montana","All","7.57","1.82","5.14","0.74"
"2024-01-20","New Jersey","All","5.93","2.78","2.99","0.27"
"2024-01-20","Utah","All","6.8","1.9","3.85","1.26"
"2024-01-27","Hawaii","All","4.73","2.6","1.89","0.26"
"2024-01-27","Idaho","All","4.45","1.53","1.97","1.01"
"2024-01-27","Kansas","All","4.51","1.54","2.36","0.67"
"2024-01-27","Maryland","All","4.21","1.91","2.16","0.22"
"2024-01-27","Massachusetts","All","5.33","2.4","2.73","0.31"
"2024-01-27","Michigan","All","4.92","1.92","2.6","0.47"
"2024-01-27","Minnesota","All","6.98","2.23","3.73","1.16"
"2024-01-27","Missouri","All",,"1.51","2.42","0.58"
"2024-01-27","Montana","All","6.85","1.53","4.85","0.67"
"2024-01-27","New Jersey","All","5.14","2.21","2.8","0.21"
"2024-01-27","New Mexico","All","7.44","1.89","4.53","1.18"
"2024-01-27","New York","All","4.75","1.93","2.63","0.27"
"2024-01-27","Texas","All","9.38","2.72","6.58","0.26"
"2024-01-27","Vermont","All","5.32","2.11","2.18","1.15"
"2024-01-27","Washington","All","4.94","2.54","1.9","0.58"
"2024-01-27","Wyoming","All","6.7","1.73","4.47","0.73"
"2024-02-03","California","All","3.08","1.48","1.31","0.38"
"2024-02-03","Colorado","All","4.7","1.42","2.77","0.6"
"2024-02-03","Connecticut","All","4.47","2.21","2.16","0.15"
"2024-02-03","Florida","All","5.51","2.35","3.08","0.17"
"2024-02-03","Georgia","All","5.35","2.11","3.22","0.12"
"2024-02-03","Indiana","All","6.33","1.52","4.6","0.28"
"2024-02-03","Maine","All","4.81","1.77","2.6","0.48"
"2024-02-03","Montana","All","6.23","1.28","4.39","0.75"
"2024-02-03","Nebraska","All","4.11","1.24","2.39","0.55"
"2024-02-03","New Mexico","All","7.49","1.83","4.72","1.1"
"2024-02-03","North Carolina","All","7.21","2.99","4.13","0.37"
"2024-02-03","North Dakota","All","5.67","1.42","3.36","1"
"2024-02-03","Ohio","All","6.33","1.58","4.47","0.26"
"2024-02-03","Virginia","All","5.11","2.19","2.84","0.16"
"2024-02-10","Alabama","All","6.08","2.73","3.28","0.16"
"2024-02-10","Arizona","All","3.84","1.52","1.82","0.58"
"2024-02-10","Idaho","All","4.27","1.27","2.06","1"
"2024-02-10","Minnesota","All","7.16","1.87","4.33","1.09"
"2024-02-10","New Jersey","All","4.55","1.7","2.77","0.15"
"2024-02-10","North Dakota","All","4.76","1.51","2.55","0.86"
"2024-02-10","Ohio","All","7.2","1.53","5.42","0.23"
"2024-02-10","Rhode Island","All","4.14","1.44","2.63","0.1"
"2024-02-10","South Carolina","All","6.02","3.23","2.69","0.17"
"2024-02-10","Tennessee","All","4.96","1.95","2.89","0.2"
"2024-02-10","Texas","All","7.91","2.56","5.3","0.2"
"2024-02-10","Virginia","All","5.42","2.21","3.16","0.11"
"2024-02-10","West Virginia","All","6.91","1.5","4.92","0.61"
"2024-02-10","Wyoming","All","8.09","1.32","5.45","1.42"
"2024-02-17","Alabama","All","5.61","2.71","2.82","0.15"
"2024-02-17","Arizona","All","3.28","1.29","1.61","0.45"
"2024-02-17","Arkansas","All","8.98","2.04","6.87","0.2"
"2024-02-17","Colorado","All","3.7","1.02","2.22","0.51"
"2024-02-17","District of Columbia","All","3.86","1.73","2.11","0.14"
"2024-02-17","Georgia","All","4.4","1.97","2.39","0.11"
"2024-02-17","Idaho","All","4.21","1.07","2.32","0.88"
"2024-02-17","Illinois","All","4.98","1.82","2.91","0.34"
"2024-02-17","Iowa","All","7.28","1.48","4.86","1.06"
"2024-02-17","Louisiana","All","5.08","2.83","2.26","0.1"
"2024-02-17","Ohio","All","7.59","1.5","5.9","0.2"
"2024-02-17","Oklahoma","All","6.24","1.51","4.49","0.33"
"2024-02-17","Pennsylvania","All","4.55","1.41","2.99","0.19"
"2024-02-17","West Virginia","All","8.21","1.47","6.09","0.76"
"2024-02-24","Alaska","All","4.16","1.99","1.74","0.53"
"2024-02-24","Arkansas","All","8.41","1.99","6.29","0.29"
"2024-02-24","Delaware","All","6.26","1.68","4.54","0.13"
"2024-02-24","District of Columbia","All","4.03","1.5","2.49","0.12"
"2024-02-24","Georgia","All","3.53","1.72","1.78","0.09"
"2024-02-24","Hawaii","All","4.12","1.95","2.05","0.14"
"2024-02-24","Iowa","All","7.38","1.41","5.05","1.1"
"2024-02-24","Kentucky","All","7.42","2.13","5.15","0.24"
"2024-02-24","Nebraska","All","5.31","1.16","3.89","0.37"
"2024-02-24","Nevada","All","2.72","0.77","1.62","0.36"
"2024-02-24","New Hampshire","All",,"0.95","1.85","0.14"
"2024-02-24","Pennsylvania","All","4.63","1.19","3.36","0.15"
"2024-02-24","South Carolina","All","4.67","2.63","1.95","0.11"
"2024-02-24","Texas","All","4.99","1.68","3.23","0.16"
"2024-02-24","United States","All","4.74","1.59","3.07","0.24"
"2024-02-24","Washington","All","3.62","1.86","1.33","0.48"
"2024-02-24","Wisconsin","All","5.53","1.45","3.55","0.59"
"2024-03-02","Connecticut","All","4.06","1.16","2.89","0.06"
"2024-03-02","Georgia","All","2.86","1.31","1.5","0.08"
"2024-03-02","Maryland","All","4.83","1.28","3.5","0.11"
"2024-03-02","Minnesota","All","6.06","1.12","4.39","0.6"
"2024-03-02","Mississippi","All","3.82","2.14","1.63","0.11"
"2024-03-02","New Hampshire","All",,"0.86","2.08","0.34"
"2024-03-02","South Carolina","All","4.02","2.09","1.89","0.09"
"2024-03-02","Tennessee","All","4.91","2.14","2.74","0.12"
"2024-03-02","Texas","All","3.76","1.28","2.39","0.14"
"2024-03-02","Virginia","All","5.32","1.6","3.7","0.07"
"2024-03-02","Washington","All","3.01","1.6","1.08","0.37"
"2024-03-09","District of Columbia","All","3.15","0.86","2.21","0.11"
"2024-03-09","Hawaii","All","2.55","1.14","1.27","0.15"
"2024-03-09","Kansas","All","5.34","1.01","4.11","0.28"
"2024-03-09","Kentucky","All","5.37","1.59","3.71","0.16"
"2024-03-09","Maryland","All","4.05","1.08","2.92","0.1"
"2024-03-09","Michigan","All","6.09","1.24","4.71","0.21"
"2024-03-09","Minnesota","All","5.95","0.96","4.61","0.45"
"2024-03-09","Mississippi","All","2.85","1.49","1.33","0.08"
"2024-03-09","Missouri","All",,"0.87","3.74","0.28"
"2024-03-09","Nevada","All","1.73","0.47","1.05","0.24"
"2024-03-09","New Jersey","All","3.58","0.77","2.75","0.09"
"2024-03-09","Oregon","All","2.45","1.12","1.07","0.29"
"2024-03-09","Rhode Island","All","3.29","0.6","2.69","0.02"
"2024-03-09","Tennessee","All","3.83","1.58","2.16","0.15"
"2024-03-09","Texas","All","3.03","0.98","1.97","0.11"
"2024-03-09","Wisconsin","All","4.67","1.03","3.26","0.43"
"2024-03-09","Wyoming","All","3.43","0.67","2.01","0.79"
"2024-03-16","California","All","1.23","0.49","0.65","0.1"
"2024-03-16","Colorado","All","2.37","0.65","1.48","0.28"
"2024-03-16","Delaware","All","4.1","0.78","3.28","0.07"
"2024-03-16","Florida","All","2.65","0.81","1.79","0.08"
"2024-03-16","Indiana","All","3.93","0.8","3.03","0.13"
"2024-03-16","Louisiana","All","2.27","1.18","1.06","0.06"
"2024-03-16","North Dakota","All","3.55","0.94","1.99","0.61"
"2024-03-16","Oklahoma","All","3.33","0.83","2.4","0.13"
"2024-03-16","Oregon","All","2.67","1.03","1.41","0.25"
"2024-03-16","Texas","All","2.27","0.76","1.44","0.1"
"2024-03-16","Vermont","All","2.35","0.54","1.58","0.27"
"2024-03-16","Washington","All","2.51","1.12","1.21","0.2"
"2024-03-16","Wisconsin","All","4.09","0.77","3.05","0.33"
"2024-03-16","Wyoming","All","2.97","0.69","1.46","0.81"
"2024-03-23","Illinois","All","3.3","0.67","2.49","0.15"
"2024-03-23","Iowa","All","4.2","0.6","3.16","0.49"
"2024-03-23","Kentucky","All","3.08","1","2","0.11"
"2024-03-23","Mississippi","All","1.52","0.77","0.72","0.05"
"2024-03-23","New Hampshire","All",,"0.49","1.25","0.12"
"2024-03-23","North Dakota","All","2.72","0.44","1.9","0.4"
"2024-03-23","Pennsylvania","All","2.34","0.53","1.76","0.06"
"2024-03-23","Texas","All","1.68","0.65","0.98","0.08"
"2024-03-23","Utah","All","2.03","0.77","0.95","0.33"
"2024-03-23","Wyoming","All","2.76","0.88","1.4","0.52"
"2024-03-30","Alabama","All","1.74","0.73","0.94","0.09"
"2024-03-30","Arkansas","All","2.08","0.58","1.45","0.08"
"2024-03-30","Colorado","All","1.49","0.47","0.83","0.19"
"2024-03-30","Connecticut","All","2.16","0.56","1.59","0.02"
"2024-03-30","District of Columbia","All","2.27","0.67","1.55","0.05"
"2024-03-30","Georgia","All","1.28","0.65","0.59","0.05"
"2024-03-30","Indiana","All","3.01","0.62","2.3","0.1"
"2024-03-30","Kansas","All","2.44","0.49","1.78","0.19"
"2024-03-30","Nevada","All","1.3","0.32","0.9","0.09"
"2024-03-30","New Jersey","All","2.36","0.52","1.81","0.05"
"2024-03-30","North Dakota","All","2.67","0.53","1.82","0.37"
"2024-03-30","Texas","All","1.42","0.53","0.84","0.07"
"2024-03-30","United States","All","2.1","0.59","1.46","0.1"
"2024-03-30","Vermont","All","1.71","0.22","1.34","0.14"
"2024-03-30","Virginia","All","2.37","0.66","1.7","0.04"
"2024-04-06","Florida","All","1.69","0.56","1.08","0.07"
"2024-04-06","Iowa","All","2.98","0.47","2.1","0.43"
"2024-04-06","Kentucky","All","2.49","0.78","1.65","0.09"
"2024-04-06","Massachusetts","All","2.24","0.51","1.69","0.06"
"2024-04-06","Nebraska","All","2.15","0.24","1.77","0.17"
"2024-04-06","New Hampshire","All",,"0.49","0.92","0.07"
"2024-04-06","Ohio","All","2.07","0.53","1.46","0.06"
"2024-04-06","Oregon","All","1.72","0.65","0.96","0.12"
"2024-04-06","Virginia","All","1.84","0.57","1.23","0.06"
"2024-04-13","Arkansas","All","1.41","0.43","0.96","0.05"
"2024-04-13","California","All","0.84","0.32","0.47","0.05"
"2024-04-13","Delaware","All","1.62","0.47","1.06","0.1"
"2024-04-13","Illinois","All","2.09","0.53","1.45","0.12"
"2024-04-13","Kansas","All","1.45","0.34","1.04","0.09"
"2024-04-13","Massachusetts","All","1.86","0.46","1.34","0.06"
"2024-04-13","Michigan","All","2.26","0.47","1.73","0.07"
"2024-04-13","New York","All","1.49","0.39","1.07","0.04"
"2024-04-13","Rhode Island","All","1.25","0.29","0.97","0.02"
"2024-04-13","Tennessee","All","1.35","0.51","0.79","0.07"
"2024-04-13","Wyoming","All","0.58","0.13","0.38","0.08"
"2024-04-20","Arkansas","All","1.11","0.4","0.7","0.03"
"2024-04-20","California","All","0.81","0.32","0.44","0.03"
"2024-04-20","Colorado","All","0.88","0.38","0.43","0.08"
"2024-04-20","Michigan","All","1.63","0.43","1.13","0.07"
"2024-04-20","Minnesota","All","1.76","0.46","1.18","0.14"
"2024-04-20","Nebraska","All","1.31","0.24","0.98","0.11"
"2024-04-20","New Mexico","All","1.77","0.62","1.06","0.1"
"2024-04-20","North Carolina","All","1.26","0.5","0.74","0.06"
"2024-04-20","North Dakota","All","1.41","0.47","0.84","0.12"
"2024-04-20","South Dakota","All",,"0.21","0.75","0.34"
"2024-04-27","Alaska","All","2.35","0.21","2.03","0.15"
"2024-04-27","Arkansas","All","0.83","0.27","0.52","0.05"
"2024-04-27","California","All","0.77","0.33","0.38","0.03"
"2024-04-27","Colorado","All","0.79","0.37","0.35","0.08"
"2024-04-27","Georgia","All","0.53","0.22","0.27","0.05"
"2024-04-27","Idaho","All","0.97","0.45","0.42","0.1"
"2024-04-27","Michigan","All","1.24","0.36","0.82","0.06"
"2024-04-27","Minnesota","All","1.34","0.4","0.86","0.08"
"2024-04-27","Mississippi","All","0.88","0.39","0.48","0.03"
"2024-04-27","Missouri","All",,"0.28","0.47","0.08"
"2024-04-27","New Jersey","All","0.91","0.35","0.55","0.02"
"2024-04-27","North Carolina","All","1.1","0.39","0.69","0.04"
"2024-04-27","North Dakota","All","0.82","0.33","0.46","0.05"
"2024-04-27","Oregon","All","1.1","0.37","0.69","0.05"
"2024-04-27","Rhode Island","All","0.5","0.22","0.26","0.02"
"2024-04-27","South Dakota","All",,"0.09","0.45","0.21"
"2024-04-27","Tennessee","All","0.83","0.28","0.51","0.06"
"2024-04-27","Utah","All","0.77","0.37","0.33","0.07"
"2024-05-04","Alaska","All","2.24","0.3","1.8","0.15"
"2024-05-04","Connecticut","All","0.97","0.41","0.55","0.01"
"2024-05-04","Delaware","All","0.81","0.46","0.3","0.04"
"2024-05-04","Florida","All","1.17","0.41","0.74","0.04"
"2024-05-04","Iowa","All","1.09","0.35","0.63","0.13"
"2024-05-04","Louisiana","All","0.52","0.24","0.27","0.02"
"2024-05-04","Maryland","All","0.7","0.36","0.33","0.02"
"2024-05-04","Massachusetts","All","1.03","0.4","0.61","0.03"
"2024-05-04","Missouri","All",,"0.3","0.33","0.07"
"2024-05-04","New Hampshire","All",,"0.27","0.53","0.02"
"2024-05-04","New Jersey","All","0.88","0.34","0.53","0.02"
"2024-05-04","North Dakota","All","0.61","0.3","0.23","0.07"
"2024-05-04","Ohio","All","0.49","0.25","0.2","0.03"
"2024-05-04","Rhode Island","All","0.52","0.22","0.3","0.01"
"2024-05-04","South Dakota","All",,"0.37","0.33","0.16"
"2024-05-04","Tennessee","All","0.68","0.27","0.37","0.06"
"2024-05-04","Vermont","All","0.85","0.41","0.46","0.04"
"2024-05-04","Wisconsin","All","0.86","0.4","0.42","0.05"
"2024-05-11","Alaska","All","1.85","0.29","1.45","0.12"
"2024-05-11","Connecticut","All","0.79","0.38","0.41","0"
"2024-05-11","Georgia","All","0.34","0.16","0.16","0.03"
"2024-05-11","Idaho","All","0.66","0.36","0.26","0.05"
"2024-05-11","Louisiana","All","0.52","0.19","0.3","0.04"
"2024-05-11","Minnesota","All","1.01","0.49","0.47","0.05"
"2024-05-11","Missouri","All",,"0.27","0.18","0.06"
"2024-05-11","Nebraska","All","0.47","0.18","0.22","0.07"
"2024-05-11","New Jersey","All","0.69","0.34","0.34","0.01"
"2024-05-11","New York","All","0.67","0.36","0.29","0.02"
"2024-05-11","North Dakota","All","0.58","0.34","0.19","0.07"
"2024-05-11","Rhode Island","All","0.56","0.23","0.32","0.02"
"2024-05-11","Tennessee","All","0.58","0.23","0.31","0.04"
"2024-05-11","Virginia","All","0.62","0.33","0.28","0.02"
"2024-05-11","Washington","All","1.03","0.55","0.48","0.02"
"2024-05-18","Arizona","All","1.29","0.71","0.57","0.02"
"2024-05-18","Delaware","All","0.62","0.39","0.2","0.05"
"2024-05-18","District of Columbia","All","0.57","0.35","0.18","0.04"
"2024-05-18","Florida","All","1.26","0.52","0.72","0.03"
"2024-05-18","Idaho","All","0.66","0.35","0.22","0.1"
"2024-05-18","Kansas","All","0.41","0.23","0.15","0.05"
"2024-05-18","Mississippi","All","0.6","0.24","0.33","0.03"
"2024-05-18","Missouri","All",,"0.27","0.13","0.03"
"2024-05-18","Nevada","All","0.91","0.52","0.39","0.02"
"2024-05-18","New Jersey","All","0.72","0.44","0.26","0.01"
"2024-05-18","North Carolina","All","0.99","0.37","0.62","0.03"
"2024-05-18","North Dakota","All","0.41","0.28","0.08","0.05"
"2024-05-18","Ohio","All","0.32","0.2","0.1","0.01"
"2024-05-18","United States","All","0.7","0.38","0.31","0.03"
"2024-05-18","Virginia","All","0.61","0.39","0.21","0.02"
"2024-05-18","Washington","All","1.09","0.61","0.46","0.04"
"2024-05-18","West Virginia","All","0.55","0.43","0.1","0.06"
"2024-05-18","Wisconsin","All","0.53","0.32","0.18","0.04"
"2024-05-25","Alaska","All","1.44","0.46","0.99","0.01"
"2024-05-25","Maine","All","0.75","0.38","0.34","0.02"
"2024-05-25","Michigan","All","0.4","0.23","0.16","0.01"
"2024-05-25","Mississippi","All","0.45","0.21","0.23","0.01"
"2024-05-25","Missouri","All",,"0.29","0.11","0.03"
"2024-05-25","New Jersey","All","0.65","0.43","0.21","0.01"
"2024-05-25","New York","All","0.67","0.49","0.17","0.02"
"2024-05-25","Rhode Island","All","0.43","0.32","0.11","0"
"2024-05-25","South Carolina","All","0.53","0.36","0.18","0.01"
"2024-05-25","United States","All","0.7","0.41","0.27","0.02"
"2024-06-01","Colorado","All","0.81","0.61","0.19","0.01"
"2024-06-01","Florida","All","1.62","0.87","0.73","0.03"
"2024-06-01","Indiana","All","0.32","0.2","0.1","0.02"
"2024-06-01","Maryland","All","0.58","0.46","0.11","0.01"
"2024-06-01","Massachusetts","All","0.64","0.49","0.15","0.02"
"2024-06-01","Michigan","All","0.39","0.29","0.09","0.01"
"2024-06-01","Minnesota","All","0.62","0.4","0.2","0.03"
"2024-06-01","Mississippi","All","0.55","0.22","0.29","0.05"
"2024-06-01","New Mexico","All","1.55","1.04","0.48","0.03"
"2024-06-01","North Carolina","All","0.84","0.37","0.48","0.01"
"2024-06-01","Pennsylvania","All","0.34","0.24","0.09","0.01"
"2024-06-01","Rhode Island","All","0.34","0.25","0.09","0"
"2024-06-01","United States","All","0.77","0.5","0.26","0.02"
"2024-06-01","Washington","All","1.29","0.92","0.37","0.01"
"2024-06-01","Wyoming","All","0.97","0.72","0.14","0.11"
"2024-06-08","Alaska","All","1.99","1.25","0.73","0.01"
"2024-06-08","Idaho","All","0.83","0.6","0.21","0.04"
"2024-06-08","Illinois","All","0.6","0.48","0.1","0.02"
"2024-06-08","Maine","All","0.57","0.46","0.1","0.01"
"2024-06-08","Maryland","All","0.64","0.54","0.08","0.02"
"2024-06-08","Minnesota","All","0.69","0.54","0.14","0.02"
"2024-06-08","Nebraska","All","0.33","0.27","0.04","0.01"
"2024-06-08","New Hampshire","All",,"0.34","0.18","0"
"2024-06-08","New York","All","0.69","0.58","0.1","0.01"
"2024-06-08","Oregon","All","1.29","0.87","0.41","0.02"
"2024-06-08","South Carolina","All","0.55","0.42","0.11","0.02"
"2024-06-08","United States","All","0.82","0.59","0.23","0.02"
"2024-06-15","Arkansas","All","0.66","0.38","0.27","0.04"
"2024-06-15","Florida","All","1.93","1.39","0.52","0.04"
"2024-06-15","Georgia","All","0.37","0.26","0.11","0.02"
"2024-06-15","Hawaii","All","5.99","4.69","1.37","0.02"
"2024-06-15","Kansas","All","0.39","0.29","0.1","0.01"
"2024-06-15","Minnesota","All","0.8","0.66","0.12","0.03"
"2024-06-15","Mississippi","All","0.73","0.44","0.26","0.03"
"2024-06-15","Nevada","All","1.06","0.79","0.27","0.02"
"2024-06-15","New Hampshire","All",,"0.45","0.2","0"
"2024-06-15","Oklahoma","All","0.4","0.33","0.07","0.01"
"2024-06-15","South Carolina","All","0.63","0.54","0.09","0.01"
"2024-06-15","Texas","All","0.99","0.74","0.23","0.03"
"2024-06-15","United States","All","0.91","0.71","0.2","0.02"
"2024-06-15","Virginia","All","0.72","0.57","0.14","0.02"
"2024-06-15","Wyoming","All","1.09","0.66","0.37","0"
"2024-06-22","District of Columbia","All","0.76","0.67","0.08","0"
"2024-06-22","Illinois","All","0.72","0.61","0.1","0.02"
"2024-06-22","Kansas","All","0.37","0.34","0.03","0.01"
"2024-06-22","Massachusetts","All","0.94","0.86","0.08","0.01"
"2024-06-22","Minnesota","All","0.84","0.76","0.07","0.01"
"2024-06-22","Mississippi","All","0.72","0.51","0.19","0.03"
"2024-06-22","Nebraska","All","0.4","0.35","0.05","0.01"
"2024-06-22","New Hampshire","All",,"0.56","0.04","0"
"2024-06-22","North Carolina","All","1.03","0.67","0.37","0.01"
"2024-06-22","North Dakota","All","0.31","0.2","0.07","0.03"
"2024-06-22","Oklahoma","All","0.57","0.45","0.11","0.01"
"2024-06-22","Oregon","All","1.86","1.5","0.36","0.02"
"2024-06-22","Rhode Island","All","0.71","0.63","0.05","0.01"
"2024-06-22","Texas","All","1.2","0.98","0.21","0.03"
"2024-06-22","Wisconsin","All","0.68","0.62","0.04","0.02"
"2024-06-29","Alaska","All","1.94","1.51","0.45","0"
"2024-06-29","Connecticut","All","0.97","0.92","0.05","0"
"2024-06-29","Idaho","All","1.08","0.94","0.14","0.05"
"2024-06-29","New York","All","1.02","0.93","0.09","0.01"
"2024-06-29","North Dakota","All","0.6","0.55","0.06","0"
"2024-06-29","Oregon","All","1.9","1.69","0.2","0.01"
"2024-06-29","Rhode Island","All","0.56","0.53","0.06","0.01"
"2024-06-29","South Dakota","All",,"0.75","0.03","0.03"
"2024-06-29","Virginia","All","1.07","0.96","0.11","0.01"
"2024-06-29","Washington","All","2.09","1.82","0.28","0.01"
"2024-06-29","Wisconsin","All","0.75","0.69","0.06","0.01"
"2024-06-29","Wyoming","All","1.18","1.34","0.16","0"
"2024-07-06","Alaska","All","2.14","1.81","0.35","0"
"2024-07-06","Colorado","All","1.26","1.17","0.09","0"
"2024-07-06","Delaware","All","0.94","0.86","0.07","0.01"
"2024-07-06","Florida","All","3.75","3.23","0.51","0.04"
"2024-07-06","Georgia","All","0.89","0.78","0.11","0"
"2024-07-06","Iowa","All","0.76","0.7","0.05","0.02"
"2024-07-06","Michigan","All","0.81","0.76","0.05","0"
"2024-07-06","Mississippi","All","1.56","1.32","0.24","0.04"
"2024-07-06","Nebraska","All","0.54","0.49","0.04","0.01"
"2024-07-06","New Hampshire","All",,"1.04","0.11","0"
"2024-07-06","Ohio","All","0.76","0.69","0.05","0.01"
"2024-07-06","Oklahoma","All","0.79","0.7","0.07","0.03"
"2024-07-06","South Carolina","All","1.34","1.23","0.1","0.02"
"2024-07-06","Tennessee","All","1","0.84","0.15","0.02"
"2024-07-06","Wisconsin","All","0.97","0.94","0.06","0.01"
"2024-07-06","Wyoming","All","0","1.5","0.13","0"
"2024-07-13","California","All","2.2","2","0.16","0"
"2024-07-13","Colorado","All","1.54","1.46","0.09","0"
"2024-07-13","Florida","All","4.35","3.89","0.46","0.04"
"2024-07-13","Iowa","All","0.87","0.81","0.04","0.02"
"2024-07-13","Louisiana","All","2.49","2.32","0.18","0.02"
"2024-07-13","Maryland","All","1.53","1.44","0.09","0.01"
"2024-07-13","Mississippi","All","1.94","1.74","0.19","0.02"
"2024-07-13","Missouri","All",,"1.09","0.06","0.01"
"2024-07-13","New Mexico","All","2.05","1.92","0.11","0.02"
"2024-07-13","New York","All","1.25","1.18","0.06","0.01"
"2024-07-13","Oregon","All","2.02","1.91","0.1","0.01"
"2024-07-13","Tennessee","All","1.24","1.12","0.13","0.01"
"2024-07-13","United States","All","1.81","1.68","0.15","0.01"
"2024-07-13","Utah","All","1.54","1.47","0.07","0"
"2024-07-20","Colorado","All","1.67","1.61","0.05","0"
"2024-07-20","District of Columbia","All","2.11","2.01","0.07","0.03"
"2024-07-20","Georgia","All","1.56","1.45","0.11","0.01"
"2024-07-20","Hawaii","All","4.92","3.65","1.32","0.01"
"2024-07-20","Maine","All","1.47","1.43","0.04","0"
"2024-07-20","Massachusetts","All","1.65","1.57","0.08","0.01"
"2024-07-20","Mississippi","All","2.39","2.17","0.22","0.03"
"2024-07-20","Montana","All","1.65","1.56","0.07","0.02"
"2024-07-20","New Hampshire","All",,"1.32","0.06","0"
"2024-07-20","New Jersey","All","1.52","1.41","0.11","0.01"
"2024-07-20","North Carolina","All","2.25","1.91","0.47","0.01"
"2024-07-20","Ohio","All","1.17","1.1","0.03","0"
"2024-07-20","Pennsylvania","All","1.01","0.97","0.04","0.01"
"2024-07-20","United States","All","2.12","1.99","0.15","0.01"
"2024-07-20","Utah","All","1.71","1.62","0.09","0.01"
"2024-07-27","Alabama","All","3.02","2.82","0.22","0.02"
"2024-07-27","Florida","All","4.61","4.25","0.36","0.04"
"2024-07-27","Georgia","All","1.96","1.86","0.09","0.02"
"2024-07-27","Idaho","All","1.74","1.73","0.03","0.01"
"2024-07-27","Minnesota","All","1.79","1.72","0.06","0"
"2024-07-27","New Jersey","All","1.92","1.79","0.13","0.01"
"2024-07-27","New Mexico","All","2.59","2.53","0.05","0.01"
"2024-07-27","West Virginia","All","1.5","1.42","0.08","0.01"
"2024-07-27","Wisconsin","All","1.84","1.8","0.04","0"
"2024-08-03","Illinois","All","2.12","2.06","0.06","0.01"
"2024-08-03","Mississippi","All","4.28","3.98","0.3","0.02"
"2024-08-03","Montana","All","1.84","1.79","0.05","0"
"2024-08-03","Nebraska","All","1.32","1.28","0.04","0.01"
"2024-08-03","North Carolina","All","3.84","3.47","0.57","0.01"
"2024-08-03","Oregon","All","2.62","2.56","0.05","0.01"
"2024-08-03","West Virginia","All","2.07","2","0.08","0.02"
"2024-08-03","Wisconsin","All","2.04","2","0.05","0.01"
"2024-08-10","Arkansas","All","2.97","2.81","0.2","0.01"
"2024-08-10","California","All","2.81","2.68","0.12","0.01"
"2024-08-10","Georgia","All","2.64","2.54","0.1","0.02"
"2024-08-10","Illinois","All","2.22","2.16","0.07","0.01"
"2024-08-10","Kentucky","All","3.26","3.12","0.14","0.02"
"2024-08-10","Louisiana","All","4.34","4.22","0.12","0.02"
"2024-08-10","Montana","All","2","1.95","0.07","0"
"2024-08-10","New Jersey","All","1.87","1.77","0.08","0.02"
"2024-08-10","South Dakota","All",,"1.63","0","0"
"2024-08-10","Tennessee","All","2.74","2.56","0.17","0.03"
"2024-08-10","Utah","All","2.12","2.06","0.06","0.01"
"2024-08-10","Virginia","All","3.38","3.26","0.13","0.01"
"2024-08-10","Washington","All","2.49","2.35","0.14","0.02"
"2024-08-10","West Virginia","All","2.27","2.26","0.02","0.01"
"2024-08-10","Wyoming","All",,"2.96","0.19","0"
"2024-08-17","Alaska","All","2.45","2.27","0.22","0"
"2024-08-17","California","All","2.74","2.6","0.12","0.01"
"2024-08-17","Florida","All","3.16","2.82","0.32","0.05"
"2024-08-17","Idaho","All","2.27","2.29","0.05","0"
"2024-08-17","Indiana","All","2.83","2.75","0.07","0"
"2024-08-17","Iowa","All","2.65","2.61","0.05","0.01"
"2024-08-17","Kansas","All","2.17","2.09","0.06","0.03"
"2024-08-17","Maine","All","2.32","2.32","0.01","0"
"2024-08-17","Missouri","All",,"2.31","0.06","0.01"
"2024-08-17","Montana","All","1.88","1.87","0","0"
"2024-08-17","New Mexico","All","3.27","3.19","0.11","0"
"2024-08-17","Pennsylvania","All","1.75","1.71","0.04","0"
"2024-08-17","Virginia","All","3.4","3.32","0.09","0.01"
"2024-08-24","Idaho","All","2.16","2.15","0.03","0.03"
"2024-08-24","Illinois","All","2.73","2.65","0.07","0.01"
"2024-08-24","Indiana","All","3.06","2.99","0.05","0.01"
"2024-08-24","Kansas","All","2.17","2.12","0.04","0.02"
"2024-08-24","Massachusetts","All","2.23","2.18","0.07","0.01"
"2024-08-24","Mississippi","All","3.74","3.5","0.31","0.03"
"2024-08-24","Montana","All","2.08","2.09","0.05","0"
"2024-08-24","New Jersey","All","1.78","1.71","0.06","0.02"
"2024-08-24","Oregon","All","2.62","2.56","0.05","0"
"2024-08-24","South Dakota","All",,"2.01","0.03","0.02"
"2024-08-24","Tennessee","All","3.22","3.02","0.22","0.03"
"2024-08-24","United States","All","2.76","2.65","0.16","0.02"
"2024-08-24","Utah","All","2.19","2.12","0.08","0.01"
"2024-08-24","Wisconsin","All","2.5","2.47","0.03","0.01"
"2024-08-31","Arizona","All","1.9","1.76","0.14","0.01"
"2024-08-31","Arkansas","All","3.07","2.78","0.31","0.04"
"2024-08-31","Delaware","All","2.47","2.39","0.05","0.03"
"2024-08-31","Iowa","All","2.53","2.47","0.06","0.01"
"2024-08-31","Kansas","All","2.02","1.94","0.06","0.02"
"2024-08-31","New Mexico","All","2.67","2.58","0.11","0"
"2024-08-31","North Dakota","All","1.54","1.48","0.08","0"
"2024-08-31","Pennsylvania","All","1.99","1.95","0.04","0.01"
"2024-08-31","West Virginia","All","4.29","4.26","0.06","0.02"
"2024-08-31","Wisconsin","All","2.55","2.51","0.07","0"
"2024-09-07","Arizona","All","1.77","1.65","0.13","0.01"
"2024-09-07","District of Columbia","All","1.8","1.7","0.08","0.05"
"2024-09-07","Louisiana","All","2.21","2.11","0.12","0.02"
"2024-09-07","Maryland","All","2.25","2.14","0.08","0.04"
"2024-09-07","Mississippi","All","2.2","1.9","0.27","0.07"
"2024-09-07","Missouri","All",,"2.67","0.05","0.02"
"2024-09-07","North Dakota","All","1.69","1.67","0.01","0"
"2024-09-07","Ohio","All","2.65","2.55","0.05","0.01"
"2024-09-07","Oklahoma","All","2.18","1.98","0.18","0.02"
"2024-09-07","Tennessee","All","2.23","2.04","0.19","0.04"
"2024-09-07","Wyoming","All",,"2.84","0.06","0"
"2024-09-14","District of Columbia","All","1.5","1.48","0.07","0.04"
"2024-09-14","Louisiana","All","1.42","1.28","0.14","0.04"
"2024-09-14","Minnesota","All","2.03","1.95","0.09","0.01"
"2024-09-14","Missouri","All",,"2.37","0.05","0.02"
"2024-09-14","North Carolina","All","3.47","2.8","0.9","0.02"
"2024-09-14","Oklahoma","All","2.12","1.88","0.23","0.01"
"2024-09-14","Texas","All","1.77","1.46","0.3","0.05"
"2024-09-14","United States","All","1.95","1.81","0.19","0.03"
"2024-09-14","Wisconsin","All","2.27","2.25","0.05","0.01"
"2024-09-21","Alaska","All","1.99","1.46","0.58","0.13"
"2024-09-21","California","All","1.14","1.01","0.11","0.02"
"2024-09-21","Delaware","All","2.03","1.85","0.09","0.1"
"2024-09-21","Hawaii","All","2.18","1.59","0.5","0.09"
"2024-09-21","Iowa","All","2.07","2.06","0.05","0.02"
"2024-09-21","Kansas","All","1.47","1.42","0.1","0.03"
"2024-09-21","Kentucky","All","2.29","2.14","0.14","0.01"
"2024-09-21","Louisiana","All","1.11","0.95","0.18","0.02"
"2024-09-21","Minnesota","All","1.95","1.87","0.12","0.01"
"2024-09-21","Missouri","All",,"2.01","0.06","0.02"
"2024-09-21","Nevada","All","1.42","1.29","0.17","0"
"2024-09-21","New Hampshire","All",,"1.94","0.11","0"
"2024-09-21","North Carolina","All","2.61","1.97","0.81","0.02"
"2024-09-21","Washington","All","2.34","2.3","0.12","0.02"
"2024-09-28","District of Columbia","All","0.65","0.7","0.04","0.01"
"2024-09-28","Missouri","All",,"1.53","0.07","0.02"
"2024-09-28","New Mexico","All","1.18","1.17","0.12","0.01"
"2024-09-28","North Carolina","All","1.99","1.51","0.75","0.02"
"2024-09-28","Pennsylvania","All","1.31","1.31","0.06","0.02"
"2024-09-28","Rhode Island","All","0.71","1.01","0.06","0.01"
"2024-09-28","Utah","All","1.5","1.4","0.12","0"
"2024-09-28","Washington","All","2","2.01","0.13","0.02"
"2024-09-28","West Virginia","All","2.34","2.52","0.11","0.01"
"2024-10-05","Alaska","All",,"0.65","0.32","0.05"
"2024-10-05","Arizona","All",,"1.16","0.2","0.01"
"2024-10-05","Arkansas","All",,"0.61","0.2","0.05"
"2024-10-05","California","All",,"0.68","0.14","0.02"
"2024-10-05","District of Columbia","All",,"0.55","0.07","0.04"
"2024-10-05","Florida","All",,"0.64","0.7","0.26"
"2024-10-05","Georgia","All",,"0.32","0.08","0.12"
"2024-10-05","Idaho","All",,"1.22","0.07","0.02"
"2024-10-05","Iowa","All",,"1.07","0.06","0.02"
"2024-10-05","Minnesota","All",,"1.29","0.13","0.02"
"2024-10-05","Missouri","All",,"1.09","0.07","0.02"
"2024-10-05","Montana","All",,"2.06","0.05","0"
"2024-10-05","Nevada","All",,"0.77","0.21","0.02"
"2024-10-05","North Carolina","All",,"0.98","0.66","0.03"
"2024-10-05","North Dakota","All",,"0.66","0.02","0"
"2024-10-05","Oklahoma","All",,"0.81","0.12","0.01"
"2024-10-05","Tennessee","All",,"0.66","0.23","0.13"
"2024-10-05","Texas","All",,"0.54","0.3","0.14"
"2024-10-05","Washington","All",,"1.67","0.18","0.03"
"2024-10-05","West Virginia","All",,"1.67","0.11","0"
"2024-10-12","Arizona","All",,"1.1","0.23","0.01"
"2024-10-12","Delaware","All",,"0.67","0.06","0.1"
"2024-10-12","District of Columbia","All",,"0.43","0.06","0.02"
"2024-10-12","Florida","All",,"0.54","0.84","0.34"
"2024-10-12","Louisiana","All",,"0.48","0.17","0.12"
"2024-10-12","Maryland","All",,"0.59","0.07","0.09"
"2024-10-12","Michigan","All",,"0.96","0.06","0.05"
"2024-10-12","Missouri","All",,"0.88","0.1","0.04"
"2024-10-12","Montana","All",,"1.61","0.11","0.01"
"2024-10-12","Nebraska","All",,"0.52","0.02","0"
"2024-10-12","New Hampshire","All",,"1.34","0.23","0"
"2024-10-12","North Carolina","All",,"0.8","0.69","0.04"
"2024-10-12","Pennsylvania","All",,"0.74","0.07","0.03"
"2024-10-12","United States","All",,"0.72","0.22","0.09"
"2024-10-12","Utah","All",,"0.94","0.15","0.02"
"2024-10-12","Vermont","All",,"1.44","0.03","0.03"
"2024-10-12","West Virginia","All",,"1.25","0.12","0"
"2024-10-19","Alabama","All",,"0.49","0.26","0.32"
"2024-10-19","Arkansas","All",,"0.58","0.2","0.1"
"2024-10-19","Connecticut","All",,"1.04","0.1","0.07"
"2024-10-19","District of Columbia","All",,"0.26","0.13","0.1"
"2024-10-19","Georgia","All",,"0.3","0.13","0.17"
"2024-10-19","Idaho","All",,"0.72","0.17","0.06"
"2024-10-19","Illinois","All",,"0.59","0.1","0.07"
"2024-10-19","Kansas","All",,"0.63","0.08","0.01"
"2024-10-19","Kentucky","All",,"1.02","0.18","0.08"
"2024-10-19","Missouri","All",,"0.78","0.07","0.05"
"2024-10-19","North Carolina","All",,"0.69","0.77","0.06"
"2024-10-19","Oregon","All",,"1.11","0.14","0.02"
"2024-10-26","California","All",,"0.38","0.2","0.04"
"2024-10-26","Delaware","All",,"0.63","0.04","0.17"
"2024-10-26","Illinois","All",,"0.62","0.15","0.08"
"2024-10-26","Kentucky","All",,"1.03","0.19","0.1"
"2024-10-26","Maine","All",,"1.22","0.06","0.03"
"2024-10-26","Minnesota","All",,"0.94","0.1","0.03"
"2024-10-26","Nebraska","All",,"0.5","0.07","0.01"
"2024-10-26","New Hampshire","All",,"0.94","0.18","0.06"
"2024-10-26","New Mexico","All",,"1.21","0.19","0.01"
"2024-10-26","Ohio","All",,"0.68","0.11","0.05"
"2024-10-26","Tennessee","All",,"0.54","0.33","0.23"
"2024-10-26","Vermont","All",,"0.95","0.02","0.03"
"2024-10-26","Washington","All",,"0.83","0.21","0.07"
"2024-10-26","Wisconsin","All",,"0.85","0.09","0.01"
"2024-11-02","Arizona","All",,"1.16","0.66","0.01"
"2024-11-02","California","All",,"0.37","0.25","0.05"
"2024-11-02","District of Columbia","All",,"0.28","0.22","0.14"
"2024-11-02","Hawaii","All",,"0.55","1.1","0.39"
"2024-11-02","Idaho","All",,"0.64","0.24","0.06"
"2024-11-02","Iowa","All",,"0.59","0.07","0.04"
"2024-11-02","Kansas","All",,"0.52","0.16","0.03"
"2024-11-02","Kentucky","All",,"1","0.24","0.14"
"2024-11-02","Maine","All",,"1.06","0.04","0.01"
"2024-11-02","Michigan","All",,"0.88","0.15","0.12"
"2024-11-02","Ohio","All",,"0.62","0.13","0.05"
"2024-11-02","Oregon","All",,"0.67","0.16","0.03"
"2024-11-02","Pennsylvania","All",,"0.57","0.15","0.06"
"2024-11-02","Utah","All",,"0.79","0.17","0.05"
"2024-11-02","Vermont","All",,"0.99","0.07","0.09"
"2024-11-02","Wyoming","All",,"1.7","0.06","0.03"
"2024-11-09","Arkansas","All",,"0.49","0.18","0.21"
"2024-11-09","Colorado","All",,"0.84","0.33","0.05"
"2024-11-09","Connecticut","All",,"0.92","0.12","0.14"
"2024-11-09","Illinois","All",,"0.55","0.23","0.18"
"2024-11-09","Indiana","All",,"0.62","0.17","0.08"
"2024-11-09","Iowa","All",,"0.48","0.07","0.06"
"2024-11-09","Missouri","All",,"0.42","0.12","0.12"
"2024-11-09","New Mexico","All",,"1.59","0.38","0.04"
"2024-11-09","Rhode Island","All",,"0.55","0.15","0.08"
"2024-11-09","United States","All",,"0.52","0.42","0.27"
"2024-11-09","Vermont","All",,"0.85","0","0.07"
"2024-11-09","West Virginia","All",,"0.89","0.18","0.09"
"2024-11-09","Wisconsin","All",,"0.77","0.09","0.02"
"2024-11-16","Alabama","All",,"0.37","0.89","0.86"
"2024-11-16","Alaska","All",,"0.66","0.81","0.35"
"2024-11-16","California","All",,"0.37","0.51","0.11"
"2024-11-16","Connecticut","All",,"0.73","0.12","0.17"
"2024-11-16","Florida","All",,"0.28","1.46","0.62"
"2024-11-16","Hawaii","All",,"0.51","0.91","0.64"
"2024-11-16","Indiana","All",,"0.55","0.27","0.13"
"2024-11-16","Maryland","All",,"0.34","0.18","0.56"
"2024-11-16","Massachusetts","All",,"0.65","0.17","0.38"
"2024-11-16","Minnesota","All",,"1","0.33","0.09"
"2024-11-16","Montana","All",,"0.99","0.06","0"
"2024-11-16","Nevada","All",,"0.51","0.87","0.12"
"2024-11-16","New Hampshire","All",,"0.76","0.3","0.21"
"2024-11-16","New York","All",,"0.34","0.13","0.28"
"2024-11-16","Rhode Island","All",,"0.42","0.14","0.18"
"2024-11-16","South Carolina","All",,"0.42","0.25","0.52"
"2024-11-16","Texas","All",,"0.32","0.74","0.89"
"2024-11-16","Washington","All",,"0.43","0.35","0.2"
"2024-11-23","Connecticut","All",,"0.79","0.16","0.26"
"2024-11-23","Georgia","All",,"0.23","0.34","0.88"
"2024-11-23","Hawaii","All",,"0.39","1.03","0.51"
"2024-11-23","Illinois","All",,"0.62","0.31","0.45"
"2024-11-23","Indiana","All",,"0.68","0.29","0.21"
"2024-11-23","Maine","All",,"0.88","0.06","0.02"
"2024-11-23","Missouri","All",,"0.05","0.01","0.03"
"2024-11-23","Nebraska","All",,"0.44","0.1","0.04"
"2024-11-23","New York","All",,"0.36","0.21","0.34"
"2024-11-23","Oregon","All",,"0.48","0.71","0.1"
"2024-11-23","South Dakota","All",,"1.13","0.2","0.05"
"2024-11-23","Utah","All",,"0.83","0.52","0.06"
"2024-11-23","Vermont","All",,"0.62","0.03","0.03"
"2024-11-23","Washington","All",,"0.42","0.53","0.27"
"2024-11-23","Wyoming","All",,"1.24","0.54","0.12"
"2024-11-30","Alabama","All",,"0.48","1.41","1.26"
"2024-11-30","Arizona","All",,"1.84","3.47","0.08"
"2024-11-30","Arkansas","All",,"0.54","0.41","0.53"
"2024-11-30","Connecticut","All",,"0.79","0.21","0.4"
"2024-11-30","Georgia","All",,"0.26","0.4","0.98"
"2024-11-30","Idaho","All",,"0.79","1.37","0.16"
"2024-11-30","Iowa","All",,"0.74","0.28","0.18"
"2024-11-30","Louisiana","All",,"0.4","2.38","1.21"
"2024-11-30","Maine","All",,"0.86","0.08","0.06"
"2024-11-30","Minnesota","All",,"1.16","0.56","0.14"
"2024-11-30","New Hampshire","All",,"0.75","0.57","0.32"
"2024-11-30","North Carolina","All",,"0.42","1.23","0.6"
"2024-11-30","Ohio","All",,"0.65","0.23","0.31"
"2024-11-30","Oregon","All",,"0.44","1.03","0.13"
"2024-11-30","Pennsylvania","All",,"0.59","0.36","0.42"
"2024-11-30","United States","All",,"0.59","0.9","0.61"
"2024-12-07","Arizona","All",,"1.63","3.44","0.11"
"2024-12-07","California","All",,"0.43","1.68","0.27"
"2024-12-07","Delaware","All",,"0.91","0.69","1.34"
"2024-12-07","Georgia","All",,"0.29","0.54","0.92"
"2024-12-07","Idaho","All",,"0.77","1.93","0.13"
"2024-12-07","Indiana","All",,"0.99","0.66","0.4"
"2024-12-07","Kentucky","All",,"1.18","0.68","0.8"
"2024-12-07","Mississippi","All",,"0.54","1.07","1"
"2024-12-07","Montana","All",,"1.15","0.33","0.03"
"2024-12-07","New Mexico","All",,"2.01","1.22","0.09"
"2024-12-07","Oklahoma","All",,"0.93","0.64","0.39"
"2024-12-07","Pennsylvania","All",,"0.75","0.57","0.51"
"2024-12-07","South Dakota","All",,"1.45","0.37","0.13"
"2024-12-07","Tennessee","All",,"0.59","1.09","1.05"
"2024-12-14","California","All",,"0.45","2.55","0.31"
"2024-12-14","Delaware","All",,"1","1.47","1.76"
"2024-12-14","Florida","All",,"0.41","2.82","0.65"
"2024-12-14","Hawaii","All",,"0.4","2.5","0.6"
"2024-12-14","Idaho","All",,"0.94","2.7","0.15"
"2024-12-14","Kentucky","All",,"1.51","1.3","1.01"
"2024-12-14","Maryland","All",,"0.63","0.73","1.18"
"2024-12-14","Michigan","All",,"1.09","0.76","0.65"
"2024-12-14","Montana","All",,"1.15","0.75","0.08"
"2024-12-14","Nebraska","All",,"0.76","0.92","0.1"
"2024-12-14","South Dakota","All",,"1.39","0.98","0.16"
"2024-12-14","Texas","All",,"0.43","2.4","1.12"
"2024-12-21","Arizona","All",,"1.31","6.91","0.22"
"2024-12-21","Delaware","All",,"1.16","1.9","2.52"
"2024-12-21","District of Columbia","All",,"0.52","1.16","1.64"
"2024-12-21","Georgia","All",,"0.48","3.07","0.85"
"2024-12-21","Idaho","All",,"1.14","4.87","0.26"
"2024-12-21","Missouri","All",,"0.1","0.16","0.12"
"2024-12-21","North Carolina","All",,"0.91","3.25","1.59"
"2024-12-21","Ohio","All",,"1.37","1.41","0.81"
"2024-12-21","Oklahoma","All",,"1.26","1.85","0.82"
"2024-12-21","Rhode Island","All",,"1.2","1.05","0.74"
"2024-12-21","South Carolina","All",,"0.71","2.39","1.11"
"2024-12-21","South Dakota","All",,"1.6","1.89","0.11"
"2024-12-21","Tennessee","All",,"0.95","5.2","1.31"
"2024-12-21","Texas","All",,"0.56","4.19","1.3"
"2024-12-21","Vermont","All",,"1.47","0.64","0.57"
"2024-12-21","West Virginia","All",,"1.58","1.11","1.14"
"2024-12-28","Alabama","All",,"1.27","10.45","1.26"
"2024-12-28","Arizona","All",,"1.56","9.5","0.38"
"2024-12-28","Arkansas","All",,"1.06","3.3","2.25"
"2024-12-28","District of Columbia","All",,"0.86","2.64","1.6"
"2024-12-28","Illinois","All",,"2.13","6.33","1.71"
"2024-12-28","Iowa","All",,"1.62","3.24","0.99"
"2024-12-28","Maine","All",,"2.85","1.5","0.33"
"2024-12-28","Mississippi","All",,"1.24","7.17","1.04"
"2024-12-28","Montana","All",,"1.49","3.47","0.17"
"2024-12-28","Nevada","All",,"0.75","5.48","0.95"
"2024-12-28","New Hampshire","All",,"2.78","4.32","1.88"
"2024-12-28","New Mexico","All",,"3.01","7.52","0.65"
"2024-12-28","Pennsylvania","All",,"1.47","3.93","1.08"
"2024-12-28","Vermont","All",,"1.95","1.8","1.09"
"2025-01-04","Colorado","All",,"1.44","4.78","0.6"
"2025-01-04","Delaware","All",,"1.51","4.58","2.22"
"2025-01-04","District of Columbia","All",,"0.83","3.59","1.53"
"2025-01-04","Idaho","All",,"1.1","5.31","0.45"
"2025-01-04","Indiana","All",,"2.4","4.82","1.24"
"2025-01-04","Massachusetts","All",,"1.98","3.74","1.52"
"2025-01-04","Nebraska","All",,"1.21","3.06","0.27"
"2025-01-04","Ohio","All",,"2.06","3.32","1.11"
"2025-01-04","Oklahoma","All",,"1.7","3.87","1.6"
"2025-01-04","Rhode Island","All",,"1.53","2.73","0.77"
"2025-01-11","Alabama","All",,"0.93","5.79","0.77"
"2025-01-11","Delaware","All",,"1.58","4.5","1.59"
"2025-01-11","District of Columbia","All",,"0.78","3.36","0.84"
"2025-01-11","Indiana","All",,"1.83","3.8","0.94"
"2025-01-11","Louisiana","All",,"0.69","4.1","0.83"
"2025-01-11","Massachusetts","All",,"1.62","3.71","1.11"
"2025-01-11","Nevada","All",,"0.64","3.96","0.71"
"2025-01-11","New Hampshire","All",,"2.21","4.29","1.24"
"2025-01-11","New Jersey","All",,"1.25","6.11","0.76"
"2025-01-11","New York","All",,"0.93","4.34","0.59"
"2025-01-11","Oklahoma","All",,"1.4","3.99","1.85"
"2025-01-11","West Virginia","All",,"1.84","3.12","1.44"
"2025-01-11","Wisconsin","All",,"1.98","3.95","0.74"
"2025-01-18","California","All",,"0.51","5.21","0.49"
"2025-01-18","Connecticut","All",,"1.74","5.88","0.48"
"2025-01-18","Idaho","All",,"1","3.43","0.65"
"2025-01-18","Maryland","All",,"1.07","4.55","0.53"
"2025-01-18","Minnesota","All",,"1.57","9.7","1.15"
"2025-01-18","Montana","All",,"0.83","3.47","0.4"
"2025-01-18","Nevada","All",,"0.5","3.49","0.63"
"2025-01-18","New Mexico","All",,"1.28","5.25","0.81"
"2025-01-18","Ohio","All",,"1.26","3.88","0.57"
"2025-01-18","South Carolina","All",,"1.06","8.34","0.52"
"2025-01-18","Vermont","All",,"1.7","4.21","1.18"
"2025-01-25","Arkansas","All",,"0.88","7.58","1.05"
"2025-01-25","Colorado","All",,"0.79","4.32","0.85"
"2025-01-25","District of Columbia","All",,"0.65","6.58","0.44"
"2025-01-25","Georgia","All",,"0.72","7.3","0.25"
"2025-01-25","Indiana","All",,"1.44","7.42","0.74"
"2025-01-25","Maine","All",,"1.62","4.37","0.67"
"2025-01-25","Michigan","All",,"1.75","7.32","0.94"
"2025-01-25","Nebraska","All",,"0.75","4.55","0.54"
"2025-01-25","New Hampshire","All",,"1.65","7.23","0.93"
"2025-01-25","New Mexico","All",,"0.98","5.65","1.21"
"2025-01-25","Ohio","All",,"1.28","6.33","0.52"
"2025-01-25","Rhode Island","All",,"1.04","5.16","0.48"
"2025-01-25","Vermont","All",,"1.37","7.46","1.02"
"2025-01-25","West Virginia","All",,"1.27","4.04","1.25"
"2025-02-01","Colorado","All",,"0.74","4.67","0.8"
"2025-02-01","Connecticut","All",,"1.4","8.76","0.31"
"2025-02-01","Georgia","All",,"0.74","6.8","0.17"
"2025-02-01","Iowa","All",,"1.43","8.76","1.14"
"2025-02-01","Mississippi","All",,"1.15","9.84","0.2"
"2025-02-01","Missouri","All",,"0.16","1.38","0.09"
"2025-02-01","Montana","All",,"0.82","5.45","0.91"
"2025-02-01","New Hampshire","All",,"1.25","9.11","1.01"
"2025-02-01","New Mexico","All",,"0.94","6.3","1.33"
"2025-02-01","North Dakota","All",,"0.75","5.81","0.53"
"2025-02-01","Ohio","All",,"1.23","8.63","0.42"
"2025-02-01","Pennsylvania","All",,"1.07","7.05","0.58"
"2025-02-01","Utah","All",,"0.63","4.68","1.18"
"2025-02-01","West Virginia","All",,"1.25","6.37","1.02"
"2025-02-08","Alabama","All",,"1.25","7.67","0.33"
"2025-02-08","Arizona","All",,"0.77","3.8","0.8"
"2025-02-08","California","All",,"0.55","6","0.51"
"2025-02-08","Idaho","All",,"0.96","3.9","1.12"
"2025-02-08","Illinois","All",,"1.58","9.32","0.61"
"2025-02-08","Indiana","All",,"1.39","12.3","0.63"
"2025-02-08","Louisiana","All",,"0.97","4.78","0.27"
"2025-02-08","Maine","All",,"1.14","7.24","0.84"
"2025-02-08","Massachusetts","All",,"0.94","10.23","0.51"
"2025-02-08","Minnesota","All",,"1.28","7.02","1.2"
"2025-02-08","Mississippi","All",,"1.16","8","0.16"
"2025-02-08","New Mexico","All",,"0.83","6.11","1.76"
"2025-02-08","Washington","All",,"0.66","8.12","0.89"
"2025-02-15","District of Columbia","All",,"1.07","7.93","0.26"
"2025-02-15","Illinois","All",,"1.56","8.32","0.56"
"2025-02-15","Maine","All",,"0.68","8.55","0.58"
"2025-02-15","New Jersey","All",,"1.11","7.1","0.26"
"2025-02-15","North Carolina","All",,"1.26","9.82","0.72"
"2025-02-15","North Dakota","All",,"0.96","3.95","0.62"
"2025-02-15","Pennsylvania","All",,"0.99","7.48","0.45"
"2025-02-15","Utah","All",,"0.67","3.73","1.38"
"2025-02-15","Vermont","All",,"1.07","9.85","0.71"
"2025-02-15","Wyoming","All",,"0.86","5.31","1.13"
"2025-02-22","Delaware","All",,"1.23","6.73","0.25"
"2025-02-22","Florida","All",,"0.5","3.81","0.24"
"2025-02-22","Georgia","All",,"1.03","2.85","0.15"
"2025-02-22","Idaho","All",,"0.84","3.92","1.47"
"2025-02-22","Iowa","All",,"1.03","6.75","1.22"
"2025-02-22","Kentucky","All",,"1.39","7.3","0.43"
"2025-02-22","Mississippi","All",,"1.02","3.9","0.13"
"2025-02-22","Oklahoma","All",,"0.97","4.43","1.17"
"2025-02-22","Rhode Island","All",,"0.61","4.5","0.21"
"2025-02-22","Vermont","All",,"0.97","8.31","0.69"
"2025-02-22","Virginia","All",,"1.22","6.82","0.18"
"2025-02-22","Washington","All",,"0.72","7.48","0.84"
"2025-02-22","Wisconsin","All",,"0.98","6.68","0.92"
"2025-03-01","Alaska","All",,"0.56","5.8","0.8"
"2025-03-01","Delaware","All",,"1.14","5","0.16"
"2025-03-01","Georgia","All",,"1.03","2.22","0.11"
"2025-03-01","Idaho","All",,"0.68","3","1.32"
"2025-03-01","Illinois","All",,"1.18","4.55","0.38"
"2025-03-01","Kansas","All",,"0.79","4.15","0.62"
"2025-03-01","Michigan","All",,"1.11","5.98","0.57"
"2025-03-01","Mississippi","All",,"1.04","3.55","0.13"
"2025-03-01","Missouri","All",,"0.31","1.52","0.24"
"2025-03-01","Nebraska","All",,"0.38","2.88","0.39"
"2025-03-01","Nevada","All",,"0.33","1.83","0.5"
"2025-03-01","New Hampshire","All",,"0.48","6.58","0.47"
"2025-03-01","New Jersey","All",,"0.99","4.1","0.21"
"2025-03-01","Oregon","All",,"0.47","3.52","0.9"
"2025-03-01","Rhode Island","All",,"0.33","2.88","0.24"
"2025-03-01","South Dakota","All",,"0.77","3.17","1.47"
"2025-03-01","Texas","All",,"0.87","3.67","0.27"
"2025-03-01","United States","All",,"0.8","3.97","0.4"
"2025-03-08","Alabama","All",,"1.49","3.36","0.22"
"2025-03-08","Arkansas","All",,"0.87","3.39","0.39"
"2025-03-08","Colorado","All",,"0.51","2.38","0.78"
"2025-03-08","Massachusetts","All",,"0.54","3.49","0.26"
"2025-03-08","Nevada","All",,"0.32","1.7","0.39"
"2025-03-08","Ohio","All",,"0.84","4.65","0.25"
"2025-03-08","Oklahoma","All",,"0.74","1.49","0.76"
"2025-03-08","South Carolina","All",,"1.18","2.93","0.12"
"2025-03-08","Utah","All",,"0.62","2.4","1.17"
"2025-03-08","Virginia","All",,"1.11","4.29","0.14"
"2025-03-08","Washington","All",,"0.48","3.54","0.59"
"2025-03-08","West Virginia","All",,"1.02","7.18","1.21"
"2025-03-08","Wyoming","All",,"0.69","3.28","1.07"
"2025-03-15","Alabama","All",,"1.29","2.95","0.19"
"2025-03-15","Colorado","All",,"0.49","1.8","0.61"
"2025-03-15","Connecticut","All",,"0.8","3.39","0.08"
"2025-03-15","District of Columbia","All",,"0.5","2.43","0.12"
"2025-03-15","Florida","All",,"0.47","2.05","0.17"
"2025-03-15","Hawaii","All",,"0.39","3.6","0.24"
"2025-03-15","Kentucky","All",,"1.03","4.01","0.26"
"2025-03-15","Michigan","All",,"0.81","3.83","0.48"
"2025-03-15","Mississippi","All",,"1.18","2.52","0.14"
"2025-03-15","Missouri","All",,"0.73","2.58","0.59"
"2025-03-15","New York","All",,"0.81","2.25","0.14"
"2025-03-15","North Dakota","All",,"0.43","1.34","0.78"
"2025-03-15","United States","All",,"0.76","2.56","0.31"
"2025-03-22","Arizona","All",,"0.48","1.65","0.24"
"2025-03-22","Arkansas","All",,"0.84","2.05","0.27"
"2025-03-22","Connecticut","All",,"0.71","2.83","0.1"
"2025-03-22","Florida","All",,"0.46","1.61","0.19"
"2025-03-22","Indiana","All",,"0.76","1.98","0.32"
"2025-03-22","Kansas","All",,"0.56","1.35","0.48"
"2025-03-22","Missouri","All",,"0.62","1.52","0.48"
"2025-03-22","New Mexico","All",,"0.45","1.76","0.81"
"2025-03-22","North Carolina","All",,"1.23","2.65","0.35"
"2025-03-22","South Dakota","All",,"0.53","0.72","1.37"
"2025-03-22","West Virginia","All",,"0.89","3.7","0.94"
"2025-03-29","Colorado","All",,"0.4","0.9","0.43"
"2025-03-29","Connecticut","All",,"0.69","2.31","0.06"
"2025-03-29","Delaware","All",,"0.62","1.33","0.15"
"2025-03-29","District of Columbia","All",,"0.66","1.42","0.08"
"2025-03-29","Florida","All",,"0.47","1.36","0.14"
"2025-03-29","Indiana","All",,"0.61","1.46","0.22"
"2025-03-29","Maine","All",,"0.28","2.84","0.41"
"2025-03-29","New Jersey","All",,"0.9","1.66","0.11"
"2025-03-29","New York","All",,"0.87","1.51","0.11"
"2025-03-29","Pennsylvania","All",,"0.44","1.34","0.18"
"2025-03-29","South Dakota","All",,"0.37","0.33","0.95"
"2025-03-29","Tennessee","All",,"0.8","1.2","0.11"
"2025-03-29","United States","All",,"0.64","1.44","0.21"
"2025-03-29","Utah","All",,"0.48","1.38","0.48"
"2025-03-29","Virginia","All",,"0.9","2.54","0.13"
"2025-03-29","Washington","All",,"0.49","1.59","0.37"
"2025-04-05","Alabama","All",,"0.74","0.9","0.1"
"2025-04-05","Arizona","All",,"0.43","1.17","0.13"
"2025-04-05","District of Columbia","All",,"0.42","1.31","0.01"
"2025-04-05","Georgia","All",,"0.71","0.8","0.07"
"2025-04-05","Illinois","All",,"0.64","1.45","0.2"
"2025-04-05","Kentucky","All",,"0.65","1.29","0.23"
"2025-04-05","Maryland","All",,"0.67","2.42","0.08"
"2025-04-05","Michigan","All",,"0.56","1.27","0.3"
"2025-04-05","New Hampshire","All",,"0.57","1.64","0.23"
"2025-04-05","New Jersey","All",,"0.81","1.36","0.09"
"2025-04-05","North Carolina","All",,"0.97","1.5","0.2"
"2025-04-05","Oklahoma","All",,"0.72","0.34","0.23"
"2025-04-05","Texas","All",,"0.64","0.83","0.11"
"2025-04-05","Utah","All",,"0.39","0.92","0.35"
"2025-04-05","Vermont","All",,"0.47","1.81","0.41"
"2025-04-05","West Virginia","All",,"0.63","1.51","0.69"
"2025-04-12","Arkansas","All",,"0.4","0.47","0.13"
"2025-04-12","Hawaii","All",,"0.42","2.38","0.15"
"2025-04-12","Kentucky","All",,"0.42","0.56","0.22"
"2025-04-12","Massachusetts","All",,"0.47","1.23","0.09"
"2025-04-12","Missouri","All",,"0.35","0.46","0.26"
"2025-04-12","New York","All",,"0.79","1.07","0.09"
"2025-04-12","Oregon","All",,"0.31","0.7","0.24"
"2025-04-12","Tennessee","All",,"0.48","0.56","0.1"
"2025-04-12","Texas","All",,"0.63","0.75","0.1"
"2025-04-12","Vermont","All",,"0.53","1.3","0.23"
"2025-04-12","Washington","All",,"0.47","0.82","0.19"
"2025-04-19","Alaska","All",,"0.6","1.84","0.19"
"2025-04-19","Colorado","All",,"0.31","0.46","0.2"
"2025-04-19","Florida","All",,"0.43","0.77","0.09"
"2025-04-19","Hawaii","All",,"0.55","1.85","0.12"
"2025-04-19","Iowa","All",,"0.43","0.31","0.25"
"2025-04-19","Kentucky","All",,"0.41","0.35","0.2"
"2025-04-19","Minnesota","All",,"0.55","0.59","0.19"
"2025-04-19","Mississippi","All",,"0.58","0.55","0.07"
"2025-04-19","Missouri","All",,"0.35","0.36","0.17"
"2025-04-19","Nebraska","All",,"0.3","0.26","0.13"
"2025-04-19","Ohio","All",,"0.38","0.37","0.07"
"2025-04-19","Oklahoma","All",,"0.59","0.27","0.1"
"2025-04-19","Rhode Island","All",,"0.48","0.65","0.05"
"2025-04-19","South Carolina","All",,"0.59","0.33","0.08"
"2025-04-19","Texas","All",,"0.61","0.69","0.07"
"2025-04-19","United States","All",,"0.48","0.71","0.11"
"2025-04-19","Utah","All",,"0.32","0.56","0.14"
"2025-04-19","Vermont","All",,"0.55","1.2","0.15"
"2025-04-26","Arizona","All",,"0.5","0.88","0.05"
"2025-04-26","California","All",,"0.39","0.53","0.06"
"2025-04-26","Delaware","All",,"0.31","0.49","0.11"
"2025-04-26","Indiana","All",,"0.41","0.38","0.05"
"2025-04-26","North Dakota","All",,"0.2","0.2","0.13"
"2025-04-26","Rhode Island","All",,"0.4","0.37","0.03"
"2025-04-26","Tennessee","All",,"0.45","0.49","0.07"
"2025-04-26","Texas","All",,"0.53","0.57","0.06"
"2025-04-26","Utah","All",,"0.45","0.46","0.09"
"2025-04-26","Vermont","All",,"0.37","0.82","0.23"
"2025-05-03","Connecticut","All",,"0.46","0.53","0.05"
"2025-05-03","Delaware","All",,"0.23","0.38","0.05"
"2025-05-03","Idaho","All",,"0.58","0.36","0.09"
"2025-05-03","Kansas","All",,"0.24","0.24","0.07"
"2025-05-03","Maryland","All",,"0.36","0.6","0.03"
"2025-05-03","Montana","All",,"0.27","0.17","0.23"
"2025-05-03","Ohio","All",,"0.24","0.17","0.04"
"2025-05-03","Oklahoma","All",,"0.36","0.19","0.07"
"2025-05-03","South Carolina","All",,"0.36","0.24","0.05"
"2025-05-03","Wisconsin","All",,"0.36","0.41","0.11"
"2025-05-10","Connecticut","All",,"0.39","0.34","0.02"
"2025-05-10","Hawaii","All",,"0.96","1.94","0.16"
"2025-05-10","Illinois","All",,"0.32","0.33","0.04"
"2025-05-10","Indiana","All",,"0.22","0.22","0.05"
"2025-05-10","Iowa","All",,"0.26","0.12","0.11"
"2025-05-10","Massachusetts","All",,"0.33","0.3","0.03"
"2025-05-10","New Jersey","All",,"0.4","0.27","0.03"
"2025-05-10","Oklahoma","All",,"0.25","0.12","0.04"
"2025-05-10","Texas","All",,"0.46","0.46","0.04"
"2025-05-10","United States","All",,"0.35","0.36","0.05"
"2025-05-10","Utah","All",,"0.35","0.32","0.05"
"2025-05-10","Washington","All",,"0.47","0.43","0.07"
"2025-05-10","Wyoming","All",,"0.24","0.36","0.06"
"2025-05-17","Alabama","All",,"0.41","0.4","0.1"
"2025-05-17","Arkansas","All",,"0.21","0.15","0.05"
"2025-05-17","Connecticut","All",,"0.42","0.3","0.01"
"2025-05-17","Hawaii","All",,"1.04","1.77","0.09"
"2025-05-17","Iowa","All",,"0.27","0.11","0.04"
"2025-05-17","Kentucky","All",,"0.31","0.14","0.1"
"2025-05-17","Maine","All",,"0.18","0.19","0.08"
"2025-05-17","Maryland","All",,"0.35","0.27","0.03"
"2025-05-17","Mississippi","All",,"0.43","0.39","0.07"
"2025-05-17","Missouri","All",,"0.16","0.14","0.06"
"2025-05-17","Nevada","All",,"0.37","0.4","0.03"
"2025-05-17","North Carolina","All",,"0.33","0.57","0.06"
"2025-05-17","Rhode Island","All",,"0.33","0.22","0.02"
"2025-05-17","Vermont","All",,"0.28","0.1","0.05"
"2025-05-17","West Virginia","All",,"0.16","0.14","0.13"
"2025-05-17","Wisconsin","All",,"0.23","0.2","0.05"
"2025-05-24","Alaska","All",,"0.59","0.82","0.04"
"2025-05-24","Arkansas","All",,"0.19","0.1","0.08"
"2025-05-24","Delaware","All",,"0.21","0.2","0.04"
"2025-05-24","Florida","All",,"0.49","0.52","0.06"
"2025-05-24","Indiana","All",,"0.16","0.11","0.02"
"2025-05-24","Iowa","All",,"0.3","0.12","0.04"
"2025-05-24","Kentucky","All",,"0.22","0.09","0.09"
"2025-05-24","Massachusetts","All",,"0.33","0.16","0.04"
"2025-05-24","Mississippi","All",,"0.35","0.3","0.04"
"2025-05-24","North Carolina","All",,"0.3","0.59","0.05"
"2025-05-24","Oklahoma","All",,"0.19","0.08","0.01"
"2025-05-24","South Dakota","All",,"0.09","0","0.11"
"2025-05-31","California","All",,"0.52","0.35","0.02"
"2025-05-31","Florida","All",,"0.62","0.56","0.08"
"2025-05-31","Kentucky","All",,"0.2","0.14","0.09"
"2025-05-31","Louisiana","All",,"0.52","0.3","0.03"
"2025-05-31","Michigan","All",,"0.22","0.16","0.03"
"2025-05-31","Missouri","All",,"0.13","0.13","0.02"
"2025-05-31","Nevada","All",,"0.34","0.4","0.02"
"2025-05-31","New Jersey","All",,"0.4","0.18","0.03"
"2025-05-31","North Carolina","All",,"0.37","0.55","0.04"
"2025-05-31","Oklahoma","All",,"0.18","0.06","0.02"
"2025-05-31","Oregon","All",,"0.44","0.33","0.02"
"2025-05-31","Rhode Island","All",,"0.16","0.14","0.02"
"2025-05-31","Texas","All",,"0.51","0.45","0.04"
"2025-05-31","United States","All",,"0.36","0.28","0.03"
"2025-05-31","Wisconsin","All",,"0.19","0.11","0.02"
"2025-06-07","Alabama","All",,"0.34","0.18","0.06"
"2025-06-07","Alaska","All",,"0.49","0.85","0.01"
"2025-06-07","Arizona","All",,"0.48","0.35","0.01"
"2025-06-07","California","All",,"0.55","0.27","0.02"
"2025-06-07","Hawaii","All",,"1.15","1.59","0.07"
"2025-06-07","Louisiana","All",,"0.48","0.23","0.02"
"2025-06-07","Maryland","All",,"0.33","0.12","0.02"
"2025-06-07","Minnesota","All",,"0.3","0.08","0.03"
"2025-06-07","Nevada","All",,"0.36","0.33","0.01"
"2025-06-07","North Dakota","All",,"0.16","0.03","0"
"2025-06-07","Ohio","All",,"0.16","0.05","0.01"
"2025-06-07","Oklahoma","All",,"0.15","0.08","0"
"2025-06-07","South Dakota","All",,"0.1","0.03","0.03"
"2025-06-07","Tennessee","All",,"0.19","0.19","0.03"
"2025-06-07","Texas","All",,"0.51","0.34","0.03"
"2025-06-07","Washington","All",,"0.6","0.36","0.02"
"2025-06-07","Wyoming","All",,"0.17","0.11","0.09"
"2025-06-14","Alabama","All",,"0.35","0.24","0.03"
"2025-06-14","Delaware","All",,"0.21","0.11","0.04"
"2025-06-14","Indiana","All",,"0.18","0.06","0.01"
"2025-06-14","Iowa","All",,"0.13","0.06","0"
"2025-06-14","Kentucky","All",,"0.18","0.06","0.04"
"2025-06-14","Nebraska","All",,"0.12","0.01","0.03"
"2025-06-14","Nevada","All",,"0.27","0.2","0.01"
"2025-06-14","New Mexico","All",,"0.38","0.16","0.01"
"2025-06-14","New York","All",,"0.32","0.06","0.01"
"2025-06-14","North Carolina","All",,"0.28","0.47","0.04"
"2025-06-14","Ohio","All",,"0.15","0.06","0.01"
"2025-06-14","Pennsylvania","All",,"0.14","0.09","0.01"
"2025-06-14","Rhode Island","All",,"0.24","0.1","0.02"
"2025-06-14","Texas","All",,"0.5","0.25","0.02"
"2025-06-21","Connecticut","All",,"0.32","0.07","0.01"
"2025-06-21","Delaware","All",,"0.17","0.1","0.03"
"2025-06-21","Idaho","All",,"0.39","0.16","0.01"
"2025-06-21","Indiana","All",,"0.13","0.06","0.01"
"2025-06-21","Kentucky","All",,"0.19","0.07","0.04"
"2025-06-21","Maine","All",,"0.15","0.05","0.02"
"2025-06-21","Maryland","All",,"0.36","0.09","0.02"
"2025-06-21","Michigan","All",,"0.19","0.07","0.02"
"2025-06-21","Missouri","All",,"0.14","0.05","0.02"
"2025-06-21","Ohio","All",,"0.13","0.04","0.01"
"2025-06-21","Oklahoma","All",,"0.13","0.08","0.01"
"2025-06-21","South Carolina","All",,"0.31","0.11","0.01"
"2025-06-21","South Dakota","All",,"0.29","0.06","0.03"
"2025-06-21","Tennessee","All",,"0.19","0.13","0.01"
"2025-06-21","United States","All",,"0.38","0.16","0.02"
"2025-06-21","Vermont","All",,"0.17","0.07","0.05"
"2025-06-28","Arkansas","All",,"0.21","0.13","0.03"
"2025-06-28","Illinois","All",,"0.18","0.05","0.01"
"2025-06-28","Louisiana","All",,"0.58","0.11","0.02"
"2025-06-28","Maine","All",,"0.15","0.06","0"
"2025-06-28","Massachusetts","All",,"0.33","0.07","0.01"
"2025-06-28","Michigan","All",,"0.15","0.04","0.01"
"2025-06-28","Minnesota","All",,"0.26","0.07","0.01"
"2025-06-28","Mississippi","All",,"0.45","0.18","0.02"
"2025-06-28","Missouri","All",,"0.18","0.03","0.01"
"2025-06-28","Nebraska","All",,"0.14","0","0"
"2025-06-28","Nevada","All",,"0.44","0.14","0.01"
"2025-06-28","New Hampshire","All",,"0.19","0.08","0"
"2025-06-28","New Mexico","All",,"0.23","0.12","0.02"
"2025-06-28","Rhode Island","All",,"0.24","0.01","0"
"2025-07-05","Delaware","All",,"0.29","0.03","0"
"2025-07-05","Louisiana","All",,"0.69","0.08","0.01"
"2025-07-05","Minnesota","All",,"0.28","0.05","0.01"
"2025-07-05","Mississippi","All",,"0.57","0.18","0.02"
"2025-07-05","New Jersey","All",,"0.38","0.1","0.01"
"2025-07-05","New Mexico","All",,"0.33","0.11","0.01"
"2025-07-05","Tennessee","All",,"0.25","0.11","0.02"
"2025-07-05","Texas","All",,"0.71","0.19","0.02"
"2025-07-05","United States","All",,"0.46","0.13","0.02"
"2025-07-05","Virginia","All",,"0.36","0.08","0.02"
"2025-07-12","Arizona","All",,"0.55","0.11","0"
"2025-07-12","Colorado","All",,"0.36","0.06","0.01"
"2025-07-12","Connecticut","All",,"0.39","0.04","0.01"
"2025-07-12","District of Columbia","All",,"0.44","0.04","0"
"2025-07-12","Illinois","All",,"0.22","0.03","0.01"
"2025-07-12","Indiana","All",,"0.18","0.04","0.01"
"2025-07-12","Kentucky","All",,"0.29","0.03","0.01"
"2025-07-12","Minnesota","All",,"0.26","0.05","0.01"
"2025-07-12","Missouri","All",,"0.2","0.03","0.01"
"2025-07-12","New York","All",,"0.33","0.05","0.01"
"2025-07-12","Pennsylvania","All",,"0.19","0.04","0.01"
"2025-07-12","Vermont","All",,"0.23","0","0"
"2025-07-12","Washington","All",,"0.75","0.12","0"
"2025-07-12","Wyoming","All",,"0.2","0.05","0"
"2025-07-19","Arkansas","All",,"0.34","0.03","0.02"
"2025-07-19","District of Columbia","All",,"0.66","0.08","0.01"
"2025-07-19","Illinois","All",,"0.29","0.04","0"
"2025-07-19","Maine","All",,"0.27","0.04","0.01"
"2025-07-19","Massachusetts","All",,"0.4","0.06","0.01"
"2025-07-19","Montana","All",,"0.29","0.01","0"
"2025-07-19","Oregon","All",,"0.56","0.08","0"
"2025-07-19","Tennessee","All",,"0.35","0.11","0.02"
"2025-07-19","United States","All",,"0.61","0.1","0.02"
"2025-07-26","Alabama","All",,"0.82","0.14","0.04"
"2025-07-26","Arizona","All",,"0.66","0.06","0"
"2025-07-26","Arkansas","All",,"0.33","0.03","0.03"
"2025-07-26","Colorado","All",,"0.46","0.02","0.01"
"2025-07-26","Idaho","All",,"0.55","0.07","0.02"
"2025-07-26","Iowa","All",,"0.45","0.01","0"
"2025-07-26","Massachusetts","All",,"0.44","0.04","0"
"2025-07-26","Michigan","All",,"0.2","0.02","0"
"2025-07-26","Minnesota","All",,"0.39","0.05","0.01"
"2025-07-26","Montana","All",,"0.35","0.09","0.01"
"2025-07-26","New York","All",,"0.4","0.04","0.02"
"2025-07-26","North Dakota","All",,"0.18","0.09","0.02"
"2025-07-26","Ohio","All",,"0.25","0.03","0"
"2025-07-26","Oregon","All",,"0.8","0.08","0"
"2025-07-26","Vermont","All",,"0.16","0.05","0"
"2025-07-26","Washington","All",,"0.85","0.08","0.01"
"2025-07-26","West Virginia","All",,"0.33","0.02","0.02"
"2025-08-02","Colorado","All",,"0.56","0.03","0"
"2025-08-02","Hawaii","All",,"2.97","0.45","0.04"
"2025-08-02","Kansas","All",,"0.33","0.04","0.02"
"2025-08-02","New Jersey","All",,"0.65","0.05","0.02"
"2025-08-02","Oregon","All",,"0.94","0.04","0.01"
"2025-08-02","Pennsylvania","All",,"0.34","0.03","0"
"2025-08-02","Rhode Island","All",,"0.41","0.01","0"
"2025-08-02","Texas","All",,"1.6","0.15","0.02"
"2025-08-02","Virginia","All",,"0.87","0.05","0.01"
"2025-08-09","Alabama","All",,"1.1","0.17","0.05"
"2025-08-09","Delaware","All",,"0.72","0.01","0"
"2025-08-09","Massachusetts","All",,"0.73","0.04","0.01"
"2025-08-09","Nebraska","All",,"0.3","0.01","0.03"
"2025-08-09","New Jersey","All",,"0.74","0.07","0.01"
"2025-08-09","South Carolina","All",,"1.2","0.08","0.01"
"2025-08-09","Texas","All",,"1.94","0.15","0.02"
"2025-08-09","Vermont","All",,"0.43","0.05","0.03"
"2025-08-16","Arkansas","All",,"0.88","0.07","0.01"
"2025-08-16","Connecticut","All",,"0.81","0.04","0"
"2025-08-16","Hawaii","All",,"3.86","0.45","0.06"
"2025-08-16","Maine","All",,"0.4","0.05","0.01"
"2025-08-16","Michigan","All",,"0.44","0.03","0.01"
"2025-08-16","Nebraska","All",,"0.8","0.02","0.01"
"2025-08-16","New Mexico","All",,"1.27","0.1","0.01"
"2025-08-16","New York","All",,"0.62","0.03","0.01"
"2025-08-16","North Carolina","All",,"1.51","0.5","0.02"
"2025-08-16","North Dakota","All",,"0.33","0.04","0.03"
"2025-08-16","Oregon","All",,"1.24","0.03","0"
"2025-08-16","Rhode Island","All",,"0.55","0.03","0.04"
"2025-08-16","Tennessee","All",,"1.02","0.14","0.01"
"2025-08-16","United States","All",,"1.27","0.11","0.02"
"2025-08-16","West Virginia","All",,"0.7","0.01","0.01"
"2025-08-16","Wyoming","All",,"0.71","0.03","0"
"2025-08-23","Alaska","All",,"0.94","0.29","0"
"2025-08-23","Florida","All",,"2.93","0.28","0.08"
"2025-08-23","Kansas","All",,"0.77","0.03","0"
"2025-08-23","Kentucky","All",,"1.36","0.06","0.04"
"2025-08-23","Louisiana","All",,"2.93","0.15","0.01"
"2025-08-23","Missouri","All",,"0.6","0.05","0.01"
"2025-08-23","New Jersey","All",,"0.89","0.08","0.01"
"2025-08-23","New York","All",,"0.64","0.04","0.01"
"2025-08-23","Pennsylvania","All",,"0.53","0.03","0.01"
"2025-08-23","Rhode Island","All",,"0.81","0.05","0"
"2025-08-23","United States","All",,"1.53","0.13","0.02"
"2025-08-23","Washington","All",,"1.54","0.09","0.01"
"2025-08-23","Wisconsin","All",,"0.63","0.03","0"
"2025-08-30","Alabama","All",,"2.15","0.29","0.06"
"2025-08-30","Arkansas","All",,"1.13","0.04","0.02"
"2025-08-30","Colorado","All",,"1.04","0.06","0"
"2025-08-30","Florida","All",,"3.1","0.32","0.11"
"2025-08-30","Georgia","All",,"1.87","0.18","0.04"
"2025-08-30","Hawaii","All",,"2.99","0.25","0.07"
"2025-08-30","Indiana","All",,"0.87","0.05","0.02"
"2025-08-30","Kansas","All",,"0.87","0.04","0.01"
"2025-08-30","Missouri","All",,"0.84","0.07","0.03"
"2025-08-30","Nebraska","All",,"0.71","0.03","0.02"
"2025-08-30","New York","All",,"0.67","0.05","0.01"
"2025-08-30","North Dakota","All",,"0.35","0.02","0"
"2025-08-30","Ohio","All",,"0.73","0.03","0"
"2025-08-30","South Carolina","All",,"2.77","0.13","0.01"
"2025-08-30","Tennessee","All",,"1.24","0.19","0.02"
"2025-08-30","Vermont","All",,"0.67","0.09","0.03"
"2025-08-30","Virginia","All",,"1.74","0.1","0.02"
"2025-09-06","Arizona","All",,"1.19","0.08","0"
"2025-09-06","California","All",,"2.03","0.13","0.01"
"2025-09-06","Colorado","All",,"0.94","0.06","0.02"
"2025-09-06","Connecticut","All",,"1.36","0.05","0.02"
"2025-09-06","Delaware","All",,"1.18","0.03","0.05"
"2025-09-06","District of Columbia","All",,"1.54","0.05","0.01"
"2025-09-06","Idaho","All",,"1.28","0.1","0.01"
"2025-09-06","Louisiana","All",,"2.45","0.14","0.02"
"2025-09-06","Maine","All",,"0.67","0.04","0.01"
"2025-09-06","Missouri","All",,"1.08","0.08","0.01"
"2025-09-06","Nebraska","All",,"0.65","0.06","0.01"
"2025-09-06","New Jersey","All",,"1.06","0.1","0.02"
"2025-09-06","New Mexico","All",,"1.03","0.09","0.01"
"2025-09-06","Oklahoma","All",,"0.87","0.13","0.01"
"2025-09-13","Connecticut","All",,"1.41","0.06","0.01"
"2025-09-13","Delaware","All",,"1.1","0.04","0"
"2025-09-13","District of Columbia","All",,"1.07","0.07","0.07"
"2025-09-13","Florida","All",,"1.76","0.29","0.13"
"2025-09-13","Idaho","All",,"1.37","0.14","0.03"
"2025-09-13","Indiana","All",,"0.76","0.07","0.02"
"2025-09-13","Iowa","All",,"1.21","0.04","0.02"
"2025-09-13","Maine","All",,"0.61","0.01","0.05"
"2025-09-13","Maryland","All",,"1.33","0.12","0.01"
"2025-09-13","Massachusetts","All",,"1.14","0.07","0.02"
"2025-09-13","Minnesota","All",,"0.97","0.12","0.02"
"2025-09-13","Nevada","All",,"1.08","0.09","0.01"
"2025-09-13","New Jersey","All",,"1.06","0.1","0.02"
"2025-09-13","New York","All",,"0.78","0.05","0.02"
"2025-09-13","Oregon","All",,"1.66","0.07","0"
"2025-09-13","Rhode Island","All",,"0.81","0.05","0.01"
"2025-09-20","Alaska","All",,"1","0.33","0"
"2025-09-20","Colorado","All",,"0.74","0.07","0.01"
"2025-09-20","Illinois","All",,"0.73","0.07","0.02"
"2025-09-20","Indiana","All",,"0.59","0.05","0.02"
"2025-09-20","Iowa","All",,"1.1","0.07","0.01"
"2025-09-20","Louisiana","All",,"1.09","0.24","0.02"
"2025-09-20","Michigan","All",,"0.83","0.05","0"
"2025-09-20","Minnesota","All",,"0.86","0.06","0"
"2025-09-20","Mississippi","All",,"1.03","0.22","0.04"
"2025-09-20","Missouri","All",,"0.75","0.07","0.01"
"2025-09-20","Nebraska","All",,"0.42","0.02","0.01"
"2025-09-20","New Jersey","All",,"1.05","0.13","0.03"
"2025-09-20","Ohio","All",,"0.68","0.05","0.01"
"2025-09-20","Rhode Island","All",,"0.89","0.11","0.04"
"2025-09-20","Texas","All",,"1.25","0.25","0.03"
"2025-09-20","Utah","All",,"0.86","0.06","0"
"2025-09-20","Vermont","All",,"0.92","0.02","0"
"2025-09-20","Washington","All",,"1.67","0.14","0.01"
"2025-09-27","Georgia","All",,"0.41","0.09","0.04"
"2025-09-27","Idaho","All",,"0.95","0.07","0.01"
"2025-09-27","Illinois","All",,"0.53","0.06","0.02"
"2025-09-27","Louisiana","All",,"0.69","0.27","0.03"
"2025-09-27","Maine","All",,"0.67","0.06","0.04"
"2025-09-27","Maryland","All",,"0.81","0.1","0.03"
"2025-09-27","Montana","All",,"0.9","0.06","0"
"2025-09-27","New York","All",,"0.72","0.07","0.02"
"2025-09-27","North Carolina","All",,"1.14","0.74","0.03"
"2025-09-27","Ohio","All",,"0.48","0.04","0"
"2025-09-27","Oregon","All",,"1.32","0.05","0.01"
"2025-09-27","Texas","All",,"0.81","0.26","0.05"
"2025-09-27","West Virginia","All",,"0.88","0.09","0.02"
"2025-10-04","Georgia","All",,"0.31","0.08","0.06"
"2025-10-04","Indiana","All",,"0.38","0.07","0.03"
"2025-10-04","Iowa","All",,"0.59","0.07","0.01"
"2025-10-04","Kansas","All",,"0.44","0.09","0.01"
"2025-10-04","Kentucky","All",,"0.58","0.14","0.05"
"2025-10-04","Louisiana","All",,"0.55","0.32","0.05"
"2025-10-04","Mississippi","All",,"0.76","0.19","0.04"
"2025-10-04","New Mexico","All",,"0.61","0.12","0.01"
"2025-10-04","New York","All",,"0.51","0.06","0.02"
"2025-10-04","South Carolina","All",,"0.59","0.16","0.08"
"2025-10-04","United States","All",,"0.57","0.17","0.05"
"2025-10-04","Washington","All",,"1.09","0.11","0.02"
"2025-10-11","Florida","All",,"0.46","0.5","0.29"
"2025-10-11","Mississippi","All",,"0.57","0.24","0.04"
"2025-10-11","Montana","All",,"0.58","0.16","0.02"
"2025-10-11","Ohio","All",,"0.29","0.07","0.01"
"2025-10-11","Texas","All",,"0.45","0.29","0.09"
"2025-10-11","Wyoming","All",,"0.64","0.06","0"
"2025-10-18","Alaska","All",,"0.3","0.18","0.07"
"2025-10-18","Arkansas","All",,"0.54","0.09","0.16"
"2025-10-18","Connecticut","All",,"0.5","0.06","0.03"
"2025-10-18","Hawaii","All",,"0.47","0.58","0.22"
"2025-10-18","Kansas","All",,"0.24","0.09","0.01"
"2025-10-18","Kentucky","All",,"0.36","0.09","0.04"
"2025-10-18","Maryland","All",,"0.31","0.12","0.08"
"2025-10-18","Minnesota","All",,"0.35","0.08","0.05"
"2025-10-18","Montana","All",,"0.63","0.07","0"
"2025-10-18","Nevada","All",,"0.31","0.14","0.02"
"2025-10-18","South Carolina","All",,"0.4","0.13","0.14"
"2025-10-18","Texas","All",,"0.35","0.36","0.12"
"2025-10-18","United States","All",,"0.36","0.2","0.08"
"2025-10-18","Washington","All",,"0.56","0.17","0.03"
"2025-10-18","Wyoming","All",,"0.58","0.12","0"
"2025-10-25","Indiana","All",,"0.34","0.07","0.04"
"2025-10-25","Kansas","All",,"0.22","0.1","0"
"2025-10-25","Maryland","All",,"0.28","0.18","0.06"
"2025-10-25","Minnesota","All",,"0.3","0.09","0.04"
"2025-10-25","Missouri","All",,"0.26","0.11","0.04"
"2025-10-25","Montana","All",,"0.6","0.05","0.01"
"2025-10-25","Nebraska","All",,"0.12","0.03","0.02"
"2025-10-25","Oklahoma","All",,"0.23","0.12","0.03"
"2025-10-25","Rhode Island","All",,"0.29","0.07","0.04"
"2025-10-25","Tennessee","All",,"0.34","0.2","0.05"
"2025-10-25","Utah","All",,"0.26","0.13","0"
"2025-10-25","Vermont","All",,"0.49","0.07","0"
"2025-10-25","Wyoming","All",,"0.52","0.2","0.03"
"2025-11-01","Arizona","All",,"0.48","0.11","0.01"
"2025-11-01","Arkansas","All",,"0.31","0.15","0.2"
"2025-11-01","Georgia","All",,"0.24","0.26","0.16"
"2025-11-01","Hawaii","All",,"0.23","1.15","0.15"
"2025-11-01","Iowa","All",,"0.28","0.11","0.04"
"2025-11-01","Kansas","All",,"0.22","0.11","0.01"
"2025-11-01","Kentucky","All",,"0.39","0.15","0.06"
"2025-11-01","Maine","All",,"0.48","0.14","0.01"
"2025-11-01","Missouri","All",,"0.29","0.15","0.05"
"2025-11-01","Nevada","All",,"0.31","0.18","0.02"
"2025-11-01","Pennsylvania","All",,"0.29","0.1","0.02"
"2025-11-01","Utah","All",,"0.31","0.1","0.01"
"2025-11-01","Washington","All",,"0.39","0.26","0.05"
"2025-11-08","Alabama","All",,"0.28","0.45","0.31"
"2025-11-08","Arizona","All",,"0.59","0.14","0.02"
"2025-11-08","Arkansas","All",,"0.49","0.27","0.34"
"2025-11-08","Colorado","All",,"0.38","0.57","0.02"
"2025-11-08","Florida","All",,"0.24","0.97","0.48"
"2025-11-08","Georgia","All",,"0.26","0.34","0.22"
"2025-11-08","Hawaii","All",,"0.18","1.68","0.14"
"2025-11-08","Idaho","All",,"0.47","0.36","0.04"
"2025-11-08","Indiana","All",,"0.42","0.17","0.05"
"2025-11-08","Louisiana","All",,"0.32","1.13","0.15"
"2025-11-08","Massachusetts","All",,"0.38","0.18","0.1"
"2025-11-08","Michigan","All",,"0.31","0.21","0.03"
"2025-11-08","Montana","All",,"0.61","0.18","0.02"
"2025-11-08","New Hampshire","All",,"0.35","0.23","0.02"
"2025-11-08","New Jersey","All",,"0.34","0.4","0.12"
"2025-11-08","North Dakota","All",,"0.18","0.11","0"
"2025-11-08","Ohio","All",,"0.37","0.15","0.03"
"2025-11-08","Rhode Island","All",,"0.3","0.19","0.09"
"2025-11-08","Texas","All",,"0.27","0.86","0.26"
"2025-11-08","Vermont","All",,"0.45","0.36","0.02"
"2025-11-15","Georgia","All",,"0.23","0.43","0.21"
"2025-11-15","Maine","All",,"0.34","0.16","0.02"
"2025-11-15","Massachusetts","All",,"0.37","0.28","0.1"
"2025-11-15","Mississippi","All",,"0.73","0.88","0.12"
"2025-11-15","New York","All",,"0.31","0.55","0.08"
"2025-11-15","Ohio","All",,"0.47","0.21","0.05"
"2025-11-15","Oregon","All",,"0.34","0.26","0.04"
"2025-11-15","South Carolina","All",,"0.29","0.33","0.28"
"2025-11-15","Tennessee","All",,"0.59","0.36","0.09"
"2025-11-15","Utah","All",,"0.28","0.64","0.01"
"2025-11-15","Vermont","All",,"0.56","0.38","0.02"
"2025-11-15","West Virginia","All",,"0.62","0.2","0.13"
"2025-11-15","Wisconsin","All",,"0.32","0.2","0.02"
"2025-11-22","Arizona","All",,"0.56","0.51","0.02"
"2025-11-22","Colorado","All",,"0.41","1.72","0.06"
"2025-11-22","Delaware","All",,"0.32","0.4","0.21"
"2025-11-22","Nevada","All",,"0.3","0.35","0.06"
"2025-11-22","New Hampshire","All",,"0.52","0.42","0.13"
"2025-11-22","New York","All",,"0.31","1.23","0.13"
"2025-11-22","Oregon","All",,"0.31","0.35","0.05"
"2025-11-22","Pennsylvania","All",,"0.41","0.52","0.08"
"2025-11-22","South Carolina","All",,"0.33","0.71","0.35"
"2025-11-22","Virginia","All",,"0.34","0.77","0.29"
"2025-11-22","Washington","All",,"0.25","0.57","0.13"
"2025-11-29","Arizona","All",,"0.48","0.53","0.03"
"2025-11-29","Indiana","All",,"0.74","0.91","0.16"
"2025-11-29","Iowa","All",,"0.48","0.37","0.08"
"2025-11-29","Kansas","All",,"0.32","0.32","0.05"
"2025-11-29","Mississippi","All",,"0.74","1.03","0.19"
"2025-11-29","Montana","All",,"0.5","1.02","0.04"
"2025-11-29","Nevada","All",,"0.23","0.36","0.06"
"2025-11-29","New York","All",,"0.38","2.69","0.2"
"2025-11-29","North Dakota","All",,"0.45","0.7","0.04"
"2025-11-29","Oregon","All",,"0.26","0.61","0.08"
"2025-11-29","Rhode Island","All",,"0.53","1.05","0.26"
"2025-11-29","Tennessee","All",,"0.59","0.7","0.23"
"2025-11-29","Utah","All",,"0.28","1.39","0.04"
"2025-11-29","Virginia","All",,"0.36","1.38","0.38"
"2025-11-29","Wisconsin","All",,"0.41","0.63","0.04"
"2025-11-29","Wyoming","All",,"0.54","1.15","0"
"2025-12-06","Colorado","All",,"0.61","2.9","0.07"
"2025-12-06","District of Columbia","All",,"0.19","2","0.15"
"2025-12-06","Illinois","All",,"0.73","1.1","0.2"
"2025-12-06","Indiana","All",,"1.01","1.26","0.18"
"2025-12-06","Maine","All",,"0.63","0.78","0.02"
"2025-12-06","North Carolina","All",,"0.31","3.05","0.42"
"2025-12-06","North Dakota","All",,"0.4","0.75","0.05"
"2025-12-06","South Dakota","All",,"0.7","0.22","0.04"
"2025-12-06","Tennessee","All",,"0.6","0.9","0.28"
"2025-12-13","Arkansas","All",,"0.6","1.4","0.63"
"2025-12-13","California","All",,"0.14","0.88","0.12"
"2025-12-13","Delaware","All",,"0.48","2.11","0.51"
"2025-12-13","Illinois","All",,"0.91","2.06","0.27"
"2025-12-13","Iowa","All",,"0.64","1.1","0.12"
"2025-12-13","Louisiana","All",,"0.29","4.45","0.51"
"2025-12-13","Maryland","All",,"0.39","3.91","0.45"
"2025-12-13","Massachusetts","All",,"0.69","3.03","0.31"
"2025-12-13","Michigan","All",,"0.87","2.5","0.13"
"2025-12-13","Minnesota","All",,"0.74","4.35","0.21"
"2025-12-13","Nebraska","All",,"0.45","0.88","0.01"
"2025-12-13","North Dakota","All",,"0.56","2.13","0.07"
"2025-12-13","Rhode Island","All",,"0.62","3.14","0.37"
"2025-12-13","Tennessee","All",,"0.75","1.77","0.35"
"2025-12-13","Vermont","All",,"0.77","1.36","0.11"
"2025-12-20","Alabama","All",,"0.42","6.8","0.66"
"2025-12-20","Arizona","All",,"0.45","2.24","0.08"
"2025-12-20","Arkansas","All",,"0.96","4.56","0.89"
"2025-12-20","Florida","All",,"0.26","4.99","0.53"
"2025-12-20","Georgia","All",,"0.36","6.22","0.49"
"2025-12-20","Hawaii","All",,"0.11","6.85","0.29"
"2025-12-20","Iowa","All",,"1.02","2.55","0.22"
"2025-12-20","Mississippi","All",,"0.88","3.8","0.46"
"2025-12-20","Montana","All",,"0.71","2.8","0.16"
"2025-12-20","Nevada","All",,"0.28","3.64","0.21"
"2025-12-20","New York","All",,"0.5","8.46","0.33"
"2025-12-20","North Carolina","All",,"0.53","11.24","0.64"
"2025-12-20","United States","All",,"0.65","5.55","0.41"
"2025-12-20","Virginia","All",,"0.45","5.01","0.55"
"2025-12-20","Wyoming","All",,"0.62","3.9","0.03"
"2025-12-27","Arizona","All",,"0.51","3.86","0.13"
"2025-12-27","Connecticut","All",,"1.17","12.02","0.29"
"2025-12-27","Delaware","All",,"0.87","9.33","1.3"
"2025-12-27","Georgia","All",,"0.49","9.8","0.6"
"2025-12-27","Idaho","All",,"0.68","7.34","0.24"
"2025-12-27","Kansas","All",,"1.25","7.15","0.24"
"2025-12-27","Kentucky","All",,"1.56","7.84","0.81"
"2025-12-27","Michigan","All",,"1.62","8.1","0.28"
"2025-12-27","Missouri","All",,"1.57","8.91","0.75"
"2025-12-27","Nebraska","All",,"1.3","4.16","0.1"
"2025-12-27","Pennsylvania","All",,"1.29","6.92","0.43"
"2025-12-27","Rhode Island","All",,"0.91","9","0.48"
"2025-12-27","South Carolina","All",,"0.69","10.21","0.87"
"2026-01-03","Alaska","All",,"0.53","9.16","0.44"
"2026-01-03","Arizona","All",,"0.52","2.98","0.13"
"2026-01-03","California","All",,"0.18","2.63","0.32"
"2026-01-03","Colorado","All",,"0.97","7.64","0.23"
"2026-01-03","Idaho","All",,"0.57","5.4","0.24"
"2026-01-03","Kansas","All",,"1.33","5.56","0.36"
"2026-01-03","Louisiana","All",,"0.46","7.12","0.67"
"2026-01-03","Maryland","All",,"0.83","8.61","0.86"
"2026-01-03","Massachusetts","All",,"1.39","8.79","0.57"
"2026-01-03","Michigan","All",,"1.98","7.08","0.33"
"2026-01-03","Mississippi","All",,"0.94","3.92","0.58"
"2026-01-03","Missouri","All",,"1.58","6.49","0.74"
"2026-01-03","Nevada","All",,"0.31","3.96","0.22"
"2026-01-03","New Hampshire","All",,"1.48","8.31","0.44"
"2026-01-03","New Jersey","All",,"0.87","8.5","0.69"
"2026-01-03","North Dakota","All",,"1.06","8.06","0.11"
"2026-01-03","United States","All",,"0.96","6.48","0.55"
"2026-01-03","Utah","All",,"0.46","6.99","0.15"
"2026-01-03","Virginia","All",,"0.82","8.34","0.71"
"2026-01-10","Arizona","All",,"0.42","2.07","0.11"
"2026-01-10","Arkansas","All",,"0.71","3.3","0.67"
"2026-01-10","Connecticut","All",,"1.11","4.48","0.32"
"2026-01-10","Georgia","All",,"0.39","3.15","0.5"
"2026-01-10","Idaho","All",,"0.59","3.73","0.25"
"2026-01-10","Illinois","All",,"1.9","4.38","0.57"
"2026-01-10","Maine","All",,"1.46","4.88","0.07"
"2026-01-10","New Mexico","All",,"1.18","4.75","0.17"
"2026-01-10","New York","All",,"0.62","3.34","0.38"
"2026-01-10","Oklahoma","All",,"1.12","2.24","0.5"
"2026-01-10","Oregon","All",,"0.26","2.47","0.27"
"2026-01-10","Tennessee","All",,"0.88","3.69","0.59"
"2026-01-10","Utah","All",,"0.41","4.2","0.19"
"2026-01-10","Vermont","All",,"0.92","4.39","0.26"
"2026-01-10","Washington","All",,"0.26","3.56","0.59"
"2026-01-10","West Virginia","All",,"2.15","3.84","0.69"
"2026-01-17","Connecticut","All",,"1.08","2.98","0.38"
"2026-01-17","District of Columbia","All",,"0.34","3.03","0.57"
"2026-01-17","Idaho","All",,"0.41","3.06","0.28"
"2026-01-17","Illinois","All",,"1.58","3.3","0.67"
"2026-01-17","Iowa","All",,"1.58","5.78","0.68"
"2026-01-17","Louisiana","All",,"0.35","3.38","0.49"
"2026-01-17","Maine","All",,"1.18","4.55","0.07"
"2026-01-17","Michigan","All",,"1.53","3.4","0.32"
"2026-01-17","Missouri","All",,"1.2","4.1","0.71"
"2026-01-17","Nevada","All",,"0.19","2.12","0.25"
"2026-01-17","New Jersey","All",,"0.7","3.15","0.68"
"2026-01-17","New Mexico","All",,"1.04","3.5","0.29"
"2026-01-17","North Dakota","All",,"0.88","3.68","0.19"
"2026-01-17","Oregon","All",,"0.21","2.96","0.3"
"2026-01-17","Vermont","All",,"1.01","4.63","0.41"
"2026-01-24","California","All",,"0.15","3.53","0.37"
"2026-01-24","Connecticut","All",,"0.86","1.68","0.38"
"2026-01-24","Hawaii","All",,"0.14","2.51","0.53"
"2026-01-24","Illinois","All",,"1.52","3.51","0.78"
"2026-01-24","Kentucky","All",,"1.23","4.21","0.73"
"2026-01-24","Maine","All",,"1.28","3.69","0.13"
"2026-01-24","Maryland","All",,"0.69","2.13","0.7"
"2026-01-24","Missouri","All",,"1.29","5.42","0.73"
"2026-01-24","Nebraska","All",,"0.8","3.02","0.07"
"2026-01-24","Nevada","All",,"0.22","2.42","0.35"
"2026-01-24","New Mexico","All",,"0.93","3.55","0.38"
"2026-01-24","New York","All",,"0.51","1.3","0.45"
"2026-01-24","North Dakota","All",,"1.11","3.72","0.28"
"2026-01-24","Ohio","All",,"1.31","3.77","0.46"
"2026-01-24","Pennsylvania","All",,"0.98","2.75","0.51"
"2026-01-24","Rhode Island","All",,"0.74","1.64","0.7"
"2026-01-24","South Dakota","All",,"1.54","5.24","0.3"
"2026-01-24","Texas","All",,"0.37","4.71","0.66"
"2026-01-24","United States","All",,"0.7","3.53","0.53"
"2026-01-24","Vermont","All",,"1.19","5.22","0.66"
"2026-01-24","Washington","All",,"0.27","4.09","0.6"
"2026-01-24","Wyoming","All",,"0.84","2.1","0.18"
"2026-01-31","Arizona","All",,"0.32","2.67","0.22"
"2026-01-31","Colorado","All",,"0.7","1.79","0.58"
"2026-01-31","District of Columbia","All",,"0.52","1.61","0.43"
"2026-01-31","Florida","All",,"0.3","4.05","0.36"
"2026-01-31","Georgia","All",,"0.39","2.13","0.51"
"2026-01-31","Illinois","All",,"1.43","2.92","0.75"
"2026-01-31","Louisiana","All",,"0.46","4.64","0.61"
"2026-01-31","Maryland","All",,"0.63","1.49","0.71"
"2026-01-31","Michigan","All",,"1.17","2.4","0.44"
"2026-01-31","Missouri","All",,"1.06","5.19","0.86"
"2026-01-31","Montana","All",,"0.91","3.76","0.37"
"2026-01-31","New Jersey","All",,"0.68","1.68","0.68"
"2026-01-31","North Carolina","All",,"0.53","3.86","0.96"
"2026-01-31","Ohio","All",,"1.19","3.5","0.47"
"2026-01-31","Oklahoma","All",,"1.24","4.45","0.89"
"2026-01-31","South Dakota","All",,"1.28","4.63","0.49"
"2026-01-31","Utah","All",,"0.29","3.04","0.5"
"2026-01-31","Washington","All",,"0.27","5.36","0.71"
"2026-02-07","Alabama","All",,"0.57","7.2","0.38"
"2026-02-07","Arkansas","All",,"0.61","4.31","1.05"
"2026-02-07","District of Columbia","All",,"0.39","0.96","0.46"
"2026-02-07","Idaho","All",,"0.57","3.36","0.58"
"2026-02-07","Illinois","All",,"1.29","2.77","0.87"
"2026-02-07","Michigan","All",,"1.27","2.4","0.5"
"2026-02-07","New Jersey","All",,"0.62","1.42","0.59"
"2026-02-07","North Dakota","All",,"1.11","2.48","0.22"
"2026-02-07","Ohio","All",,"0.9","2.49","0.37"
"2026-02-07","Oregon","All",,"0.21","7.24","0.57"
"2026-02-07","South Dakota","All",,"1.68","4.16","0.79"
"2026-02-07","Vermont","All",,"0.77","3.34","0.66"
"2026-02-14","Alabama","All",,"0.65","8.58","0.31"
"2026-02-14","Connecticut","All",,"0.84","1.52","0.59"
"2026-02-14","District of Columbia","All",,"0.4","0.86","0.33"
"2026-02-14","Florida","All",,"0.35","6.23","0.32"
"2026-02-14","Idaho","All",,"0.68","3.25","0.7"
"2026-02-14","Kansas","All",,"0.77","5.7","0.64"
"2026-02-14","Louisiana","All",,"0.48","5.29","0.49"
"2026-02-14","Missouri","All",,"0.91","5.56","1"
"2026-02-14","Ohio","All",,"0.86","3.27","0.46"
"2026-02-14","Oregon","All",,"0.23","5.68","0.61"
"2026-02-14","Pennsylvania","All",,"0.68","1.82","0.55"
"2026-02-14","South Dakota","All",,"1.34","4.49","1.28"
"2026-02-14","Texas","All",,"0.38","4.36","0.52"
"2026-02-14","United States","All",,"0.62","3.58","0.57"
"2026-02-14","Utah","All",,"0.37","3.24","0.88"
"2026-02-14","Washington","All",,"0.34","4.13","0.71"
"2026-02-21","Arizona","All",,"0.41","3.59","0.33"
"2026-02-21","Indiana","All",,"0.96","4.13","0.66"
"2026-02-21","Massachusetts","All",,"0.67","1.82","1.12"
"2026-02-21","Nebraska","All",,"0.71","3.99","0.61"
"2026-02-21","New York","All",,"0.57","1.07","0.58"
"2026-02-21","Oregon","All",,"0.17","4.39","0.61"
"2026-02-21","Texas","All",,"0.35","3.37","0.53"
"2026-02-21","Washington","All",,"0.3","3.34","0.83"
"2026-02-28","Delaware","All",,"0.85","3.17","0.98"
"2026-02-28","Florida","All",,"0.29","3.19","0.27"
"2026-02-28","Massachusetts","All",,"0.61","1.48","1.05"
"2026-02-28","New York","All",,"0.5","0.93","0.55"
"2026-02-28","Rhode Island","All",,"0.58","1.09","0.71"
"2026-02-28","United States","All",,"0.53","2.62","0.6"
"2026-02-28","Utah","All",,"0.31","2.02","0.95"
"2026-02-28","Washington","All",,"0.21","2.53","0.8"
"2026-02-28","Wisconsin","All",,"0.85","3","0.85"
"2026-03-07","Arizona","All",,"0.27","2.5","0.34"
"2026-03-07","California","All",,"0.11","2","0.42"
"2026-03-07","Florida","All",,"0.27","3.06","0.27"
"2026-03-07","Hawaii","All",,"0.12","2.08","0.48"
"2026-03-07","Louisiana","All",,"0.41","1.8","0.34"
"2026-03-07","Maryland","All",,"0.79","1.18","0.37"
"2026-03-07","Massachusetts","All",,"0.48","1.23","0.7"
"2026-03-07","Minnesota","All",,"0.65","2.78","0.9"
"2026-03-07","Ohio","All",,"0.63","3.49","0.58"
"2026-03-07","Pennsylvania","All",,"0.52","2.09","0.53"
"2026-03-07","South Carolina","All",,"0.58","2.27","0.3"
"2026-03-07","Texas","All",,"0.31","2.3","0.44"
"2026-03-07","United States","All",,"0.48","2.48","0.57"
"2026-03-07","Washington","All",,"0.18","2.22","0.72"
"2026-03-14","Alaska","All",,"0.26","1.95","0.93"
"2026-03-14","Arizona","All",,"0.26","2.22","0.36"
"2026-03-14","Delaware","All",,"0.68","2.9","0.62"
"2026-03-14","Florida","All",,"0.23","2.19","0.27"
"2026-03-14","Illinois","All",,"0.51","2.12","0.94"
"2026-03-14","Kansas","All",,"0.45","2.06","0.79"
"2026-03-14","Maine","All",,"0.69","1.39","0.54"
"2026-03-14","Massachusetts","All",,"0.37","1.54","0.8"
"2026-03-14","Michigan","All",,"0.49","1.61","0.86"
"2026-03-14","Missouri","All",,"0.5","2.37","0.86"
"2026-03-14","Montana","All",,"0.33","2.29","0.82"
"2026-03-14","New Hampshire","All",,"0.48","1.72","0.76"
"2026-03-14","New Jersey","All",,"0.53","2.14","0.45"
"2026-03-14","Ohio","All",,"0.43","2.68","0.53"
"2026-03-14","Oregon","All",,"0.13","1.7","0.65"
"2026-03-14","South Carolina","All",,"0.52","1.57","0.24"
"2026-03-14","United States","All",,"0.4","1.98","0.55"
"2026-03-14","Wisconsin","All",,"0.48","2.62","1.01"
"2026-03-21","Arizona","All",,"0.18","1.63","0.32"
"2026-03-21","District of Columbia","All",,"0.53","0.92","0.16"
"2026-03-21","Maryland","All",,"0.67","1.17","0.29"
"2026-03-21","New Hampshire","All",,"0.35","1.5","0.68"
"2026-03-21","North Carolina","All",,"0.63","1.71","0.56"
"2026-03-21","North Dakota","All",,"0.31","3.62","1.45"
"2026-03-21","Ohio","All",,"0.29","1.79","0.49"
"2026-03-21","Oklahoma","All",,"0.49","1.28","0.63"
"2026-03-21","Rhode Island","All",,"0.29","1.04","0.45"
"2026-03-21","Tennessee","All",,"0.38","1.73","0.42"
"2026-03-21","Wisconsin","All",,"0.32","2.28","0.83"
"2026-03-21","Wyoming","All",,"0.59","1.71","1.22"
"2026-03-28","Delaware","All",,"0.48","2.11","0.42"
"2026-03-28","Georgia","All",,"0.27","0.85","0.17"
"2026-03-28","Hawaii","All",,"0.21","2.45","0.46"
"2026-03-28","Kentucky","All",,"0.51","2.05","0.56"
"2026-03-28","Louisiana","All",,"0.38","0.8","0.21"
"2026-03-28","Maryland","All",,"0.55","1.45","0.25"
"2026-03-28","Michigan","All",,"0.27","0.87","0.77"
"2026-03-28","Montana","All",,"0.17","1.44","0.68"
"2026-03-28","New Jersey","All",,"0.55","2.05","0.36"
"2026-03-28","Ohio","All",,"0.22","1.54","0.41"
"2026-03-28","Oregon","All",,"0.1","1.13","0.63"
"2026-03-28","South Carolina","All",,"0.48","0.99","0.17"
"2026-03-28","Utah","All",,"0.2","0.7","0.64"
"2026-03-28","Vermont","All",,"0.21","0.65","1.01"
"2026-03-28","Wyoming","All",,"0.8","1.48","1.03"
"2026-04-04","Idaho","All",,"0.22","1.05","0.44"
"2026-04-04","Kansas","All",,"0.22","0.5","0.4"
"2026-04-04","Louisiana","All",,"0.32","0.57","0.18"
"2026-04-04","Maine","All",,"0.21","1.62","0.61"
"2026-04-04","Massachusetts","All",,"0.3","1.82","0.53"
"2026-04-04","Michigan","All",,"0.24","0.81","0.72"
"2026-04-04","Missouri","All",,"0.21","0.6","0.42"
"2026-04-04","Nebraska","All",,"0.23","0.74","0.68"
"2026-04-04","New Hampshire","All",,"0.29","1.41","0.5"
"2026-04-04","New Mexico","All",,"0.18","1.37","0.52"
"2026-04-04","New York","All",,"0.39","1.15","0.29"
"2026-04-04","North Carolina","All",,"0.51","1.3","0.43"
"2026-04-04","Pennsylvania","All",,"0.31","1.25","0.29"
"2026-04-04","Rhode Island","All",,"0.24","1.37","0.35"
"2026-04-04","Texas","All",,"0.21","0.75","0.19"
"2026-04-04","Virginia","All",,"0.59","1.3","0.25"
"2026-04-04","Washington","All",,"0.19","1.63","0.45"
"2026-04-11","Alaska","All",,"0.33","1.06","0.4"
"2026-04-11","Connecticut","All",,"0.31","1.48","0.21"
"2026-04-11","Florida","All",,"0.2","0.78","0.18"
"2026-04-11","Georgia","All",,"0.2","0.55","0.14"
"2026-04-11","Iowa","All",,"0.17","0.62","0.59"
"2026-04-11","Missouri","All",,"0.24","0.4","0.29"
"2026-04-11","Nebraska","All",,"0.14","0.58","0.69"
"2026-04-11","New Mexico","All",,"0.16","1.26","0.31"
"2026-04-11","Ohio","All",,"0.14","0.55","0.27"
"2026-04-11","South Dakota","All",,"0.34","0.85","0.67"
"2026-04-11","Vermont","All",,"0.35","0.61","0.78"
"2026-04-11","Wisconsin","All",,"0.18","0.95","0.52"
"2026-04-11","Wyoming","All",,"0.78","1","0.64"
"2026-04-18","Arizona","All",,"0.14","0.88","0.17"
"2026-04-18","Arkansas","All",,"0.2","0.42","0.35"
"2026-04-18","Idaho","All",,"0.24","0.35","0.35"
"2026-04-18","Massachusetts","All",,"0.18","0.98","0.28"
"2026-04-18","Mississippi","All",,"0.24","0.68","0.16"
"2026-04-18","Missouri","All",,"0.18","0.21","0.27"
"2026-04-18","New Hampshire","All",,"0.25","0.7","0.32"
"2026-04-18","Ohio","All",,"0.11","0.31","0.18"
"2026-04-18","Washington","All",,"0.12","1.2","0.27"
"2026-04-18","Wisconsin","All",,"0.14","0.57","0.42"
"2026-04-25","Hawaii","All",,"0.13","2.34","0.28"
"2026-04-25","Maine","All",,"0.15","0.7","0.46"
"2026-04-25","Michigan","All",,"0.08","0.17","0.33"
"2026-04-25","Minnesota","All",,"0.25","0.61","0.32"
"2026-04-25","Missouri","All",,"0.15","0.13","0.16"
"2026-04-25","New Mexico","All",,"0.15","0.78","0.21"
"2026-04-25","New York","All",,"0.17","0.31","0.11"
"2026-04-25","Ohio","All",,"0.07","0.17","0.11"
"2026-04-25","Rhode Island","All",,"0.15","0.42","0.13"
"2026-04-25","Tennessee","All",,"0.21","0.43","0.16"
"2026-04-25","United States","All",,"0.16","0.43","0.17"
"2026-04-25","Wyoming","All",,"0.43","0.84","0.56"
"2026-05-02","Colorado","All",,"0.13","0.61","0.17"
"2026-05-02","Illinois","All",,"0.07","0.19","0.15"
"2026-05-02","Maryland","All",,"0.16","0.28","0.08"
"2026-05-02","Nevada","All",,"0.1","0.92","0.11"
"2026-05-02","New Jersey","All",,"0.19","0.35","0.1"
"2026-05-02","North Carolina","All",,"0.28","0.69","0.15"
"2026-05-02","North Dakota","All",,"0.11","0.5","0.46"
"2026-05-02","Rhode Island","All",,"0.05","0.28","0.07"
"2026-05-02","West Virginia","All",,"0.13","0.3","0.42"
"2026-05-02","Wisconsin","All",,"0.07","0.16","0.21"
"2026-05-09","Delaware","All",,"0.17","0.17","0.18"
"2026-05-09","Michigan","All",,"0.06","0.07","0.15"
"2026-05-09","Missouri","All",,"0.08","0.11","0.11"
"2026-05-09","Oregon","All",,"0.07","0.38","0.13"
"2026-05-09","South Dakota","All",,"0.15","0.19","0.24"
"2026-05-09","Tennessee","All",,"0.15","0.3","0.12"
"2026-05-09","United States","All",,"0.13","0.32","0.11"
"2026-05-09","West Virginia","All",,"0.18","0.23","0.39"
"2026-05-16","Alabama","All",,"0.14","0.3","0.11"
"2026-05-16","Colorado","All",,"0.08","0.32","0.07"
"2026-05-16","Delaware","All",,"0.11","0.11","0.12"
"2026-05-16","Illinois","All",,"0.06","0.11","0.09"
"2026-05-16","Indiana","All",,"0.06","0.08","0.08"
"2026-05-16","Michigan","All",,"0.05","0.05","0.13"
"2026-05-16","Mississippi","All",,"0.17","0.27","0.1"
"2026-05-16","North Dakota","All",,"0.1","0.43","0.32"
"2026-05-16","Ohio","All",,"0.04","0.06","0.05"
"2026-05-16","Rhode Island","All",,"0.07","0.19","0.03"
"2026-05-16","United States","All",,"0.13","0.27","0.09"
"2026-05-16","Vermont","All",,"0.03","0.05","0.19"
"2026-05-16","Washington","All",,"0.13","0.56","0.1"
"2026-05-16","Wisconsin","All",,"0.05","0.12","0.12"
"2026-05-23","Arkansas","All",,"0.11","0.2","0.11"
"2026-05-23","California","All",,"0.07","0.35","0.05"
"2026-05-23","Maine","All",,"0.1","0.16","0.12"
"2026-05-23","Mississippi","All",,"0.2","0.23","0.08"
"2026-05-23","Montana","All",,"0.06","0.09","0.18"
"2026-05-23","New Hampshire","All",,"0.12","0.17","0.07"
"2026-05-23","Ohio","All",,"0.04","0.06","0.03"
"2026-05-23","Texas","All",,"0.16","0.35","0.08"
"2026-05-23","Vermont","All",,"0.06","0.05","0.05"
"2026-05-30","Alaska","All",,"0.04","0.33","0.04"
"2026-05-30","California","All",,"0.06","0.36","0.04"
"2026-05-30","Connecticut","All",,"0.11","0.11","0.02"
"2026-05-30","Idaho","All",,"0.13","0.19","0.06"
"2026-05-30","Illinois","All",,"0.06","0.06","0.05"
"2026-05-30","Louisiana","All",,"0.28","0.13","0.06"
"2026-05-30","Massachusetts","All",,"0.09","0.11","0.07"
"2026-05-30","Minnesota","All",,"0.04","0.14","0.06"
"2026-05-30","Mississippi","All",,"0.17","0.15","0.11"
"2026-05-30","Missouri","All",,"0.07","0.07","0.06"
"2026-05-30","Montana","All",,"0.05","0.11","0.14"
"2026-05-30","Nevada","All",,"0.15","0.73","0.03"
"2026-05-30","New Hampshire","All",,"0.05","0.13","0.06"
"2026-05-30","New Mexico","All",,"0.1","0.26","0.09"
"2026-05-30","New York","All",,"0.09","0.11","0.03"
"2026-05-30","North Carolina","All",,"0.14","0.55","0.07"
"2026-05-30","North Dakota","All",,"0.13","0.3","0.21"
"2026-05-30","Oklahoma","All",,"0.06","0.07","0.04"
"2026-05-30","Tennessee","All",,"0.13","0.2","0.08"
"2026-05-30","United States","All",,"0.11","0.21","0.06"
"2026-06-06","Alabama","All",,"0.14","0.17","0.08"
"2026-06-06","Arizona","All",,"0.17","0.38","0.05"
"2026-06-06","Connecticut","All",,"0.11","0.05","0.02"
"2026-06-06","Florida","All",,"0.25","0.27","0.09"
"2026-06-06","Maine","All",,"0.04","0.13","0.07"
"2026-06-06","Missouri","All",,"0.05","0.04","0.04"
"2026-06-06","New Hampshire","All",,"0.04","0.08","0.03"
"2026-06-06","Pennsylvania","All",,"0.06","0.07","0.03"
"2026-06-06","South Carolina","All",,"0.13","0.08","0.03"
"2026-06-06","South Dakota","All",,"0.08","0.11","0.16"
"2026-06-06","Tennessee","All",,"0.1","0.17","0.1"
"2026-06-06","Utah","All",,"0.1","0.1","0.05"
"2026-06-06","Wisconsin","All",,"0.02","0.05","0.05"
"2026-06-13","Alaska","All",,"0.05","0.22","0.08"
"2026-06-13","Georgia","All",,"0.09","0.06","0.03"
"2026-06-13","Idaho","All",,"0.13","0.09","0.09"
"2026-06-13","Louisiana","All",,"0.22","0.07","0.02"
"2026-06-13","Maryland","All",,"0.07","0.08","0.05"
"2026-06-13","New Hampshire","All",,"0.04","0.05","0.02"
"2026-06-13","New Jersey","All",,"0.09","0.08","0.03"
"2026-06-13","Ohio","All",,"0.03","0.01","0.02"
"2026-06-13","Oklahoma","All",,"0.05","0.06","0.02"
"2026-06-13","Oregon","All",,"0.09","0.1","0.02"
"2026-06-13","South Carolina","All",,"0.1","0.04","0.02"
"2026-06-13","Virginia","All",,"0.1","0.11","0.05"
"2026-06-13","West Virginia","All",,"0.03","0.1","0.11"
"2026-06-20","California","All",,"0.08","0.22","0.02"
"2026-06-20","Colorado","All",,"0.05","0.04","0.02"
"2026-06-20","District of Columbia","All",,"0.03","0.1","0.04"
"2026-06-20","Georgia","All",,"0.07","0.04","0.02"
"2026-06-20","Idaho","All",,"0.18","0.2","0.03"
"2026-06-20","Maine","All",,"0.01","0.05","0.02"
"2026-06-20","Massachusetts","All",,"0.05","0.04","0.03"
"2026-06-20","Michigan","All",,"0.03","0.04","0.02"
"2026-06-20","New Hampshire","All",,"0.02","0.06","0.01"
"2026-06-20","New Jersey","All",,"0.08","0.08","0.02"
"2026-06-20","North Carolina","All",,"0.09","0.32","0.05"
"2026-06-20","North Dakota","All",,"0.04","0.02","0.11"
"2026-06-20","Oregon","All",,"0.07","0.09","0.04"
"2026-06-20","Rhode Island","All",,"0.04","0.03","0.01"
"2026-06-20","South Carolina","All",,"0.08","0.06","0.01"
"2026-06-20","Wisconsin","All",,"0.04","0.03","0.02"
"2026-06-20","Wyoming","All",,"0.2","0.28","0.08"
"2026-06-27","Alabama","All",,"0.11","0.1","0.08"
"2026-06-27","Alaska","All",,"0.21","0.35","0.03"
"2026-06-27","Arkansas","All",,"0.07","0.07","0.05"
"2026-06-27","Georgia","All",,"0.11","0.06","0.02"
"2026-06-27","Hawaii","All",,"0.21","0.55","0.12"
"2026-06-27","Idaho","All",,"0.14","0.09","0.01"
"2026-06-27","Montana","All",,"0.04","0.12","0.04"
"2026-06-27","New Hampshire","All",,"0.05","0.05","0.01"
"2026-06-27","New Mexico","All",,"0.06","0.03","0"
"2026-06-27","North Carolina","All",,"0.1","0.33","0.04"
"2026-06-27","North Dakota","All",,"0.04","0.04","0.02"
"2026-06-27","Rhode Island","All",,"0.09","0.01","0.02"
"2026-06-27","South Carolina","All",,"0.14","0.06","0.02"
"2026-06-27","Tennessee","All",,"0.1","0.11","0.04"
"2026-06-27","Vermont","All",,"0.03","0","0.02"
"2026-06-27","Washington","All",,"0.08","0.23","0.02"
"2026-07-04","Colorado","All",,"0.05","0.04","0.01"
"2026-07-04","Connecticut","All",,"0.06","0.03","0.01"
"2026-07-04","Indiana","All",,"0.04","0.04","0.01"
"2026-07-04","Iowa","All",,,,
"2026-07-04","Missouri","All",,"0.05","0.04","0.02"
"2026-07-04","Nebraska","All",,"0.02","0.01","0.02"
"2026-07-04","Nevada","All",,"0.18","0.18","0.01"
"2026-07-04","New Hampshire","All",,"0.06","0.06","0"
"2026-07-04","South Carolina","All",,"0.11","0.04","0.01"
"2026-07-04","West Virginia","All",,"0.12","0.04","0.07"
"2026-07-11","Alaska","All",,"0.13","0.32","0.04"
"2026-07-11","Arkansas","All",,"0.05","0.04","0.02"
"2026-07-11","Colorado","All",,"0.09","0.05","0.01"
"2026-07-11","Idaho","All",,"0.17","0.12","0.03"
"2026-07-11","Illinois","All",,"0.07","0.04","0.01"
"2026-07-11","Indiana","All",,"0.04","0.03","0.01"
"2026-07-11","Kentucky","All",,"0.07","0.05","0.03"
"2026-07-11","Minnesota","All",,"0.04","0.02","0.02"
"2026-07-11","Nebraska","All",,"0.04","0.05","0.02"
"2026-07-11","New Hampshire","All",,"0.07","0.03","0.01"
"2026-07-11","Pennsylvania","All",,"0.03","0.05","0.01"
"2026-07-11","South Dakota","All",,"0.14","0.05","0.02"
"2026-07-11","Utah","All",,"0.1","0.07","0.01"
"2026-07-11","Vermont","All",,"0.05","0.05","0.02"
"2026-07-11","Virginia","All",,"0.1","0.08","0.02"
"2026-07-11","Wyoming","All",,"0.49","0.26","0.04"
"2026-07-18","Alabama","All",,"0.22","0.1","0.06"
"2026-07-18","Arizona","All",,"0.15","0.09","0"
"2026-07-18","Arkansas","All",,"0.13","0.03","0.04"
"2026-07-18","Florida","All",,"0.54","0.2","0.06"
"2026-07-18","Idaho","All",,"0.17","0.09","0.01"
"2026-07-18","Iowa","All",,,,
"2026-07-18","Kansas","All",,"0.06","0.02","0.01"
"2026-07-18","Kentucky","All",,"0.09","0.04","0.04"
"2026-07-18","Louisiana","All",,"0.38","0.07","0.03"
"2026-07-18","Nebraska","All",,"0.03","0.01","0.03"
"2026-07-18","Nevada","All",,"0.2","0.14","0.01"
"2026-07-18","New Jersey","All",,"0.12","0.06","0.02"
"2026-07-18","New York","All",,"0.13","0.04","0.01"
"2026-07-18","South Dakota","All",,"0.06","0.02","0.03"
"2026-07-18","Utah","All",,"0.13","0.05","0.01"
"2026-07-18","Vermont","All",,"0.11","0.02","0"
"2026-07-18","Virginia","All",,"0.12","0.06","0.02"
"2026-07-18","Washington","All",,"0.1","0.1","0.02"
"2026-07-18","Wisconsin","All",,"0.04","0.02","0.01"
"2026-07-18","Wyoming","All",,"0.47","0.32","0.06"
"2026-07-25","Alaska","All",,"0.31","0.25","0"
"2026-07-25","Arizona","All",,"0.21","0.1","0.01"
"2026-07-25","Connecticut","All",,"0.15","0.03","0.01"
"2026-07-25","Iowa","All",,,,
"2026-07-25","Maine","All",,"0.06","0.05","0.01"
"2026-07-25","Nebraska","All",,"0.05","0.02","0.01"
"2026-07-25","Ohio","All",,"0.05","0.01","0.01"
"2026-07-25","Oklahoma","All",,"0.05","0.04","0.01"
"2026-07-25","Tennessee","All",,"0.18","0.11","0.04"
"2026-07-25","Utah","All",,"0.09","0.05","0.03"
"2026-08-01","Alabama","All",,"0.33","0.08","0.05"
"2026-08-01","Arkansas","All",,"0.19","0.07","0.04"
"2026-08-01","Maine","All",,"0.05","0.03","0.01"
"2026-08-01","Maryland","All",,"0.11","0.04","0.01"
"2026-08-01","Minnesota","All",,"0.09","0.03","0.02"
"2026-08-01","Nevada","All",,"0.32","0.09","0.01"
"2026-08-01","New Mexico","All",,"0.16","0.03","0.02"
"2026-08-01","Utah","All",,"0.14","0.06","0.01"
"2026-08-01","West Virginia","All",,"0.07","0.04","0.01"
"2026-08-08","Alabama","All",,"0.39","0.1","0.07"
"2026-08-08","Arkansas","All",,"0.29","0.04","0.03"
"2026-08-08","Florida","All",,"0.71","0.2","0.08"
"2026-08-08","Iowa","All",,,,
"2026-08-08","Maine","All",,"0.05","0.04","0"
"2026-08-08","Michigan","All",,"0.08","0.05","0.01"
"2026-08-08","Minnesota","All",,"0.11","0.05","0.01"
"2026-08-08","Nebraska","All",,"0.07","0.04","0"
"2026-08-08","New Hampshire","All",,"0.09","0.09","0"
"2026-08-08","New Jersey","All",,"0.19","0.06","0.01"
"2026-08-08","New Mexico","All",,"0.2","0.04","0"
"2026-08-08","North Carolina","All",,"0.34","0.29","0.02"
"2026-08-08","North Dakota","All",,"0.07","0.01","0"
"2026-08-08","South Carolina","All",,"0.29","0.05","0.02"
"2026-08-08","South Dakota","All",,"0.08","0","0"
"2026-08-08","Washington","All",,"0.26","0.1","0.01"
"2026-08-08","West Virginia","All",,"0.07","0.04","0.03"
"2026-08-08","Wyoming","All",,"0.44","0.35","0.04"
"2026-08-15","Florida","All",,"0.83","0.22","0.08"
"2026-08-15","Georgia","All",,"0.69","0.1","0.03"
"2026-08-15","Hawaii","All",,"0.98","0.31","0.09"
"2026-08-15","Louisiana","All",,"0.87","0.07","0.03"
"2026-08-15","Missouri","All",,"0.16","0.06","0.01"
"2026-08-15","Nevada","All",,"0.5","0.13","0"
"2026-08-15","New York","All",,"0.22","0.04","0.01"
"2026-08-15","North Dakota","All",,"0.06","0.03","0"
"2026-08-15","West Virginia","All",,"0.13","0.07","0.01"
"2026-08-22","Florida","All",,"1.01","0.27","0.08"
"2026-08-22","Kansas","All",,"0.14","0.06","0"
"2026-08-22","Kentucky","All",,"0.28","0.06","0.05"
"2026-08-22","Louisiana","All",,"1.29","0.1","0.03"
"2026-08-22","Mississippi","All",,"0.98","0.2","0.04"
"2026-08-22","Nebraska","All",,"0.13","0.03","0.01"
"2026-08-22","New Hampshire","All",,"0.16","0.04","0"
"2026-08-22","New Mexico","All",,"0.29","0.09","0.01"
"2026-08-22","Oregon","All",,"0.33","0.07","0.01"
"2026-08-22","Rhode Island","All",,"0.16","0.07","0.02"
"2026-08-22","South Carolina","All",,"0.58","0.08","0.01"
"2026-08-22","Utah","All",,"0.25","0.08","0"
"2026-08-29","Alaska","All",,"0.31","0.83","0"
"2026-08-29","Arizona","All",,"0.64","0.1","0.01"
"2026-08-29","Hawaii","All",,"1.59","0.53","0.11"
"2026-08-29","Illinois","All",,"0.2","0.07","0.02"
"2026-08-29","Iowa","All",,,,
"2026-08-29","Kansas","All",,"0.14","0.09","0"
"2026-08-29","Maine","All",,"0.07","0.07","0"
"2026-08-29","Michigan","All",,"0.1","0.06","0"
"2026-08-29","New Jersey","All",,"0.34","0.12","0.04"
"2026-08-29","New Mexico","All",,"0.34","0.08","0"
"2026-08-29","Rhode Island","All",,"0.14","0.06","0.01"
"2026-09-05","Arizona","All",,"0.65","0.11","0"
"2026-09-05","California","All",,"0.84","0.25","0.01"
"2026-09-05","District of Columbia","All",,"0.19","0.11","0.03"
"2026-09-05","Hawaii","All",,"1.75","0.6","0.2"
"2026-09-05","Kentucky","All",,"0.38","0.09","0.03"
"2026-09-05","Maine","All",,"0.07","0.08","0"
"2026-09-05","Michigan","All",,"0.15","0.09","0.01"
"2026-09-05","Minnesota","All",,"0.23","0.12","0"
"2026-09-05","Nevada","All",,"0.74","0.17","0.01"
"2026-09-05","New Hampshire","All",,"0.23","0.14","0.01"
"2026-09-05","New Jersey","All",,"0.42","0.11","0.03"
"2026-09-05","Oklahoma","All",,"0.33","0.1","0.01"
"2026-09-05","Rhode Island","All",,"0.24","0.04","0.01"
"2026-09-05","United States","All",,"0.64","0.2","0.03"
"2026-09-05","Vermont","All",,"0.21","0.03","0"
"2026-09-05","Washington","All",,"0.6","0.36","0.01"
"2026-09-12","Alabama","All",,"0.78","0.5","0.12"
"2026-09-12","Colorado","All",,"0.23","0.15","0.01"
"2026-09-12","Connecticut","All",,"0.49","0.09","0.01"
"2026-09-12","Hawaii","All",,"1.47","1.02","0.21"
"2026-09-12","Idaho","All",,"0.52","0.2","0"
"2026-09-12","Kansas","All",,"0.2","0.07","0.02"
"2026-09-12","Mississippi","All",,"0.61","0.27","0.05"
"2026-09-12","Montana","All",,"0.2","0.2","0.01"
"2026-09-12","New Jersey","All",,"0.53","0.18","0.03"
"2026-09-12","North Carolina","All",,"0.93","0.82","0.03"
"2026-09-12","South Carolina","All",,"0.73","0.18","0.02"
"2026-09-12","Texas","All",,"1.31","0.37","0.05"
"2026-09-12","United States","All",,"0.62","0.26","0.03"
"2026-09-12","West Virginia","All",,"0.29","0.05","0.03"
"2026-09-19","Alabama","All",,"0.45","0.55","0.06"
"2026-09-19","Alaska","All",,"0.33","1.8","0"
"2026-09-19","California","All",,"0.81","0.45","0.02"
"2026-09-19","Florida","All",,"0.91","0.64","0.13"
"2026-09-19","Illinois","All",,"0.19","0.16","0.02"
"2026-09-19","Indiana","All",,"0.15","0.12","0.02"
"2026-09-19","Iowa","All",,,,
"2026-09-19","Kansas","All",,"0.17","0.09","0.02"
"2026-09-19","Nebraska","All",,"0.14","0.05","0.01"
"2026-09-19","North Carolina","All",,"0.76","0.82","0.03"
"2026-09-19","Oklahoma","All",,"0.26","0.16","0.02"
"2026-09-19","Pennsylvania","All",,"0.24","0.12","0.01"
"2026-09-19","Rhode Island","All",,"0.27","0.09","0.02"
"2026-09-19","United States","All",,"0.52","0.31","0.03"
"2026-09-19","Vermont","All",,"0.14","0.03","0"
